SeniorCitizen,Partner,Dependents,tenure,PhoneService,PaperlessBilling,MonthlyCharges,TotalCharges,TenureYears,IsNewCustomer,IsLongTermCustomer,EstimatedAnnualCharges,ChargePerTenureMonth,OnlineSecurity_Flag,OnlineBackup_Flag,DeviceProtection_Flag,TechSupport_Flag,StreamingTV_Flag,StreamingMovies_Flag,TotalAdditionalServices,HasFamily,HighMonthlyCharge,MonthToMonth,ElectronicCheck,gender_Male,MultipleLines_No phone service,MultipleLines_Yes,InternetService_Fiber optic,InternetService_No,OnlineSecurity_No internet service,OnlineSecurity_Yes,OnlineBackup_No internet service,OnlineBackup_Yes,DeviceProtection_No internet service,DeviceProtection_Yes,TechSupport_No internet service,TechSupport_Yes,StreamingTV_No internet service,StreamingTV_Yes,StreamingMovies_No internet service,StreamingMovies_Yes,Contract_One year,Contract_Two year,PaymentMethod_Credit card (automatic),PaymentMethod_Electronic check,PaymentMethod_Mailed check,Churn,ChurnProbability,RiskLevel
0,1,1,1.6084834273893616,1,1,1.6299763471022684,2.7068275180093,1.6084834273893618,0,1,1.629976347102268,1.7429493340558255,1,1,1,1,1,1,6,1,1,0,0,1,0,1,1,0,0,1,0,1,0,1,0,1,0,1,0,1,0,1,1,0,0,0,0.11218610573881414,Low
1,0,0,-0.9966836022806536,1,1,1.1687252637656007,-0.6102604053986738,-0.9966836022806536,0,0,1.168725263765601,1.6091026810118934,0,0,0,1,1,1,3,0,1,1,0,0,0,1,1,0,0,0,0,0,0,0,0,1,0,1,0,1,0,0,1,0,0,0,0.8449958780696493,High
0,1,1,0.346605647392948,1,1,0.4453242841440638,0.4001160679612529,0.3466056473929479,0,0,0.4453242841440637,0.4428470401389374,1,1,1,0,1,0,4,1,1,0,0,0,0,1,0,0,0,1,0,1,0,1,0,0,0,1,0,0,1,0,1,0,0,0,0.13837968950980353,Low
0,1,0,-0.5896262538947137,1,0,0.4403467544677691,-0.3644510551386555,-0.5896262538947137,0,0,0.4403467544677691,0.5512200956917953,0,0,1,1,0,0,2,1,1,1,1,1,0,0,1,0,0,0,0,0,0,1,0,1,0,0,0,0,0,0,0,1,0,0,0.6058585811748515,High
0,1,0,1.6084834273893616,1,1,0.5880134681978536,1.5884213016397044,1.6084834273893618,0,1,0.5880134681978534,0.5716015517003735,1,1,1,0,1,1,5,1,1,0,0,0,0,1,0,0,0,1,0,1,0,1,0,0,0,1,0,1,0,1,1,0,0,0,0.06933265818089113,Low
0,0,0,-0.4675090493789317,1,1,1.1587702044130104,-0.1346136083942828,-0.4675090493789317,0,0,1.15877020441301,0.9908345447967736,0,1,0,0,1,1,3,0,1,1,0,0,0,1,1,0,0,0,0,1,0,0,0,0,0,1,0,1,0,0,1,0,0,0,0.7805626559649509,High
0,0,0,-0.4675090493789317,1,1,1.135541732590301,-0.1504758147703979,-0.4675090493789317,0,0,1.1355417325903012,0.9338754491838176,0,1,0,1,1,1,4,0,1,1,0,0,0,0,1,0,0,0,0,1,0,0,0,1,0,1,0,1,0,0,0,0,0,0,0.6590078335705941,High
0,0,1,-0.5489205190561197,1,1,-1.3548822821159523,-0.8162058151532963,-0.5489205190561197,0,0,-1.3548822821159523,-1.3838294177145665,0,0,0,0,0,0,0,1,0,1,0,1,0,1,0,1,1,0,1,0,1,0,1,0,1,0,1,0,0,0,1,0,0,0,0.256773190249811,Low
0,1,1,1.1607203441648275,1,0,-1.4992306427285067,-0.4334066770475485,1.1607203441648275,0,1,-1.499230642728507,-1.4372388551326465,0,0,0,0,0,0,0,1,0,0,0,0,0,0,0,1,1,0,1,0,1,0,1,0,1,0,1,0,0,1,1,0,0,0,0.014998079496564773,Low
1,0,0,-0.6303319887333076,1,1,-0.6596873039934208,-0.6707912869916218,-0.6303319887333076,0,0,-0.6596873039934211,-0.6488190565617993,0,0,0,0,0,0,0,0,0,1,1,1,0,0,0,0,0,0,0,0,0,0,0,0,0,0,0,0,0,0,0,1,0,1,0.5692347637221322,Medium
0,1,1,1.5270719577121736,1,1,1.3645080976998696,2.3057089576019534,1.5270719577121736,0,1,1.3645080976998694,1.4220298670905434,1,1,0,0,1,1,4,1,1,1,1,1,0,1,1,0,0,1,0,1,0,0,0,0,0,1,0,1,0,0,0,1,0,0,0.5403727739453701,Medium
1,1,0,1.6084834273893616,1,1,1.6565231720425082,2.6408995371514496,1.6084834273893618,0,1,1.6565231720425075,1.6739005456614882,1,1,1,1,1,1,6,1,1,0,0,0,0,1,1,0,0,1,0,1,0,1,0,1,0,1,0,1,0,1,0,0,0,0,0.1453235176068475,Low
0,0,0,0.6722515261016999,0,1,-1.1524627419466231,-0.3713180960732669,0.6722515261016998,0,1,-1.1524627419466236,-1.1674548693095868,0,0,1,0,0,0,1,0,0,1,0,1,1,0,0,0,0,0,0,0,0,1,0,0,0,0,0,0,0,0,0,0,0,0,0.39419146849419645,Medium
1,0,0,-0.8745663977648716,1,1,0.659358060224748,-0.6110063459474814,-0.8745663977648717,0,0,0.6593580602247476,0.5791362357039542,0,0,0,0,0,1,1,0,1,1,0,0,0,1,1,0,0,0,0,0,0,0,0,0,0,0,0,1,0,0,1,0,0,1,0.8244456644782465,High
0,0,1,-0.5489205190561197,1,0,-0.5352490620860464,-0.5904710414273655,-0.5489205190561197,0,0,-0.5352490620860467,-0.4879209347855493,0,0,0,1,0,0,1,1,0,1,0,0,0,0,0,0,0,0,0,0,0,0,0,1,0,0,0,0,0,0,0,0,1,0,0.23517310136407862,Low
0,1,1,1.6084834273893616,1,1,0.6494030008721581,1.6812250816825351,1.6084834273893618,0,1,0.649403000872158,0.6687983486747652,0,0,0,0,0,1,1,1,1,0,0,1,0,1,1,0,0,0,0,0,0,0,0,0,0,0,0,1,0,1,1,0,0,0,0.161411277056674,Low
0,1,1,-0.9966836022806536,1,0,-1.5075265255223318,-0.9390007931437748,-0.9966836022806536,0,0,-1.5075265255223318,-1.4896139272099875,0,0,0,0,0,0,0,1,0,0,0,0,0,0,0,1,1,0,1,0,1,0,1,0,1,0,1,0,0,1,0,0,0,0,0.047883902939913854,Low
0,0,1,-0.7117434584104956,1,1,0.8650959535116071,-0.381432172337982,-0.7117434584104957,0,0,0.865095953511607,1.0058345611241692,0,1,0,0,1,0,2,1,1,1,1,1,0,1,1,0,0,0,0,1,0,0,0,0,0,1,0,0,0,0,0,1,0,0,0.7874587902460647,High
0,1,0,1.4049547531963915,1,1,1.352893861788515,1.9822779114101297,1.4049547531963915,0,1,1.352893861788515,1.2178925180230311,0,1,1,0,1,1,4,1,1,0,0,0,0,1,1,0,0,0,0,1,0,1,0,0,0,1,0,1,1,0,0,0,0,0,0.4119565725971509,Medium
0,1,0,-0.2639803751859618,0,0,-0.9799083798350644,-0.5795232669022184,-0.2639803751859618,0,0,-0.9799083798350644,-0.903299304282794,1,0,1,0,0,0,2,1,0,0,0,0,1,0,0,0,0,1,0,0,0,1,0,0,0,0,0,0,1,0,1,0,0,0,0.18508320359529007,Low
1,0,0,-1.2409180113122174,1,1,0.3291819250305144,-0.9402952193902352,-1.2409180113122176,1,0,0.3291819250305142,0.4388118851010803,0,0,0,0,0,0,0,0,1,1,0,1,0,1,1,0,0,0,0,0,0,0,0,0,0,0,0,0,0,0,0,0,1,1,0.9023109180461127,High
0,1,0,-0.4675090493789317,0,0,-1.208874744944633,-0.732770170826373,-0.4675090493789317,0,0,-1.208874744944633,-1.1570669528403594,1,0,0,0,0,0,1,1,0,1,1,0,1,0,0,0,0,1,0,0,0,0,0,0,0,0,0,0,0,0,0,1,0,0,0.44400641540127533,Medium
0,1,0,0.6722515261016999,1,1,-1.4892755833759168,-0.6038760318779968,0.6722515261016998,0,1,-1.4892755833759168,-1.5253484161366997,0,0,0,0,0,0,0,1,0,0,0,0,0,0,0,1,1,0,1,0,1,0,1,0,1,0,1,0,1,0,0,0,0,0,0.07775546909668976,Low
0,1,1,-0.4675090493789317,1,0,-1.497571466169742,-0.8553018756819782,-0.4675090493789317,0,0,-1.497571466169742,-1.5970621796707365,0,0,0,0,0,0,0,1,0,0,0,1,0,0,0,1,1,0,1,0,1,0,1,0,1,0,1,0,1,0,0,0,1,0,0.07656181878188965,Low
0,1,0,0.7536629957788878,1,0,0.1400357973313056,0.5924809718419956,0.753662995778888,0,1,0.1400357973313055,0.2191317151851587,0,0,0,0,0,0,0,1,0,1,0,0,0,0,1,0,0,0,0,0,0,0,0,0,0,0,0,0,0,0,0,0,1,0,0.43691021057998547,Medium
1,1,0,-0.6710377235719016,1,1,-0.3444437578280723,-0.6468773105739657,-0.6710377235719017,0,0,-0.3444437578280726,-0.4423701402348404,1,1,0,0,0,0,2,1,0,1,0,1,0,0,0,0,0,1,0,1,0,0,0,0,0,0,0,0,0,0,0,0,0,0,0.3678190720432315,Medium
0,0,0,-0.4268033145403377,1,0,0.8070247739548323,-0.1717789992672274,-0.4268033145403377,0,0,0.8070247739548322,0.7207389967892769,0,0,0,0,1,1,2,0,1,1,1,0,0,0,1,0,0,0,0,0,0,0,0,0,0,1,0,1,0,0,0,1,0,1,0.7522104620329596,High
0,1,0,-0.7931549280876836,1,1,1.2384106792337304,-0.4126080993925594,-0.7931549280876837,0,0,1.2384106792337302,1.3103060463850524,0,0,1,0,1,1,3,1,1,1,0,1,0,1,1,0,0,0,0,0,0,1,0,0,0,1,0,1,0,0,1,0,0,1,0.8445231947926906,High
0,0,1,0.428017117070136,1,1,-1.3216987509406526,-0.5393521744061371,0.428017117070136,0,0,-1.3216987509406526,-1.325216197819803,0,0,0,0,0,0,0,1,0,0,1,0,0,1,0,1,1,0,1,0,1,0,1,0,1,0,1,0,0,1,0,1,0,0,0.047994369982905766,Low
0,0,0,-1.2002122764736234,1,1,0.8136614801898924,-0.90341504108007,-1.2002122764736236,1,0,0.8136614801898924,0.5033340141564208,0,0,0,0,1,1,2,0,1,1,1,0,0,0,1,0,0,0,0,0,0,0,0,0,0,1,0,1,0,0,0,1,0,1,0.9324757678297448,High
1,0,0,0.8757802002946699,1,1,0.8335715988950722,1.155095661066193,0.8757802002946699,0,1,0.8335715988950718,0.8732486324917419,0,1,0,0,0,1,2,0,1,1,1,1,0,1,1,0,0,0,0,1,0,0,0,0,0,0,0,1,0,0,0,1,0,0,0.7247600890124977,High
0,0,1,-1.281623746150811,0,0,-1.3515639289984225,-0.9983030667739812,-1.2816237461508115,1,0,-1.3515639289984227,-1.3479547656622042,0,0,0,0,0,0,0,1,0,1,0,1,1,0,0,0,0,0,0,0,0,0,0,0,0,0,0,0,0,0,0,0,1,0,0.6836843330391906,High
0,1,1,1.4863662228735797,1,1,-1.472683817788267,-0.3932575239793734,1.4863662228735797,0,1,-1.472683817788267,-1.4758481273794797,0,0,0,0,0,0,0,1,0,0,0,1,0,0,0,1,1,0,1,0,1,0,1,0,1,0,1,0,1,0,1,0,0,0,0.039040129028743153,Low
0,0,0,1.2014260790034217,1,0,-1.3781107539386623,-0.3816076877612308,1.201426079003422,0,1,-1.3781107539386626,-1.3857127526817687,0,0,0,0,0,0,0,0,0,0,0,1,0,1,0,1,1,0,1,0,1,0,1,0,1,0,1,0,0,1,0,0,0,0,0.02468301929974724,Low
0,0,0,-1.2409180113122174,1,1,0.8451858348064274,-0.935117514404394,-1.2409180113122176,1,0,0.8451858348064275,0.6340326858326241,0,0,0,0,1,1,2,0,1,1,1,0,0,0,1,0,0,0,0,0,0,0,0,0,0,1,0,1,0,0,0,1,0,1,0.9339582738250892,High
1,1,1,1.2014260790034217,1,1,1.034331962505636,1.6323001574519176,1.201426079003422,0,1,1.0343319625056355,1.0637265833421998,0,1,1,0,0,1,3,1,1,1,0,0,0,1,1,0,0,0,0,1,0,1,0,0,0,0,0,1,0,0,1,0,0,0,0.5430959492735465,Medium
1,0,0,-1.2409180113122174,1,0,-0.6630056571109506,-0.971558904156437,-1.2409180113122176,1,0,-0.6630056571109506,-0.739957780333031,0,0,0,0,0,0,0,0,0,1,0,1,0,0,0,0,0,0,0,0,0,0,0,0,0,0,0,0,0,0,0,0,1,1,0.6593083579046557,High
0,1,1,1.4863662228735797,1,0,-1.494253113052212,-0.4136173130762403,1.4863662228735797,0,1,-1.494253113052212,-1.4980987909853345,0,0,0,0,0,0,0,1,0,0,0,1,0,0,0,1,1,0,1,0,1,0,1,0,1,0,1,0,0,1,0,0,0,0,0.01219850800352041,Low
0,0,0,-1.281623746150811,1,1,0.3175676891191596,-0.9762320023004376,-1.2816237461508115,1,0,0.3175676891191595,0.3163852812524848,0,0,0,0,0,0,0,0,1,1,1,0,0,1,1,0,0,0,0,0,0,0,0,0,0,0,0,0,0,0,0,1,0,1,0.9186120854154419,High
0,0,0,-0.0604517009929918,1,1,-0.3212152860053623,-0.2561141601383011,-0.0604517009929917,0,0,-0.3212152860053625,-0.3174685870604043,0,0,1,1,0,0,2,0,0,1,1,1,0,0,0,0,0,0,0,0,0,1,0,1,0,0,0,0,0,0,0,1,0,1,0.36688160454439467,Medium
1,0,0,1.4863662228735797,1,0,-1.480979700582092,-0.4137928284994892,1.4863662228735797,0,1,-1.480979700582092,-1.4982906070509026,0,0,0,0,0,0,0,0,0,0,0,1,0,0,0,1,1,0,1,0,1,0,1,0,1,0,1,0,0,1,1,0,0,0,0.01690788714105847,Low
0,1,0,-1.2409180113122174,1,1,0.8800285425404921,-0.9336914515904972,-1.2409180113122176,1,0,0.8800285425404921,0.6878011267120748,0,0,1,0,1,0,2,1,1,1,1,1,0,1,1,0,0,0,0,0,0,1,0,0,0,1,0,0,0,0,0,1,0,0,0.9376244445267163,High
0,0,0,0.0209597686841961,1,1,0.1815152113004305,0.0468473998171247,0.0209597686841961,0,0,0.1815152113004303,0.2638451171110726,0,0,0,0,0,0,0,0,1,1,0,0,0,0,1,0,0,0,0,0,0,0,0,0,0,0,0,0,0,0,0,0,0,0,0.5421344197962744,Medium
0,1,0,-1.2002122764736234,1,1,-1.5042081724048018,-0.9846786820442888,-1.2002122764736236,1,0,-1.5042081724048018,-1.5393152680741975,0,0,0,0,0,0,0,1,0,1,0,0,0,0,0,1,1,0,1,0,1,0,1,0,1,0,1,0,0,0,0,0,1,0,0.49485893724695856,Medium
0,0,0,0.46872285190873,1,0,0.0155975554239312,0.2085190440572242,0.4687228519087299,0,0,0.0155975554239311,-0.062212223093801,1,0,0,1,1,0,3,0,0,0,1,1,0,0,0,0,0,1,0,0,0,0,0,1,0,1,0,0,1,0,0,1,0,0,0.11395705868702344,Low
0,0,0,-0.9152721326034656,1,1,1.498901398959834,-0.5511336471917164,-0.9152721326034656,0,0,1.4989013989598334,1.3034084144426472,1,1,1,1,1,1,6,0,1,1,1,1,0,0,1,0,0,1,0,1,0,1,0,1,0,1,0,1,0,0,0,1,0,1,0.7298238677821847,High
0,0,0,-0.9966836022806536,1,1,0.3424553375006345,-0.7558723884115032,-0.9966836022806536,0,0,0.3424553375006344,0.2365598267160697,0,0,0,0,0,0,0,0,1,1,1,0,0,1,1,0,0,0,0,0,0,0,0,0,0,0,0,0,0,0,0,1,0,0,0.8188625023206557,High
0,0,0,-0.9966836022806536,1,1,0.057076969393056,-0.780334850526812,-0.9966836022806536,0,0,0.0570769693930559,0.0059759360215023,0,1,0,1,1,0,3,0,0,1,1,1,0,0,0,0,0,0,0,1,0,0,0,1,0,1,0,0,0,0,0,1,0,0,0.5484504973669042,Medium
0,1,1,1.4863662228735797,1,1,-1.4793205240233267,-0.375903436505643,1.4863662228735797,0,1,-1.479320524023327,-1.4568823138964713,0,0,0,0,0,0,0,1,0,0,0,0,0,0,0,1,1,0,1,0,1,0,1,0,1,0,1,0,1,0,1,0,0,0,0.038026980545993544,Low
0,0,0,-0.3860975797017437,1,0,0.3540695734119893,-0.2372681915669556,-0.3860975797017437,0,0,0.3540695734119891,0.3812670654307652,0,0,0,0,0,0,0,0,1,1,0,0,0,1,1,0,0,0,0,0,0,0,0,0,0,0,0,0,0,0,0,0,0,1,0.5984860290037098,Medium
0,0,0,1.3642490183577978,1,0,-1.3216987509406526,-0.2639904147565934,1.3642490183577978,0,1,-1.3216987509406526,-1.2975703525304114,0,0,0,0,0,0,0,0,0,0,0,1,0,1,0,1,1,0,1,0,1,0,1,0,1,0,1,0,0,1,0,0,1,0,0.021741946885840604,Low
0,1,1,-1.281623746150811,1,1,1.2450473854687905,-0.9639678621009242,-1.2816237461508115,1,0,1.2450473854687905,1.2412024643790367,1,0,1,0,1,1,4,1,1,1,1,0,0,1,1,0,0,1,0,0,0,1,0,0,0,1,0,1,0,0,0,1,0,1,0.9269723202093061,High
0,0,0,-1.2002122764736234,1,0,-1.4925939364934466,-0.9834720135094528,-1.2002122764736236,1,0,-1.492593936493447,-1.5089843527063027,0,0,0,0,0,0,0,0,0,1,0,0,0,0,0,1,1,0,1,0,1,0,1,0,1,0,1,0,0,0,0,0,1,0,0.4001940500052048,Medium
0,0,1,-1.1188008067964357,1,1,-0.4622452935003867,-0.8830771914111092,-1.1188008067964357,1,0,-0.4622452935003868,-0.2507476890083058,0,0,0,1,0,0,1,1,0,1,0,0,0,0,0,0,0,0,0,0,0,0,0,1,0,0,0,0,0,0,0,0,1,0,0.5582744509817071,Medium
0,0,1,-1.281623746150811,1,0,-0.4556085872653266,-0.9864557757046836,-1.2816237461508115,1,0,-0.4556085872653266,-0.4545714402805619,1,0,0,0,0,0,1,1,0,1,0,0,0,0,0,0,0,1,0,0,0,0,0,0,0,0,0,0,0,0,0,0,1,0,0.4748559911659084,Medium
0,0,0,-0.9559778674420596,1,1,0.4220958123213543,-0.695560901097616,-0.9559778674420596,0,0,0.4220958123213542,0.4768633971080759,0,0,0,0,1,0,1,0,1,1,0,0,0,0,1,0,0,0,0,0,0,0,0,0,0,1,0,0,0,0,0,0,0,1,0.7591873577866366,High
0,1,1,0.143076973199978,1,1,-0.0408144475740785,-0.0486329904302511,0.1430769731999781,0,0,-0.0408144475740785,-0.1371997712946762,1,0,1,0,0,1,3,1,0,0,0,1,0,0,0,0,0,1,0,0,0,1,0,0,0,0,0,1,1,0,1,0,0,0,0.1558766282145192,Low
0,1,1,1.4456604880349857,1,1,0.6825865320474579,1.4906811503179995,1.445660488034986,0,1,0.6825865320474578,0.623230338434219,1,1,0,0,0,0,2,1,1,0,0,1,0,1,1,0,0,1,0,1,0,0,0,0,0,0,0,0,1,0,0,0,0,0,0.1751179745316929,Low
0,1,1,0.1023712383613841,0,0,-0.7973989583709151,-0.401813900862755,0.102371238361384,0,0,-0.7973989583709153,-0.8406642975142792,0,0,0,1,1,0,2,1,0,0,0,0,1,0,0,0,0,0,0,0,0,0,0,1,0,1,0,0,1,0,0,0,1,0,0.16606816546071243,Low
0,1,1,1.1200146093262338,1,0,-1.472683817788267,-0.4801595979154616,1.1200146093262338,0,1,-1.472683817788267,-1.484140575664054,0,0,0,0,0,0,0,1,0,0,0,1,0,0,0,1,1,0,1,0,1,0,1,0,1,0,1,0,0,1,0,0,1,0,0.015490975412830735,Low
0,1,1,1.6084834273893616,1,0,0.3192268656779245,1.3739853332854182,1.6084834273893618,0,1,0.3192268656779242,0.3470149101808215,1,1,0,1,1,0,4,1,1,0,0,0,0,1,0,0,0,1,0,1,0,0,0,1,0,1,0,0,0,1,0,0,1,0,0.021635226982736733,Low
0,0,0,0.5094285867473239,1,1,-1.477661347464562,-0.600650935975799,0.509428586747324,0,0,-1.477661347464562,-1.464535774912623,0,0,0,0,0,0,0,0,0,0,1,1,0,0,0,1,1,0,1,0,1,0,1,0,1,0,1,0,1,0,0,1,0,1,0.09464025485655213,Low
0,1,1,0.183782708038572,1,0,0.8717326597466671,0.4160660320489926,0.1837827080385721,0,0,0.8717326597466671,0.7555202981980857,0,0,0,0,1,1,2,1,1,0,0,1,0,0,1,0,0,0,0,0,0,0,0,0,0,1,0,1,1,0,1,0,0,0,0.36300113563861525,Medium
0,1,1,-1.0373893371192475,1,0,-0.4722003528529765,-0.8551921785424477,-1.0373893371192475,0,0,-0.4722003528529765,-0.4926229522875577,1,0,0,0,0,0,1,1,0,1,0,0,0,0,0,0,0,1,0,0,0,0,0,0,0,0,0,0,0,0,0,0,1,0,0.2870939699705181,Low
0,0,0,-1.1595065416350294,1,0,-0.4722003528529765,-0.942533041036658,-1.1595065416350294,1,0,-0.4722003528529765,-0.8971270690575791,0,1,0,0,0,0,1,0,0,1,0,0,0,0,0,0,0,0,0,1,0,0,0,0,0,0,0,0,0,0,1,0,0,1,0.5538007226370293,Medium
0,0,0,-1.281623746150811,1,1,-0.3328295219167173,-0.9848322580396316,-1.2816237461508115,1,0,-0.3328295219167175,-0.3321448364319666,1,1,0,0,0,0,2,0,0,1,1,0,0,0,0,0,0,1,0,1,0,0,0,0,0,0,0,0,0,0,0,1,0,1,0.6735479033904547,High
0,0,0,-1.1595065416350294,1,1,-0.1503201004525682,-0.8895054437875983,-1.1595065416350294,1,0,-0.1503201004525684,0.102552327908823,1,1,0,1,0,0,3,0,0,1,0,0,0,0,0,0,0,1,0,1,0,0,0,1,0,0,0,0,0,0,0,0,1,1,0.5002354929949965,Medium
0,1,0,-0.5896262538947137,1,1,-0.5103614137045716,-0.6235118198539621,-0.5896262538947137,0,0,-0.5103614137045719,-0.534075203290348,0,0,1,0,0,0,1,1,0,1,0,1,0,0,0,0,0,0,0,0,0,1,0,0,0,0,0,0,0,0,0,0,1,1,0.441653138661893,Medium
0,0,0,-0.8338606629262776,1,0,0.3026351000902746,-0.6260129146352582,-0.8338606629262776,0,0,0.3026351000902743,0.2575157318793426,0,0,0,1,1,1,3,0,1,0,0,0,0,1,0,0,0,0,0,0,0,0,0,1,0,1,0,1,1,0,0,0,1,1,0.34383682929767106,Medium
0,1,1,-1.281623746150811,1,1,0.5017362871420736,-0.9737967258028598,-1.2816237461508115,1,0,0.5017362871420734,0.5000251870253779,0,0,0,0,1,0,1,1,1,1,0,0,0,0,1,0,0,0,0,0,0,0,0,0,0,1,0,0,0,0,0,0,1,1,0.8630843330567554,High
0,1,1,1.6084834273893616,1,0,-1.3250171040581826,-0.2459123261619615,1.6084834273893618,0,1,-1.3250171040581826,-1.34956322329535,0,0,0,0,0,0,0,1,0,0,0,1,0,1,0,1,1,0,1,0,1,0,1,0,1,0,1,0,0,1,0,0,0,0,0.015397903549427902,Low
0,1,0,0.387311382231542,1,0,-1.4826388771408567,-0.6423139095694954,0.387311382231542,0,0,-1.482638877140857,-1.490470677092133,0,0,0,0,0,0,0,1,0,0,1,1,0,0,0,1,1,0,1,0,1,0,1,0,1,0,1,0,0,1,0,1,0,0,0.03443881891544589,Low
1,0,0,-0.3453918448631497,1,1,0.3706613389996392,-0.2574085863847614,-0.3453918448631498,0,0,0.370661338999639,0.2125708300160068,0,0,0,0,0,0,0,0,1,1,1,1,0,1,1,0,0,0,0,0,0,0,0,0,0,0,0,0,0,0,0,1,0,1,0.7776115810991142,High
0,1,1,-0.2639803751859618,1,0,0.465234402849244,-0.1163161255205899,-0.2639803751859618,0,0,0.465234402849244,0.4401481422116937,0,0,0,0,0,1,1,1,1,0,0,1,0,0,1,0,0,0,0,0,0,0,0,0,0,0,0,1,1,0,0,0,0,0,0.37070460887961143,Medium
0,1,1,1.4456604880349857,1,1,0.2677923923562099,1.2565435757040295,1.445660488034986,0,1,0.2677923923562097,0.3635847270923645,1,1,1,0,1,0,4,1,1,0,0,0,0,1,0,0,0,1,0,1,0,1,0,0,0,1,0,0,1,0,1,0,0,0,0.10231348678104214,Low
0,0,0,-0.6303319887333076,1,0,-1.494253113052212,-0.8671272273233697,-0.6303319887333076,0,0,-1.494253113052212,-1.5197218211413543,0,0,0,0,0,0,0,0,0,0,0,0,0,0,0,1,1,0,1,0,1,0,1,0,1,0,1,0,1,0,0,0,0,0,0.09703284072035005,Low
0,1,1,1.0793088744876398,1,1,1.5320849301351338,1.8674250063216615,1.07930887448764,0,1,1.5320849301351331,1.5275842566616076,1,1,0,1,1,1,5,1,1,0,0,1,0,1,1,0,0,1,0,1,0,0,0,1,0,1,0,1,0,1,0,0,1,0,0.1412860329890111,Low
0,1,1,-0.7931549280876836,1,1,0.3142493360016298,-0.6154381103845149,-0.7931549280876837,0,0,0.3142493360016297,0.1337634761352971,0,0,0,0,0,0,0,1,1,1,0,1,0,1,1,0,0,0,0,0,0,0,0,0,0,0,0,0,0,0,1,0,0,1,0.7043509093938067,High
0,0,0,-1.2409180113122174,1,1,-1.4760021709057969,-0.990295175588252,-1.2409180113122176,1,0,-1.476002170905797,-1.4463923728107368,0,0,0,0,0,0,0,0,0,1,0,0,0,0,0,1,1,0,1,0,1,0,1,0,1,0,1,0,0,0,0,0,1,0,0.49156032435595026,Medium
0,1,0,1.4049547531963915,1,0,-1.5025489958460367,-0.4230512670758661,1.4049547531963915,0,1,-1.502548995846037,-1.48929600818527,0,0,0,0,0,0,0,1,0,0,0,0,0,0,0,1,1,0,1,0,1,0,1,0,1,0,1,0,0,1,0,0,1,0,0.015464205310298951,Low
0,0,0,-0.6303319887333076,1,0,-1.4892755833759168,-0.8606550960910682,-0.6303319887333076,0,0,-1.4892755833759168,-1.491012879857304,0,0,0,0,0,0,0,0,0,0,0,0,0,0,0,1,1,0,1,0,1,0,1,0,1,0,1,0,1,0,1,0,0,0,0.09772758113227005,Low
0,1,0,1.5677776925507676,1,1,0.5033954637008385,1.4418878626548182,1.5677776925507678,0,1,0.5033954637008384,0.4542841471786337,1,1,1,1,0,1,5,1,1,0,0,1,0,1,0,0,0,1,0,1,0,1,0,1,0,0,0,1,0,1,0,0,1,0,0.03998120158557069,Low
0,1,1,-0.6303319887333076,1,0,1.1172907904438856,-0.2608091977102079,-0.6303319887333076,0,0,1.1172907904438851,1.1697707257265175,0,0,1,1,1,1,4,1,1,0,0,0,0,0,1,0,0,0,0,0,0,1,0,1,0,1,0,1,1,0,0,0,0,1,0.4273571539426692,Medium
0,0,0,-1.281623746150811,1,1,0.8169798333074222,-0.9696282345006996,-1.2816237461508115,1,0,0.8169798333074219,0.8143637644744742,0,0,0,0,1,1,2,0,1,1,1,1,0,0,1,0,0,0,0,0,0,0,0,0,0,1,0,1,0,0,0,1,0,1,0.9400491588737838,High
0,1,1,-1.0780950719578417,1,0,-1.5008898192872715,-0.9674781705659012,-1.0780950719578417,1,0,-1.500889819287272,-1.6278263938296014,0,0,0,0,0,0,0,1,0,0,0,0,0,0,0,1,1,0,1,0,1,0,1,0,1,0,1,0,1,0,0,0,1,0,0.1969910209368387,Low
0,1,0,1.1607203441648275,1,1,1.6316355236610331,2.120584064930225,1.1607203441648275,0,1,1.6316355236610327,1.7200060231612924,0,1,1,1,1,1,5,1,1,1,1,1,0,1,1,0,0,0,0,1,0,1,0,1,0,1,0,1,0,0,0,1,0,0,0.6556959850309527,High
0,0,0,-1.0780950719578417,1,1,0.2959983938552145,-0.8328359015061251,-1.0780950719578417,1,0,0.2959983938552144,0.0643629481047007,0,0,0,0,0,0,0,0,1,1,0,0,0,1,1,0,0,0,0,0,0,0,0,0,0,0,0,0,0,0,0,0,1,0,0.8692849523896439,High
1,0,0,-1.281623746150811,0,0,-1.3233579274994176,-0.9979300964995772,-1.2816237461508115,1,0,-1.3233579274994176,-1.3198297350483377,0,0,0,0,0,0,0,0,0,1,0,0,1,0,0,0,0,0,0,0,0,0,0,0,0,0,0,0,0,0,0,0,1,1,0.7511432412876392,High
0,1,1,-0.4675090493789317,1,1,1.2566616213801451,-0.0830120739591201,-0.4675090493789317,0,0,1.2566616213801447,1.1761288641351888,0,1,1,1,1,1,5,1,1,1,1,0,0,0,1,0,0,0,0,1,0,1,0,1,0,1,0,1,0,0,0,1,0,1,0.712794850372904,High
0,1,0,1.1200146093262338,1,1,1.522129870782544,1.904941428041104,1.1200146093262338,0,1,1.5221298707825437,1.5134637901450343,0,1,1,1,1,1,5,1,1,0,0,0,0,1,1,0,0,0,0,1,0,1,0,1,0,1,0,1,0,1,1,0,0,0,0.21750300698342437,Low
1,0,0,-0.5082147842175256,1,1,0.6925415914000478,-0.2509145157245538,-0.5082147842175256,0,0,0.6925415914000475,0.7093085030638553,0,0,0,0,0,1,1,0,1,1,0,0,0,1,1,0,0,0,0,0,0,0,0,0,0,0,0,1,0,0,1,0,0,1,0.7868477815217709,High
0,1,0,-0.4268033145403377,1,0,1.0276952562705766,-0.0282512619054781,-0.4268033145403377,0,0,1.0276952562705766,1.212701430682097,1,0,0,1,1,0,3,1,1,1,0,1,0,1,1,0,0,1,0,0,0,0,0,1,0,1,0,0,0,0,1,0,0,0,0.5433119442549769,Medium
0,0,0,0.305899912554354,1,1,-1.4710246412295018,-0.6459119757460969,0.3058999125543541,0,0,-1.4710246412295018,-1.464342759996646,0,0,0,0,0,0,0,0,0,0,0,0,0,0,0,1,1,0,1,0,1,0,1,0,1,0,1,0,0,1,0,0,0,0,0.03282134942244483,Low
0,0,0,-0.3860975797017437,1,1,0.3325002781480446,-0.2583958606405362,-0.3860975797017437,0,0,0.3325002781480446,0.3119974887526235,0,0,0,0,0,0,0,0,1,1,1,1,0,1,1,0,0,0,0,0,0,0,0,0,0,0,0,0,0,0,0,1,0,1,0.7613384189797239,High
0,0,1,-1.281623746150811,1,0,-0.6298221259356508,-0.9887594156348246,-1.2816237461508115,1,0,-0.6298221259356508,-0.6282848646603256,0,0,0,0,0,0,0,1,0,1,0,0,0,0,0,0,0,0,0,0,0,0,0,0,0,0,0,0,0,0,0,0,1,1,0.565368539219462,Medium
0,0,0,0.5501343215859179,0,0,-0.8853353159854597,-0.2386942543808525,0.550134321585918,0,0,-0.8853353159854598,-0.8860496912710436,1,0,1,1,0,0,3,0,0,0,0,1,1,0,0,0,0,1,0,0,0,1,0,1,0,0,0,0,0,1,0,0,1,0,0.04096473316964154,Low
0,1,1,-1.1188008067964357,1,0,0.1665826222715454,-0.8683338958582055,-1.1188008067964357,1,0,0.1665826222715454,-0.0283945058022082,0,0,0,0,0,0,0,1,0,1,0,0,0,0,1,0,0,0,0,0,0,0,0,0,0,0,0,0,0,0,1,0,0,0,0.7588093053771748,High
1,0,0,1.4456604880349857,1,1,-1.4909347599346818,-0.3963729227420405,1.445660488034986,0,1,-1.490934759934682,-1.4694081850604928,0,0,0,0,0,0,0,0,0,0,0,1,0,0,0,1,1,0,1,0,1,0,1,0,1,0,1,0,0,1,1,0,0,0,0.024644931767689598,Low
1,0,0,-1.281623746150811,0,1,-1.3183803978231226,-0.9978642782158588,-1.2816237461508115,1,0,-1.3183803978231228,-1.314866494351773,0,0,0,0,0,0,0,0,0,1,1,0,1,0,0,0,0,0,0,0,0,0,0,0,0,0,0,0,0,0,0,1,0,1,0.8608735619936105,High
0,1,0,-1.2409180113122174,1,0,-1.4876164068171518,-0.9899880235975664,-1.2409180113122176,1,0,-1.4876164068171518,-1.434811477852086,0,0,0,0,0,0,0,1,0,1,0,0,0,0,0,1,1,0,1,0,1,0,1,0,1,0,1,0,0,0,0,0,0,0,0.4166700588110448,Medium
1,0,0,-0.7524491932490895,1,1,1.3246878602895098,-0.3369609519723039,-0.7524491932490897,0,0,1.3246878602895091,1.4706932603963845,0,1,1,0,1,1,4,0,1,1,1,0,0,1,1,0,0,0,0,1,0,1,0,0,0,1,0,1,0,0,0,1,0,1,0.8841287352500727,High
0,0,0,-0.9152721326034656,1,1,0.1682417988303103,-0.684218216870159,-0.9152721326034656,0,0,0.1682417988303102,0.2998411455972692,0,0,0,0,0,0,0,0,0,1,1,1,0,0,1,0,0,0,0,0,0,0,0,0,0,0,0,0,0,0,0,1,0,1,0.7824694376425877,High
0,0,1,-0.7931549280876836,1,1,0.443665107585299,-0.5552363202101583,-0.7931549280876837,0,0,0.4436651075852986,0.4829720010423098,0,0,0,0,1,0,1,1,1,1,0,1,0,0,1,0,0,0,0,0,0,0,0,0,0,1,0,0,0,0,1,0,0,0,0.6995813189712885,High
0,0,0,0.0616655035227901,1,1,1.488946339607244,0.5651225052430807,0.0616655035227902,0,0,1.4889463396072438,1.3423649879884283,1,1,1,0,1,1,5,0,1,1,0,0,0,1,1,0,0,1,0,1,0,1,0,0,0,1,0,1,0,0,0,0,1,1,0.6414900523808408,High
0,1,1,-0.5896262538947137,1,0,-0.2482115174197025,-0.5741481070652223,-0.5896262538947137,0,0,-0.2482115174197025,-0.327273507600153,0,0,1,0,0,1,2,1,0,1,1,1,0,0,0,0,0,0,0,0,0,1,0,0,0,0,0,1,0,0,0,1,0,1,0.4831947373860986,Medium
0,1,1,1.5677776925507676,1,0,-1.5008898192872715,-0.4380139569078309,1.5677776925507678,0,1,-1.500889819287272,-1.5423367088112303,0,0,0,0,0,0,0,1,0,0,0,1,0,0,0,1,1,0,1,0,1,0,1,0,1,0,1,0,0,1,1,0,0,0,0.01157903407393818,Low
0,1,0,1.5270719577121736,1,1,1.512174811429954,2.392589092110136,1.5270719577121736,0,1,1.5121748114299538,1.5156224059400485,0,1,1,1,1,1,5,1,1,0,1,0,0,1,1,0,0,0,0,1,0,1,0,1,0,1,0,1,0,1,0,1,0,0,0.23834341039616386,Low
0,1,0,0.7943687306174818,1,1,-0.0209043288688988,0.487610506450806,0.7943687306174818,0,1,-0.0209043288688991,0.0215178788437573,1,0,1,0,1,0,3,1,0,0,0,0,0,0,0,0,0,1,0,0,0,1,0,0,0,1,0,0,1,0,0,0,1,0,0.15658431574782514,Low
0,1,1,1.4456604880349857,1,1,1.3379612727596295,2.1385743958132326,1.445660488034986,0,1,1.3379612727596295,1.3417080884844714,1,1,1,0,1,1,5,1,1,0,0,1,0,0,1,0,0,1,0,1,0,1,0,0,0,1,0,1,0,1,0,0,0,0,0.1139703280028908,Low
0,1,1,0.224488442877166,1,0,-1.5042081724048018,-0.6941787171395314,0.224488442877166,0,0,-1.5042081724048018,-1.524106273191158,0,0,0,0,0,0,0,1,0,1,1,1,0,0,0,1,1,0,1,0,1,0,1,0,1,0,1,0,0,0,0,1,0,0,0.13645878357029204,Low
0,1,1,1.0386031396490458,1,1,-1.3416088696458326,-0.3516603686693953,1.0386031396490456,0,1,-1.3416088696458326,-1.294157800410934,0,0,0,0,0,0,0,1,0,0,0,0,0,1,0,1,1,0,1,0,1,0,1,0,1,0,1,0,1,0,1,0,0,0,0.07028673855751173,Low
0,0,0,-1.2002122764736234,1,0,0.8551408941590172,-0.904643649042812,-1.2002122764736236,1,0,0.8551408941590172,0.4724516276000187,0,0,0,0,1,1,2,0,1,1,0,1,0,0,1,0,0,0,0,0,0,0,0,0,0,1,0,1,0,0,0,0,1,0,0.8709515904046271,High
0,1,0,-0.7524491932490895,1,0,-0.5352490620860464,-0.7173906318641922,-0.7524491932490897,0,0,-0.5352490620860467,-0.5784161128996045,0,0,0,1,0,0,1,1,0,1,0,1,0,0,0,0,0,0,0,0,0,0,0,1,0,0,0,0,0,0,0,0,0,0,0.3182983569716163,Medium
0,0,0,-1.2409180113122174,0,1,-1.3283354571757129,-0.9871139585418668,-1.2409180113122176,1,0,-1.3283354571757129,-1.3264473893104238,0,0,0,0,0,0,0,0,0,1,0,1,1,0,0,0,0,0,0,0,0,0,0,0,0,0,0,0,0,0,1,0,0,0,0.7869825947069623,High
0,1,0,-1.281623746150811,0,1,-1.3316538102932427,-0.9980397936391076,-1.2816237461508115,1,0,-1.3316538102932427,-1.3281018028759457,0,0,0,0,0,0,0,1,0,1,1,0,1,0,0,0,0,0,0,0,0,0,0,0,0,0,0,0,0,0,0,1,0,1,0.8464816195228649,High
1,0,0,1.6084834273893616,1,1,1.4093058647865246,2.391141089868332,1.6084834273893618,0,1,1.4093058647865249,1.412319378579579,1,1,1,1,0,1,5,0,1,0,0,0,0,1,1,0,0,1,0,1,0,1,0,1,0,0,0,1,0,1,0,0,0,0,0.10346287003102031,Low
0,0,0,-1.2002122764736234,1,1,-0.7177584835501956,-0.9546655446687348,-1.2002122764736236,1,0,-0.7177584835501959,-0.7849026821963666,0,0,0,0,0,0,0,0,0,1,1,1,0,0,0,0,0,0,0,0,0,0,0,0,0,0,0,0,0,0,0,1,0,1,0.7728622665934703,High
0,0,0,-0.7931549280876836,1,1,0.5000771105833088,-0.5572547475775202,-0.7931549280876837,0,0,0.5000771105833086,0.4712638435016954,1,0,0,0,0,0,1,0,1,1,0,0,0,1,1,0,0,1,0,0,0,0,0,0,0,0,0,0,0,0,1,0,0,0,0.6596591436264473,High
1,1,1,1.6084834273893616,1,1,1.2998002119080347,2.2590437944456645,1.6084834273893618,0,1,1.2998002119080343,1.2739690441628388,1,0,1,1,1,1,5,1,1,0,0,1,0,0,1,0,0,1,0,0,0,1,0,1,0,1,0,1,0,1,1,0,0,0,0.10642429830762841,Low
0,1,0,1.0386031396490458,1,0,-1.466047111553207,-0.4885404593755943,1.0386031396490456,0,1,-1.466047111553207,-1.4721213561917792,0,0,0,0,0,0,0,1,0,0,0,1,0,0,0,1,1,0,1,0,1,0,1,0,1,0,1,0,0,1,0,0,1,0,0.020087188501892277,Low
1,1,0,1.5677776925507676,1,1,1.0144218438004564,1.9340989277283196,1.5677776925507678,0,1,1.0144218438004562,0.9770555322839322,0,1,1,1,0,1,4,1,1,0,0,1,0,0,1,0,0,0,0,1,0,1,0,1,0,0,0,1,0,1,1,0,0,0,0.11831680643747582,Low
0,0,0,-1.281623746150811,1,0,0.3789572217934642,-0.9754202434679118,-1.2816237461508115,1,0,0.378957221793464,0.3775985831767823,0,0,1,0,0,0,1,0,1,1,1,0,0,0,1,0,0,0,0,0,0,1,0,0,0,0,0,0,0,0,0,1,0,1,0.8502383115293805,High
0,1,1,0.8757802002946699,1,0,0.875051012864197,1.1696634411958478,0.8757802002946699,0,1,0.8750510128641966,0.8935917918900067,1,1,1,1,1,1,6,1,1,0,0,0,0,1,0,0,0,1,0,1,0,1,0,1,0,1,0,1,0,1,1,0,0,0,0.04683750647283346,Low
0,0,1,0.26519417771576,0,0,-0.6596873039934208,-0.2232269577070474,0.2651941777157601,0,0,-0.6596873039934211,-0.6295150696193034,1,0,0,1,1,0,3,1,0,0,0,1,1,0,0,0,0,1,0,0,0,0,0,1,0,1,0,0,1,0,0,0,0,0,0.11195385989480276,Low
0,0,0,-1.281623746150811,1,1,0.18815191753549,-0.977943277677114,-1.2816237461508115,1,0,0.1881519175354899,0.1873410231418029,0,0,0,0,0,0,0,0,1,1,1,0,0,0,1,0,0,0,0,0,0,0,0,0,0,0,0,0,0,0,0,1,0,1,0.8897492879276395,High
0,1,0,1.1607203441648275,1,1,0.5266239355235486,1.123963612867428,1.1607203441648275,0,1,0.5266239355235482,0.4879832259910899,1,1,1,1,0,1,5,1,1,0,0,1,0,1,0,0,0,1,0,1,0,1,0,1,0,0,0,1,0,1,0,0,0,0,0.050999748337192556,Low
0,1,1,-0.3046861100245557,1,1,0.8037064208373025,-0.0182468827802935,-0.3046861100245557,0,0,0.8037064208373027,0.8395108506704021,0,1,1,0,1,0,3,1,1,1,0,0,0,0,1,0,0,0,0,1,0,1,0,0,0,1,0,0,0,0,0,0,0,1,0.5961720947430886,Medium
0,0,0,0.183782708038572,1,0,0.8717326597466671,0.4751927902559498,0.1837827080385721,0,0,0.8717326597466671,0.8760242052002646,1,1,1,0,0,0,3,0,1,1,0,0,0,1,1,0,0,1,0,1,0,1,0,0,0,0,0,0,0,0,0,0,0,0,0.3845069289086113,Medium
1,0,0,-0.2639803751859618,1,1,0.873391836305432,0.023021181111093,-0.2639803751859618,0,0,0.8733918363054318,0.8442704712358257,0,0,0,0,1,1,2,0,1,1,1,0,0,0,1,0,0,0,0,0,0,0,0,0,0,1,0,1,0,0,0,1,0,1,0.8151348244623025,High
0,0,0,-0.9152721326034656,1,0,-1.4992306427285067,-0.9175440326516026,-0.9152721326034656,0,0,-1.499230642728507,-1.4596276813349094,0,0,0,0,0,0,0,0,0,1,0,1,0,0,0,1,1,0,1,0,1,0,1,0,1,0,1,0,0,0,1,0,0,0,0.22256852748248543,Low
0,0,0,-1.281623746150811,1,0,-1.477661347464562,-0.999970463294845,-1.2816237461508115,1,0,-1.477661347464562,-1.4736901966418428,0,0,0,0,0,0,0,0,0,1,0,0,0,0,0,1,1,0,1,0,1,0,1,0,1,0,1,0,0,0,0,0,1,1,0.4125132588096666,Medium
1,1,0,-0.3453918448631497,0,1,-0.8056948411647401,-0.599400388585151,-0.3453918448631498,0,0,-0.8056948411647403,-0.8619707807902461,0,0,1,0,0,1,2,1,0,1,0,0,1,0,0,0,0,0,0,0,0,1,0,0,0,0,0,1,0,0,1,0,0,1,0.6134950323976157,High
1,0,0,1.3235432835192036,1,1,1.5071972817536587,2.1706059605561485,1.323543283519204,0,1,1.5071972817536583,1.5399641017958376,1,0,1,1,1,1,5,0,1,0,1,1,0,1,1,0,0,1,0,0,0,1,0,1,0,1,0,1,0,1,0,1,0,0,0.25264496212460147,Low
0,0,0,-0.3860975797017437,1,1,-0.0009942101637186,-0.346438784827742,-0.3860975797017437,0,0,-0.0009942101637188,0.0233382870814048,0,0,0,0,1,1,2,0,0,0,0,1,0,0,0,0,0,0,0,0,0,0,0,0,0,1,0,1,1,0,0,0,0,0,0.37187834693534166,Medium
0,0,0,0.6722515261016999,1,1,0.0404852038054061,0.394762847552163,0.6722515261016998,0,1,0.0404852038054059,0.011500495606369,0,0,0,1,1,0,2,0,0,0,0,1,0,1,0,0,0,0,0,0,0,0,0,1,0,1,0,0,0,1,0,0,0,0,0.10743136511029966,Low
1,0,0,0.387311382231542,1,0,-0.3079418735352424,0.0537144407517361,0.387311382231542,0,0,-0.3079418735352426,-0.240797573135669,0,0,1,0,0,0,1,0,0,1,1,0,0,1,0,0,0,0,0,0,0,1,0,0,0,0,0,0,0,0,0,1,0,0,0.38859226858970297,Medium
0,0,0,-0.9966836022806536,1,0,-1.462728758435677,-0.937991579460094,-0.9966836022806536,0,0,-1.462728758435677,-1.480101049208239,0,0,0,0,0,0,0,0,0,0,0,0,0,0,0,1,1,0,1,0,1,0,1,0,1,0,1,0,0,1,0,0,1,0,0.05520156297000533,Low
0,0,0,-0.1825689055087738,1,0,-0.3411254047105422,-0.3430601129302015,-0.1825689055087737,0,0,-0.3411254047105425,-0.3554247987468057,0,1,0,1,0,0,2,0,0,1,0,0,0,0,0,0,0,0,0,1,0,0,0,1,0,0,0,0,0,0,0,0,0,0,0.20364785907336885,Low
0,0,0,1.5677776925507676,1,0,0.5199872292884885,1.495771097592216,1.5677776925507678,0,1,0.5199872292884884,0.511512875585971,1,1,1,1,0,1,5,0,1,0,0,1,0,1,0,0,0,1,0,1,0,1,0,1,0,0,0,1,0,1,0,0,0,0,0.027613493195127986,Low
0,1,1,1.4863662228735797,1,1,1.145496791942891,2.065932950016114,1.4863662228735797,0,1,1.145496791942891,1.2117347213061964,0,0,1,0,1,1,3,1,1,1,0,1,0,1,1,0,0,0,0,0,0,1,0,0,0,1,0,1,0,0,1,0,0,1,0.5851550992945396,Medium
0,1,1,1.4456604880349857,1,1,1.6515456423662134,2.43550261309448,1.445660488034986,0,1,1.6515456423662134,1.670985047245777,1,1,1,1,1,1,6,1,1,0,0,1,0,1,1,0,0,1,0,1,0,1,0,1,0,1,0,1,0,1,0,0,0,0,0.11925448670260348,Low
0,1,0,1.2828375486806096,1,1,1.342938802435925,1.9725368054198185,1.2828375486806096,0,1,1.3429388024359252,1.3642236231027414,0,1,0,1,1,1,4,1,1,0,0,0,0,1,1,0,0,0,0,1,0,0,0,1,0,1,0,1,0,1,0,0,0,0,0.19897489737462726,Low
1,0,0,-1.2002122764736234,1,0,0.3358186312655745,-0.919891551437556,-1.2002122764736236,1,0,0.3358186312655741,0.0891791515875242,0,0,1,0,0,0,1,0,1,1,0,0,0,0,1,0,0,0,0,0,0,1,0,0,0,0,0,0,0,0,0,0,1,0,0.8107060960714455,High
0,1,1,1.3642490183577978,1,1,-0.5153389433808665,0.4179528228489176,1.3642490183577978,0,1,-0.5153389433808667,-0.5184167637863714,0,0,0,1,0,0,1,1,0,0,0,0,0,0,0,0,0,0,0,0,0,0,0,1,0,0,0,0,1,0,1,0,0,0,0.07363727115854866,Low
0,0,0,-0.1825689055087738,1,0,-1.5490059394914566,-0.7743015078526326,-0.1825689055087737,0,0,-1.5490059394914566,-1.5168231217429404,0,0,0,0,0,0,0,0,0,0,0,1,0,0,0,1,1,0,1,0,1,0,1,0,1,0,1,0,1,0,1,0,0,0,0.07863426244569238,Low
0,1,0,1.4049547531963915,1,1,1.5304257535763688,2.2034712235594967,1.4049547531963915,0,1,1.5304257535763686,1.4668447205243504,1,1,1,1,1,1,6,1,1,0,1,1,0,0,1,0,0,1,0,1,0,1,0,1,0,1,0,1,0,1,0,1,0,0,0.14854839320272448,Low
0,1,0,0.5501343215859179,1,0,-1.5042081724048018,-0.6354249292069779,0.550134321585918,0,0,-1.5042081724048018,-1.536414050082486,0,0,0,0,0,0,0,1,0,1,1,1,0,0,0,1,1,0,1,0,1,0,1,0,1,0,1,0,0,0,0,1,0,0,0.1346904880617152,Low
0,1,0,0.9164859351332638,1,1,1.0559012577695812,1.2898476272654995,0.9164859351332636,0,1,1.055901257769581,1.0030571516838696,1,1,0,0,1,0,3,1,1,1,1,1,0,1,1,0,0,1,0,1,0,0,0,0,0,1,0,0,0,0,0,1,0,1,0.5990120741936926,Medium
0,0,0,-0.4268033145403377,1,1,0.1582867394777205,-0.3549512828553113,-0.4268033145403377,0,0,0.1582867394777205,0.0928890486738451,0,0,0,0,0,0,0,0,0,1,0,1,0,0,1,0,0,0,0,0,0,0,0,0,0,0,0,0,0,0,0,0,1,0,0.6365843081474071,High
0,1,1,-0.5896262538947137,1,1,0.7622270068681777,-0.3505195184182778,-0.5896262538947137,0,0,0.7622270068681779,0.6095841298088058,1,0,1,0,1,0,3,1,1,1,0,1,0,0,1,0,0,1,0,0,0,1,0,0,0,1,0,0,0,0,0,0,1,0,0.595704054211687,Medium
0,1,0,0.5501343215859179,0,0,-0.8139907239585651,-0.2003660738288843,0.550134321585918,0,0,-0.8139907239585653,-0.8232179412935181,1,0,1,1,0,0,3,1,0,0,0,1,1,0,0,0,0,1,0,0,0,1,0,1,0,0,0,0,0,1,1,0,0,0,0.04117312550128566,Low
0,1,0,-0.9152721326034656,1,1,0.4386875779090042,-0.6731826846333874,-0.9152721326034656,0,0,0.4386875779090041,0.3830581479430037,1,0,0,0,0,0,1,1,1,1,0,0,0,1,1,0,0,1,0,0,0,0,0,0,0,0,0,0,0,0,1,0,0,0,0.6908272698013813,High
0,1,0,1.6084834273893616,1,1,1.143837615384126,2.187960048029879,1.6084834273893618,0,1,1.143837615384126,1.1995204337143686,0,1,0,0,1,1,3,1,1,0,1,1,0,1,1,0,0,0,0,1,0,0,0,0,0,1,0,1,0,1,0,1,0,0,0.29266218179052245,Low
0,0,0,-0.6710377235719016,1,0,-0.3195561094465974,-0.6248281855283285,-0.6710377235719017,0,0,-0.3195561094465977,-0.3384522881505175,0,1,0,0,0,0,1,0,0,1,1,1,0,1,0,0,0,0,0,1,0,0,0,0,0,0,0,0,0,0,0,1,0,0,0.4931562756063129,Medium
1,0,0,-1.2002122764736234,1,1,0.4005265170574092,-0.9045997701869996,-1.2002122764736236,1,0,0.4005265170574091,0.473554569977033,0,0,0,0,0,0,0,0,1,1,1,1,0,1,1,0,0,0,0,0,0,0,0,0,0,0,0,0,0,0,0,1,0,1,0.9262764868753267,High
0,1,1,-0.4675090493789317,0,1,-1.290174396324118,-0.7606771231229404,-0.4675090493789317,0,0,-1.290174396324118,-1.2572771459519512,0,0,0,0,0,0,0,1,0,1,1,1,1,0,0,0,0,0,0,0,0,0,0,0,0,0,0,0,0,0,0,1,0,0,0.5639396621748213,Medium
0,0,0,-1.1188008067964357,1,0,0.458597696614184,-0.8218442481251657,-1.1188008067964357,1,0,0.4585976966141838,0.6727459632658291,0,0,0,0,0,1,1,0,1,1,0,1,0,0,1,0,0,0,0,0,0,0,0,0,0,0,0,1,0,0,0,0,1,0,0.8421232144973246,High
0,0,0,-1.281623746150811,0,0,-1.1607586247404482,-0.9957800325647788,-1.2816237461508115,1,0,-1.1607586247404489,-1.1576972056272248,0,1,0,0,0,0,1,0,0,1,0,0,1,0,0,0,0,0,0,1,0,0,0,0,0,0,0,0,0,0,0,0,0,1,0.6908119608483893,High
0,0,0,-1.281623746150811,1,1,-0.6480730680820658,-0.9890007493417916,-1.2816237461508115,1,0,-0.6480730680820661,-0.6464834138810629,0,0,0,0,0,0,0,0,0,1,0,0,0,0,0,0,0,0,0,0,0,0,0,0,0,0,0,0,0,0,0,0,1,1,0.699122061235221,High
1,1,0,0.143076973199978,1,1,0.6742906492536329,0.3656931055765718,0.1430769731999781,0,0,0.6742906492536328,0.7306780116185085,0,0,0,0,0,1,1,1,1,1,0,1,0,1,1,0,0,0,0,0,0,0,0,0,0,0,0,1,0,0,1,0,0,1,0.7249247995240381,High
0,1,0,1.2828375486806096,1,1,1.29814103534927,1.8895180102231115,1.2828375486806096,0,1,1.2981410353492695,1.266406421041279,1,1,0,1,1,1,5,1,1,0,0,1,0,0,1,0,0,1,0,1,0,0,0,1,0,1,0,1,0,1,1,0,0,0,0.1175502489915632,Low
1,1,0,-0.1011574358315858,1,0,0.3291819250305144,-0.0515948131975755,-0.1011574358315858,0,0,0.3291819250305142,0.2576535996764693,0,0,1,0,1,1,3,1,1,0,1,1,0,1,0,0,0,0,0,0,0,1,0,0,0,1,0,1,0,1,0,1,0,0,0.25149048035055893,Low
0,1,1,1.6084834273893616,1,0,-1.5058673489635668,-0.3667766344967028,1.6084834273893618,0,1,-1.5058673489635668,-1.4761488390239372,0,0,0,0,0,0,0,1,0,0,0,0,0,0,0,1,1,0,1,0,1,0,1,0,1,0,1,0,0,1,0,0,0,0,0.010969117627670001,Low
0,1,1,0.5501343215859179,1,1,-1.4876164068171518,-0.5978426892038174,0.550134321585918,0,0,-1.4876164068171518,-1.474805127522955,0,0,0,0,0,0,0,1,0,0,0,1,0,0,0,1,1,0,1,0,1,0,1,0,1,0,1,0,0,1,0,0,1,0,0.02459438191336085,Low
0,1,0,0.5094285867473239,1,1,1.0044667844478663,0.8716382525192959,0.509428586747324,0,0,1.0044667844478663,1.002636028230828,0,0,0,1,1,1,3,1,1,0,0,0,0,0,1,0,0,0,0,0,0,0,0,1,0,1,0,1,0,1,1,0,0,0,0.2052458854242798,Low
0,0,0,-1.2409180113122174,1,0,-1.469365464670737,-0.99194063268121,-1.2409180113122176,1,0,-1.4693654646707373,-1.5084328815177954,0,0,0,0,0,0,0,0,0,1,0,0,0,0,0,1,1,0,1,0,1,0,1,0,1,0,1,0,0,0,0,0,1,1,0.40337198209640795,Medium
0,0,0,0.0616655035227901,1,0,-0.3295111687991873,-0.1817394995365997,0.0616655035227902,0,0,-0.3295111687991874,-0.3140922648787754,1,1,0,0,0,0,2,0,0,0,0,0,0,0,0,0,0,1,0,1,0,0,0,0,0,0,0,0,1,0,0,0,1,0,0.08923516521637813,Low
0,1,0,0.8757802002946699,1,0,1.3810998632875195,1.5199483471447457,0.8757802002946699,0,1,1.381099863287519,1.3827467360958812,1,1,0,0,1,1,4,1,1,0,0,0,0,1,1,0,0,1,0,1,0,0,0,0,0,1,0,1,1,0,0,0,0,1,0.3278214281955227,Medium
0,0,0,-0.4675090493789317,1,1,-1.4925939364934466,-0.8262101942784809,-0.4675090493789317,0,0,-1.492593936493447,-1.4925977802478034,0,0,0,0,0,0,0,0,0,1,0,1,0,0,0,1,1,0,1,0,1,0,1,0,1,0,1,0,0,0,0,0,1,0,0.22672660307612305,Low
0,1,0,1.3235432835192036,1,0,0.3723205155584045,1.1541083868104185,1.323543283519204,0,1,0.3723205155584044,0.3606981122920699,1,0,1,1,0,1,4,1,1,0,0,1,0,1,0,0,0,1,0,0,0,1,0,1,0,0,0,1,0,1,0,0,0,0,0.03768130050452125,Low
0,1,0,-0.5082147842175256,1,1,0.1616050925952503,-0.3330337943771109,-0.5082147842175256,0,0,0.16160509259525,0.3996850042764953,0,0,0,0,0,0,0,1,0,1,0,0,0,0,1,0,0,0,0,0,0,0,0,0,0,0,0,0,0,0,0,0,0,0,0.6582067217099414,High
0,0,0,-1.281623746150811,1,1,0.4834853449956588,-0.974038059509827,-1.2816237461508115,1,0,0.4834853449956587,0.4818266378046408,0,0,0,0,1,0,1,0,1,1,1,1,0,0,1,0,0,0,0,0,0,0,0,0,0,1,0,0,0,0,0,1,0,1,0.919515791669706,High
0,1,1,0.387311382231542,1,1,0.1483316801251306,0.3330252974243791,0.387311382231542,0,0,0.1483316801251304,0.2606866912132593,1,1,0,0,1,0,3,1,0,1,0,1,0,1,0,0,0,1,0,1,0,0,0,0,0,1,0,0,0,0,0,0,0,0,0.27773899478871983,Low
0,0,0,-1.281623746150811,1,0,-1.5108448786398618,-1.0004092518529673,-1.2816237461508115,1,0,-1.510844878639862,-1.506778467952274,0,0,0,0,0,0,0,0,0,1,0,1,0,0,0,1,1,0,1,0,1,0,1,0,1,0,1,0,0,0,0,0,1,1,0.4251205588701719,Medium
0,1,0,-0.5082147842175256,1,1,1.0492645515345211,-0.1744994883275846,-0.5082147842175256,0,0,1.0492645515345207,0.9974246254994352,1,1,0,1,1,0,4,1,1,1,1,0,0,0,1,0,0,1,0,1,0,0,0,1,0,1,0,0,0,0,0,1,0,0,0.5989649255572849,Medium
0,0,0,-0.8745663977648716,1,0,0.1748785050653704,-0.6754205062798103,-0.8745663977648717,0,0,0.1748785050653704,0.1375582149429271,0,0,0,0,0,0,0,0,0,1,1,1,0,0,1,0,0,0,0,0,0,0,0,0,0,0,0,0,0,0,0,1,0,0,0.7071147608886545,High
0,1,0,1.1607203441648275,1,0,-1.3150620447055927,-0.3266494208564338,1.1607203441648275,0,1,-1.3150620447055927,-1.3052654713649756,0,0,0,0,0,0,0,1,0,0,0,0,0,1,0,1,1,0,1,0,1,0,1,0,1,0,1,0,0,1,0,0,0,0,0.024736223134102057,Low
0,1,0,1.2828375486806096,1,0,-1.3250171040581826,-0.3135296429685821,1.2828375486806096,0,1,-1.3250171040581826,-1.3293426130500865,0,0,0,0,0,0,0,1,0,0,0,0,0,1,0,1,1,0,1,0,1,0,1,0,1,0,1,0,0,1,1,0,0,0,0.02300327843786808,Low
1,1,0,-0.3046861100245557,1,0,0.7788187724558276,-0.0474702007512274,-0.3046861100245557,0,0,0.7788187724558278,0.7513636958994133,0,1,1,0,0,1,3,1,1,1,0,0,0,0,1,0,0,0,0,1,0,1,0,0,0,0,0,1,0,0,0,0,0,0,0.6079572235666713,High
0,0,0,0.46872285190873,1,1,-0.4904512949993915,-0.0703091452014844,0.4687228519087299,0,0,-0.4904512949993918,-0.5400745413713807,0,0,0,0,0,0,0,0,0,1,0,0,0,1,0,0,0,0,0,0,0,0,0,0,0,0,0,0,0,0,0,0,1,0,0.3280251827523095,Medium
0,1,0,-1.1188008067964357,1,0,0.1665826222715454,-0.8640557074165147,-1.1188008067964357,1,0,0.1665826222715454,0.0361276232531326,0,0,0,0,0,0,0,1,0,1,1,0,0,0,1,0,0,0,0,0,0,0,0,0,0,0,0,0,0,0,0,1,0,1,0.8501520675609109,High
1,1,1,0.631545791263106,0,0,-1.1624178012992137,-0.399554139788426,0.631545791263106,0,1,-1.1624178012992137,-1.1913714150754446,0,1,0,0,0,0,1,1,0,0,0,0,1,0,0,0,0,0,0,1,0,0,0,0,0,0,0,0,1,0,0,0,0,0,0.157474569692928,Low
0,0,0,-1.0780950719578417,1,1,0.3308411015892797,-0.802778885274759,-1.0780950719578417,1,0,0.3308411015892796,0.4421207122321233,0,0,0,0,0,0,0,0,1,1,1,1,0,1,1,0,0,0,0,0,0,0,0,0,0,0,0,0,0,0,0,1,0,1,0.9116369014165047,High
0,1,0,-1.1595065416350294,1,0,-0.4937696481169216,-0.9302250219813324,-1.1595065416350294,1,0,-0.4937696481169219,-0.6650955664931805,0,0,0,1,0,0,1,1,0,1,0,1,0,0,0,0,0,0,0,0,0,0,0,1,0,0,0,0,0,0,0,0,1,1,0.5440822237307162,Medium
0,1,1,1.6084834273893616,1,0,-1.4925939364934466,-0.4284703057686745,1.6084834273893618,0,1,-1.492593936493447,-1.5407628799440292,0,0,0,0,0,0,0,1,0,0,0,1,0,0,0,1,1,0,1,0,1,0,1,0,1,0,1,0,0,1,0,0,0,0,0.01113045204513545,Low
0,0,0,0.8757802002946699,1,0,0.8120023036311275,1.1277591338951842,0.8757802002946699,0,1,0.8120023036311277,0.8350745713317441,0,0,1,0,0,1,2,0,1,1,0,1,0,1,1,0,0,0,0,0,0,1,0,0,0,0,0,1,0,0,1,0,0,0,0.5625818378246203,Medium
0,1,1,1.3642490183577978,1,1,0.0836237943332958,0.9694222826968129,1.3642490183577978,0,1,0.0836237943332958,0.1116641359552942,1,1,1,0,0,0,3,1,0,1,0,0,0,1,0,0,0,1,0,1,0,1,0,0,0,0,0,0,0,0,0,0,0,0,0.15273834961191554,Low
0,0,0,-1.2002122764736234,1,1,-0.4987471777932165,-0.9518353584688471,-1.2002122764736236,1,0,-0.4987471777932167,-0.7137628988789396,0,1,0,0,0,0,1,0,0,1,0,1,0,0,0,0,0,0,0,1,0,0,0,0,0,0,0,0,0,0,0,0,1,1,0.6593017315361691,High
0,0,0,-0.5489205190561197,1,1,0.0139383788651659,-0.4684000645577885,-0.5489205190561197,0,0,0.0139383788651657,-0.0034389832822883,0,1,0,1,0,1,3,0,0,0,0,1,0,0,0,0,0,0,0,1,0,0,0,1,0,0,0,1,1,0,0,0,0,0,0.23871510775483315,Low
0,1,1,1.1607203441648275,1,1,0.5332606417586087,1.1745559336189093,1.1607203441648275,0,1,0.5332606417586084,0.5505254830745769,0,0,1,1,1,1,4,1,1,0,0,1,0,1,0,0,0,0,0,0,0,1,0,1,0,1,0,1,0,1,0,0,0,0,0.08857552111220164,Low
0,0,0,0.8757802002946699,1,0,0.8252757161012472,1.0389044508754526,0.8757802002946699,0,1,0.8252757161012468,0.7109935539176271,1,0,1,0,1,0,3,0,1,1,0,1,0,0,1,0,0,1,0,0,0,1,0,0,0,1,0,0,0,0,0,0,1,0,0.3816429887846174,Medium
0,0,0,-1.281623746150811,1,0,-0.4970880012344514,-0.987004261402336,-1.2816237461508115,1,0,-0.4970880012344514,-0.4959317794186009,0,1,0,0,0,0,1,0,0,1,1,0,0,0,0,0,0,0,0,1,0,0,0,0,0,0,0,0,0,0,0,1,0,0,0.6764866695269449,High
1,0,0,-0.5489205190561197,1,1,0.4950995809070136,-0.3631346894642891,-0.5489205190561197,0,0,0.4950995809070134,0.4143439792109984,0,0,1,0,0,0,1,0,1,1,1,1,0,1,1,0,0,0,0,0,0,1,0,0,0,0,0,0,0,0,0,1,0,1,0.8061993266474512,High
0,1,0,-0.3453918448631497,1,0,-1.4992306427285067,-0.7969210580238285,-0.3453918448631498,0,0,-1.499230642728507,-1.4825826695565214,0,0,0,0,0,0,0,1,0,0,0,1,0,0,0,1,1,0,1,0,1,0,1,0,1,0,1,0,0,1,0,0,1,0,0.03940270203061448,Low
1,0,1,0.0209597686841961,1,1,1.3412796258771595,0.5115025434405562,0.0209597686841961,0,0,1.341279625877159,1.325627689965046,0,1,1,0,1,1,4,1,1,1,0,0,0,1,1,0,0,0,0,1,0,1,0,0,0,1,0,1,0,0,0,0,0,0,0.7119208066242788,High
0,1,0,-0.0604517009929918,1,1,0.6278337056082129,0.1644646728217622,-0.0604517009929917,0,0,0.6278337056082128,0.705599414586315,0,1,0,0,0,1,2,1,1,1,0,0,0,0,1,0,0,0,0,1,0,0,0,0,0,0,0,1,0,0,0,0,0,0,0.6147539822673302,High
0,1,0,1.0793088744876398,0,1,-0.6845749523748957,0.1612176374916583,1.07930887448764,0,1,-0.684574952374896,-0.6531291090510394,0,0,0,0,1,1,2,1,0,1,1,1,1,0,0,0,0,0,0,0,0,0,0,0,0,1,0,1,0,0,0,1,0,0,0.5874828874177529,Medium
1,1,0,-0.5082147842175256,1,1,0.8650959535116071,-0.1929944260524325,-0.5082147842175256,0,0,0.865095953511607,0.927691093712701,0,0,0,0,1,1,2,1,1,0,0,0,0,0,1,0,0,0,0,0,0,0,0,0,0,1,0,1,1,0,0,0,0,0,0.6426383571766706,High
1,1,0,1.1200146093262338,1,1,1.1305642029140055,1.63166391404264,1.1200146093262338,0,1,1.1305642029140055,1.170007533942759,0,0,0,1,1,1,3,1,1,1,1,1,0,1,1,0,0,0,0,0,0,0,0,1,0,1,0,1,0,0,0,1,0,0,0.7350673868673768,High
0,0,1,-0.5896262538947137,1,1,0.5183280527297236,-0.3916998245980398,-0.5896262538947137,0,0,0.5183280527297233,0.4370655596708076,0,0,1,0,0,0,1,1,1,1,0,1,0,1,1,0,0,0,0,0,0,1,0,0,0,0,0,0,0,0,1,0,0,0,0.6653353380336285,High
0,0,1,-0.5489205190561197,1,1,-0.1436833942175081,-0.4394619591496339,-0.5489205190561197,0,0,-0.1436833942175082,0.1114121479241818,1,1,1,0,0,0,3,1,0,1,1,0,0,0,0,0,0,1,0,1,0,1,0,0,0,0,0,0,0,0,0,1,0,0,0.34125372290362904,Medium
0,1,1,-0.3453918448631497,1,0,-1.5008898192872715,-0.8103479879023658,-0.3453918448631498,0,0,-1.500889819287272,-1.5247702154773208,0,0,0,0,0,0,0,1,0,0,0,0,0,0,0,1,1,0,1,0,1,0,1,0,1,0,1,0,0,1,0,0,1,0,0.030928027431749595,Low
0,1,1,-0.9559778674420596,1,0,-1.4826388771408567,-0.9332965418881872,-0.9559778674420596,0,0,-1.482638877140857,-1.5150505357798818,0,0,0,0,0,0,0,1,0,0,0,0,0,0,0,1,1,0,1,0,1,0,1,0,1,0,1,0,1,0,0,0,1,0,0.10093656524310736,Low
0,1,1,0.0209597686841961,1,0,-1.3499047524396577,-0.6409975438951291,0.0209597686841961,0,0,-1.3499047524396577,-1.3079480376232284,0,0,0,0,0,0,0,1,0,1,0,0,0,1,0,1,1,0,1,0,1,0,1,0,1,0,1,0,0,0,0,0,0,0,0.14414309828731645,Low
0,0,0,-1.2409180113122174,1,0,-1.5108448786398618,-0.9821337084071804,-1.2409180113122176,1,0,-1.510844878639862,-1.138671449623727,0,0,0,0,0,0,0,0,0,1,0,0,0,0,0,1,1,0,1,0,1,0,1,0,1,0,1,0,0,0,0,0,1,0,0.42167872448786403,Medium
0,1,0,1.4049547531963915,1,1,0.936440545538502,1.785371545952823,1.4049547531963915,0,1,0.936440545538502,0.996275178462494,0,1,1,0,0,1,3,1,1,0,1,1,0,1,1,0,0,0,0,1,0,1,0,0,0,0,0,1,0,1,0,1,0,0,0.2634369623013221,Low
0,0,0,0.7943687306174818,1,1,-0.5037247074695115,0.1036485786660347,0.7943687306174818,0,1,-0.5037247074695116,-0.5352877328907195,1,0,0,0,0,0,1,0,0,1,0,0,0,0,0,0,0,1,0,0,0,0,0,0,0,0,0,0,0,0,0,0,0,0,0.20940783293792592,Low
0,0,0,-1.1188008067964357,1,1,-1.5025489958460367,-0.9685312631053944,-1.1188008067964357,1,0,-1.502548995846037,-1.539535856549601,0,0,0,0,0,0,0,0,0,1,0,0,0,0,0,1,1,0,1,0,1,0,1,0,1,0,1,0,0,0,1,0,0,0,0.4729857460230977,Medium
0,1,1,-1.281623746150811,1,1,-1.5108448786398618,-1.0004092518529673,-1.2816237461508115,1,0,-1.510844878639862,-1.506778467952274,0,0,0,0,0,0,0,1,0,1,0,0,0,0,0,1,1,0,1,0,1,0,1,0,1,0,1,0,0,0,0,0,1,0,0.45839176565497686,Medium
0,0,0,1.4049547531963915,1,1,-1.497571466169742,-0.4335383136149852,1.4049547531963915,0,1,-1.497571466169742,-1.501099137801976,0,0,0,0,0,0,0,0,0,0,0,1,0,0,0,1,1,0,1,0,1,0,1,0,1,0,1,0,0,1,0,0,1,0,0.02157827439140754,Low
0,0,0,1.2421318138420157,1,0,1.1604293809717758,1.683923631314986,1.242131813842016,0,1,1.160429380971776,1.0745268627859363,0,1,0,0,1,1,3,0,1,0,0,0,0,1,1,0,0,0,0,1,0,0,0,0,0,1,0,1,1,0,0,0,0,1,0.34866463549874455,Medium
1,0,0,-1.2409180113122174,1,0,-0.4970880012344514,-0.9619274953056562,-1.2409180113122176,1,0,-0.4970880012344514,-0.3768140027010487,0,0,1,0,0,0,1,0,0,1,0,1,0,0,0,0,0,0,0,0,0,1,0,0,0,0,0,0,0,0,0,0,1,0,0.6665601048601042,High
1,1,0,-0.3046861100245557,1,1,0.8003880677197722,-0.0534816039975007,-0.3046861100245557,0,0,0.800388067719772,0.7332313232212969,1,0,0,0,0,1,2,1,1,0,1,1,0,1,1,0,0,1,0,0,0,0,0,0,0,0,0,1,1,0,0,1,0,1,0.6326076444010523,High
0,0,0,-0.5489205190561197,1,1,-1.4925939364934466,-0.8450342234219204,-0.5489205190561197,0,0,-1.492593936493447,-1.49824517693011,0,0,0,0,0,0,0,0,0,0,0,1,0,0,0,1,1,0,1,0,1,0,1,0,1,0,1,0,0,1,0,0,1,0,0.06004194280431701,Low
0,0,1,1.2014260790034217,1,0,-0.2913501079475925,0.521550801421553,1.201426079003422,0,1,-0.2913501079475927,-0.2872355133549861,1,1,0,0,0,0,2,1,0,0,0,1,0,0,0,0,0,1,0,1,0,0,0,0,0,0,0,0,1,0,0,0,0,0,0.046580325551848586,Low
1,0,0,-0.3860975797017437,0,1,-1.0047960282165391,-0.6717346823915844,-0.3860975797017437,0,0,-1.0047960282165391,-1.0431830144832976,0,0,0,0,0,1,1,0,0,1,0,1,1,0,0,0,0,0,0,0,0,0,0,0,0,0,0,1,0,0,0,0,0,0,0.6206322955830302,High
0,1,0,1.5270719577121736,1,0,0.0006649663950462,0.975828595645396,1.5270719577121736,0,1,0.0006649663950462,-0.0105977427330975,1,1,1,1,0,0,4,1,0,0,0,1,0,0,0,0,0,1,0,1,0,1,0,1,0,0,0,0,0,1,1,0,0,0,0.01677691464011886,Low
0,0,0,-0.1418631706701798,1,1,0.9712832532725666,0.1352632942787342,-0.1418631706701799,0,0,0.9712832532725666,0.8265151468695118,0,0,0,1,1,1,3,0,1,1,1,1,0,0,1,0,0,0,0,0,0,0,0,1,0,1,0,1,0,0,0,1,0,0,0.7327207573130967,High
0,1,0,-0.0197459661543978,1,1,0.4635752262904791,0.0652107009745358,-0.0197459661543979,0,0,0.463575226290479,0.3825101234494245,0,0,1,0,0,0,1,1,1,1,1,1,0,1,1,0,0,0,0,0,0,1,0,0,0,0,0,0,0,0,0,1,0,1,0.7256578323962901,High
0,0,0,-0.0604517009929918,1,0,0.0106200257476361,-0.1338457284175691,-0.0604517009929917,0,0,0.0106200257476359,-0.0200477225232543,1,0,1,1,0,0,3,0,0,1,0,0,0,1,0,0,0,1,0,0,0,1,0,1,0,0,0,0,0,0,1,0,0,1,0.20807218560402488,Low
0,0,0,1.0793088744876398,1,0,1.0243769031530463,1.4726250011512736,1.07930887448764,0,1,1.024376903153046,1.022988119177532,0,0,1,0,1,1,3,0,1,0,1,0,0,0,1,0,0,0,0,0,0,1,0,0,0,1,0,1,0,1,0,1,0,0,0.23764670353921996,Low
0,0,0,-0.0197459661543978,1,1,-0.002653386722484,-0.1265398989248356,-0.0197459661543979,0,0,-0.0026533867224841,-0.0693515816336512,0,0,0,0,1,1,2,0,0,0,0,1,0,0,0,0,0,0,0,0,0,0,0,0,0,1,0,1,1,0,0,0,0,0,0.31445270078393467,Medium
0,1,0,-0.6303319887333076,0,1,-0.5020655309107466,-0.6419409392950917,-0.6303319887333076,0,0,-0.5020655309107469,-0.5208453013464551,0,1,0,0,1,1,3,1,0,1,0,1,1,0,0,0,0,0,0,1,0,0,0,0,0,1,0,1,0,0,0,0,1,0,0.6671513236194967,High
0,0,0,-0.2639803751859618,1,0,-1.461069581876912,-0.7814976402058357,-0.2639803751859618,0,0,-1.4610695818769122,-1.4890889690593896,0,0,0,0,0,0,0,0,0,1,0,1,0,0,0,1,1,0,1,0,1,0,1,0,1,0,1,0,0,0,0,0,1,0,0.15039994259615153,Low
0,0,0,-0.8338606629262776,1,0,0.9828974891839214,-0.4939814374963088,-0.8338606629262776,0,0,0.9828974891839212,1.087204134988405,0,0,0,0,1,1,2,0,1,1,1,1,0,1,1,0,0,0,0,0,0,0,0,0,0,1,0,1,0,0,0,1,0,0,0.8518802999410923,High
0,1,1,1.1607203441648275,1,1,1.112313260767591,1.6875216974915876,1.1607203441648275,0,1,1.112313260767591,1.1846540662788323,0,1,0,1,1,1,4,1,1,0,0,1,0,0,1,0,0,0,0,1,0,0,0,1,0,1,0,1,1,0,0,0,0,0,0.2834592702569714,Low
0,1,0,1.5677776925507676,1,0,-1.5042081724048018,-0.3873777573005368,1.5677776925507678,0,1,-1.5042081724048018,-1.4885566171320224,0,0,0,0,0,0,0,1,0,0,0,0,0,0,0,1,1,0,1,0,1,0,1,0,1,0,1,0,0,1,0,0,1,0,0.013867111482250586,Low
0,0,0,-0.9559778674420596,1,1,-1.4760021709057969,-0.944178498129616,-0.9559778674420596,0,0,-1.476002170905797,-1.60622710561307,0,0,0,0,0,0,0,0,0,1,0,0,0,0,0,1,1,0,1,0,1,0,1,0,1,0,1,0,0,0,1,0,0,0,0.2793635169915253,Low
1,1,0,-0.3453918448631497,1,1,1.30477774158433,0.05904572173292,-0.3453918448631498,0,0,1.3047777415843298,1.2068733828944649,0,1,1,0,1,1,4,1,1,1,1,1,0,1,1,0,0,0,0,1,0,1,0,0,0,1,0,1,0,0,0,1,0,1,0.8602690736815867,High
1,0,0,-1.0373893371192475,1,1,0.8037064208373025,-0.7569035415230901,-1.0373893371192475,0,0,0.8037064208373027,0.5662017296462403,0,0,0,0,1,1,2,0,1,1,1,0,0,0,1,0,0,0,0,0,0,0,0,0,0,1,0,1,0,0,0,1,0,0,0.8797677547592521,High
0,0,1,0.346605647392948,1,1,1.533744106693899,0.9687640998596296,0.3466056473929479,0,0,1.5337441066938993,1.4887188744012132,1,1,1,1,1,1,6,1,1,0,1,1,0,0,1,0,0,1,0,1,0,1,0,1,0,1,0,1,0,1,0,1,0,0,0.16670304315669057,Low
0,1,1,-0.5082147842175256,1,1,0.8385491285713673,-0.2293919369486633,-0.5082147842175256,0,0,0.8385491285713673,0.7904574884526878,0,0,0,0,1,1,2,1,1,1,1,1,0,0,1,0,0,0,0,0,0,0,0,0,0,1,0,1,0,0,0,1,0,1,0.7954699110734905,High
0,1,0,0.0209597686841961,1,0,0.873391836305432,0.2916694758213682,0.0209597686841961,0,0,0.8733918363054318,0.823287570979409,0,0,0,0,1,1,2,1,1,1,1,1,0,0,1,0,0,0,0,0,0,0,0,0,0,1,0,1,0,0,0,1,0,0,0.703510482903936,High
0,0,0,0.9571916699718578,1,1,0.5598074666988484,0.980743027496364,0.957191669971858,0,1,0.5598074666988481,0.5305432086893735,0,1,1,1,1,1,5,0,1,0,0,1,0,0,0,0,0,0,0,1,0,1,0,1,0,1,0,1,0,1,1,0,0,0,0.07609384783478448,Low
0,1,1,-1.281623746150811,1,1,0.3175676891191596,-0.9762320023004376,-1.2816237461508115,1,0,0.3175676891191595,0.3163852812524848,0,0,0,0,0,0,0,1,1,1,1,1,0,1,1,0,0,0,0,0,0,0,0,0,0,0,0,0,0,0,0,1,0,1,0.9074922298574603,High
0,0,0,-1.1595065416350294,1,1,0.3690021624408743,-0.8689920786953886,-1.1595065416350294,1,0,0.3690021624408739,0.4892714988494876,0,0,0,0,0,0,0,0,1,1,1,1,0,1,1,0,0,0,0,0,0,0,0,0,0,0,0,0,0,0,0,1,0,1,0.9144291897434429,High
0,0,0,0.8757802002946699,1,0,1.5320849301351338,1.630325608940368,0.8757802002946699,0,1,1.5320849301351331,1.5368829332836402,0,1,1,1,1,1,5,0,1,1,1,0,0,1,1,0,0,0,0,1,0,1,0,1,0,1,0,1,0,0,0,1,0,1,0.6084550228930136,High
0,1,1,-0.9966836022806536,1,1,0.1201256786261254,-0.7612914271043115,-0.9966836022806536,0,0,0.1201256786261251,0.1854798078805915,0,0,0,1,1,1,3,1,0,1,1,0,0,0,0,0,0,0,0,0,0,0,0,1,0,1,0,1,0,0,0,1,0,0,0.6255058520435891,High
0,1,0,1.0386031396490458,0,1,-0.6613464805521857,0.1711342589052185,1.0386031396490456,0,1,-0.6613464805521859,-0.6144505443279472,0,0,0,0,1,1,2,1,0,0,0,1,1,0,0,0,0,0,0,0,0,0,0,0,0,1,0,1,1,0,1,0,0,0,0.3256389148779288,Medium
0,1,0,0.0616655035227901,1,0,1.1919537355883103,0.5388171311836589,0.0616655035227902,0,0,1.19195373558831,1.284022580192536,0,0,1,0,1,1,3,1,1,1,1,1,0,1,1,0,0,0,0,0,0,1,0,0,0,1,0,1,0,0,0,1,0,0,0.7680134828564339,High
1,0,0,-1.2409180113122174,0,1,-1.1458260357115635,-0.9744110297842308,-1.2409180113122176,1,0,-1.1458260357115635,-0.8474946620919322,0,0,1,0,0,0,1,0,0,1,1,0,1,0,0,0,0,0,0,0,0,1,0,0,0,0,0,0,0,0,0,1,0,1,0.8625683010498671,High
0,0,1,-0.3046861100245557,1,1,1.0276952562705766,0.0655617318210336,-0.3046861100245557,0,0,1.0276952562705766,1.0923052434820963,0,1,0,0,1,1,3,1,1,1,1,1,0,0,1,0,0,0,0,1,0,0,0,0,0,1,0,1,0,0,0,1,0,1,0.7391065896691744,High
0,1,0,1.4456604880349857,1,1,0.8302532457775423,1.6125327329085155,1.445660488034986,0,1,0.8302532457775423,0.758356999359318,0,0,1,0,1,0,2,1,1,0,0,0,0,1,1,0,0,0,0,0,0,1,0,0,0,1,0,0,0,1,0,0,0,0,0.19690051442612477,Low
0,1,0,1.5677776925507676,1,1,1.3346429196421,2.306125806732169,1.5677776925507678,0,1,1.3346429196421,1.3721807552494127,0,1,1,0,1,1,4,1,1,0,0,0,0,1,1,0,0,0,0,1,0,1,0,0,0,1,0,1,0,1,0,0,0,0,0.21944994412908128,Low
0,0,1,-1.281623746150811,1,0,-0.1901403378629278,-0.9829454672397064,-1.2816237461508115,1,0,-0.1901403378629278,-0.1898652697971123,0,0,1,0,0,1,2,1,0,1,1,0,0,0,0,0,0,0,0,0,0,1,0,0,0,0,0,1,0,0,0,1,0,1,0.729305764338191,High
0,0,0,-0.7931549280876836,1,0,1.102358201415001,-0.4691021262507839,-0.7931549280876837,0,0,1.1023582014150013,0.9826048978298206,1,0,0,0,1,1,3,0,1,1,0,1,0,1,1,0,0,1,0,0,0,0,0,0,0,1,0,1,0,0,0,0,1,1,0.7274617184916928,High
0,1,1,-1.1188008067964357,1,1,0.6494030008721581,-0.8098214416326193,-1.1188008067964357,1,0,0.649403000872158,0.8540696900469917,1,0,1,0,0,0,2,1,1,1,1,1,0,1,1,0,0,1,0,0,0,1,0,0,0,0,0,0,0,0,0,1,0,1,0.864377094126936,High
0,0,0,-0.4268033145403377,1,0,-1.462728758435677,-0.8111816861627978,-0.4268033145403377,0,0,-1.462728758435677,-1.470907773827102,0,0,0,0,0,0,0,0,0,0,0,0,0,0,0,1,1,0,1,0,1,0,1,0,1,0,1,0,1,0,0,0,0,0,0.08444212429934678,Low
0,1,1,-0.9152721326034656,1,0,-1.2885152197653529,-0.9099529905960896,-0.9152721326034656,0,0,-1.2885152197653529,-1.4023849719678636,0,0,0,0,0,0,0,1,0,0,0,0,0,1,0,1,1,0,1,0,1,0,1,0,1,0,1,0,0,1,1,0,0,0,0.05921542711116436,Low
1,1,0,0.9164859351332638,1,1,0.3009759235315097,0.7692250030535903,0.9164859351332636,0,1,0.3009759235315096,0.2892528987779315,0,0,0,0,0,0,0,1,1,1,1,1,0,1,1,0,0,0,0,0,0,0,0,0,0,0,0,0,0,0,0,1,0,0,0.6881300614867321,High
0,1,1,-0.2232746403473677,1,1,-1.472683817788267,-0.7529763839278971,-0.2232746403473678,0,0,-1.472683817788267,-1.433861721916324,0,0,0,0,0,0,0,1,0,0,0,0,0,0,0,1,1,0,1,0,1,0,1,0,1,0,1,0,1,0,0,0,1,0,0.08791783678194687,Low
0,0,0,-0.9152721326034656,1,0,-1.5290958207862766,-0.9373114571950047,-0.9152721326034656,0,0,-1.5290958207862766,-1.608690343588402,0,0,0,0,0,0,0,0,0,1,0,0,0,0,0,1,1,0,1,0,1,0,1,0,1,0,1,0,0,0,0,0,1,0,0.2154594808065536,Low
0,0,0,-0.3860975797017437,1,0,-1.462728758435677,-0.8009798521864583,-0.3860975797017437,0,0,-1.462728758435677,-1.466928680330581,0,0,0,0,0,0,0,0,0,1,1,1,0,0,0,1,1,0,1,0,1,0,1,0,1,0,1,0,0,0,0,1,0,0,0.21958083038794046,Low
0,1,1,1.5270719577121736,1,1,0.6361295884020379,1.6149021911223749,1.5270719577121736,0,1,0.6361295884020378,0.6778510108394382,0,1,1,1,1,1,5,1,1,0,1,1,0,1,0,0,0,0,0,1,0,1,0,1,0,1,0,1,0,1,0,1,0,0,0.09159732222329477,Low
0,0,1,-1.1188008067964357,1,0,-0.6281629493768859,-0.91164232654486,-1.1188008067964357,1,0,-0.628162949376886,-0.6815569814701201,0,0,0,0,0,0,0,1,0,1,0,0,0,0,0,0,0,0,0,0,0,0,0,0,0,0,0,0,0,0,0,0,1,1,0.5362711566674287,Medium
0,0,0,-0.3453918448631497,1,1,-1.5058673489635668,-0.8026033698515102,-0.3453918448631498,0,0,-1.5058673489635668,-1.5004365492844411,0,0,0,0,0,0,0,0,0,0,0,0,0,0,0,1,1,0,1,0,1,0,1,0,1,0,1,0,0,1,0,0,0,0,0.051201953836171495,Low
0,0,0,-0.9966836022806536,1,1,-1.4842980536996218,-0.947074502613222,-0.9966836022806536,0,0,-1.484298053699622,-1.5657169512239797,0,0,0,0,0,0,0,0,0,0,0,0,0,0,0,1,1,0,1,0,1,0,1,0,1,0,1,0,1,0,0,0,0,0,0.161610455366344,Low
0,1,0,-0.5489205190561197,1,1,0.7920921849259474,-0.2751137047049894,-0.5489205190561197,0,0,0.792092184925947,0.7636864647306034,1,1,0,1,0,0,3,1,1,1,0,1,0,1,1,0,0,1,0,1,0,0,0,1,0,0,0,0,0,0,1,0,0,0,0.5402321385026684,Medium
1,1,0,0.428017117070136,1,1,1.1819986762357204,0.8796242042771186,0.428017117070136,0,0,1.1819986762357202,1.1632141783950318,0,1,1,0,1,1,4,1,1,0,0,1,0,0,1,0,0,0,0,1,0,1,0,0,0,1,0,1,1,0,0,0,0,0,0.471286399597486,Medium
1,0,0,1.4049547531963915,1,1,1.2102046777347255,1.9928527156608733,1.4049547531963915,0,1,1.2102046777347255,1.2297944185988734,0,0,1,0,1,1,3,0,1,1,0,1,0,1,1,0,0,0,0,0,0,1,0,0,0,1,0,1,0,0,1,0,0,0,0.6661450540451824,High
0,0,0,-1.1595065416350294,1,1,-0.3195561094465974,-0.904270678768408,-1.1595065416350294,1,0,-0.3195561094465977,-0.1758027544901791,0,0,0,0,0,1,1,0,0,1,0,1,0,0,0,0,0,0,0,0,0,0,0,0,0,0,0,1,0,0,0,0,1,0,0.7567716467778892,High
0,1,0,1.0793088744876398,1,0,1.6200212877496785,1.8700796770983004,1.07930887448764,0,1,1.6200212877496782,1.5309772065163214,1,1,1,1,1,1,6,1,1,0,1,1,0,1,1,0,0,1,0,1,0,1,0,1,0,1,0,1,0,1,0,1,0,0,0.17809124157863956,Low
0,1,0,1.6084834273893616,1,0,-1.3117436915880627,-0.2581984057893812,1.6084834273893618,0,1,-1.311743691588063,-1.3624308843605175,0,0,0,0,0,0,0,1,0,0,0,1,0,1,0,1,1,0,1,0,1,0,1,0,1,0,1,0,0,1,0,0,1,0,0.01877852042959484,Low
0,0,1,-0.5489205190561197,1,1,-1.4909347599346818,-0.8432571297615257,-0.5489205190561197,0,0,-1.490934759934682,-1.491192150677097,0,0,0,0,0,0,0,1,0,1,1,1,0,0,0,1,1,0,1,0,1,0,1,0,1,0,1,0,0,0,0,1,0,0,0.2645677540451295,Low
0,0,0,-1.281623746150811,1,0,0.2843841579438598,-0.97667079085856,-1.2816237461508115,1,0,0.2843841579438596,0.2832970099420536,0,0,1,0,0,0,1,0,1,1,0,0,0,0,1,0,0,0,0,0,0,1,0,0,0,0,0,0,0,0,0,0,0,1,0.8033286547431274,High
0,1,1,-0.1011574358315858,0,0,-0.4556085872653266,-0.3237534163728278,-0.1011574358315858,0,0,-0.4556085872653266,-0.4264464096666955,0,0,0,1,1,1,3,1,0,1,0,0,1,0,0,0,0,0,0,0,0,0,0,1,0,1,0,1,0,0,1,0,0,1,0.3988872114760362,Medium
0,1,0,-1.2409180113122174,1,1,0.3142493360016298,-0.9477546248783112,-1.2409180113122176,1,0,0.3142493360016297,0.1575615789624151,1,0,0,0,0,0,1,1,1,1,1,0,0,0,1,0,0,1,0,0,0,0,0,0,0,0,0,0,0,0,0,1,0,1,0.8503187418579089,High
0,1,1,1.1200146093262338,1,1,0.0305301444528158,0.7147713429906338,1.1200146093262338,0,1,0.0305301444528156,0.0176533384381417,1,1,1,1,0,0,4,1,0,0,0,1,0,0,0,0,0,1,0,1,0,1,0,1,0,0,0,0,1,0,0,0,0,0,0.05520297030479279,Low
0,0,0,0.46872285190873,1,1,1.5453583426052535,1.1477898315734594,0.4687228519087299,0,0,1.5453583426052535,1.5475321761586762,1,1,1,0,1,1,5,0,1,1,1,1,0,1,1,0,0,1,0,1,0,1,0,0,0,1,0,1,0,0,0,1,0,0,0.6747366680517198,High
0,0,0,-1.281623746150811,1,1,-0.5418857683211062,-0.987596625955801,-1.2816237461508115,1,0,-0.5418857683211064,-0.540600945687683,0,1,0,0,0,0,1,0,0,1,1,0,0,0,0,0,0,0,0,1,0,0,0,0,0,0,0,0,0,0,0,1,0,0,0.751300341832314,High
0,1,0,-1.2002122764736234,0,1,-1.1624178012992137,-0.96844350539377,-1.2002122764736236,1,0,-1.1624178012992137,-1.13122658857888,0,0,0,1,0,0,1,1,0,1,1,1,1,0,0,0,0,0,0,0,0,0,0,1,0,0,0,0,0,0,0,1,0,0,0.8015891359868583,High
1,1,0,1.5677776925507676,1,0,-1.3299946337344777,-0.174784700890364,1.5677776925507678,0,1,-1.3299946337344777,-1.262764117837601,0,0,0,0,0,0,0,1,0,0,0,1,0,1,0,1,1,0,1,0,1,0,1,0,1,0,1,0,0,1,0,0,0,0,0.023136733255014186,Low
0,0,0,-1.2409180113122174,1,0,-0.5219756496159262,-0.9634193764032716,-1.2409180113122176,1,0,-0.5219756496159262,-0.4330640639287816,0,1,0,0,0,0,1,0,0,1,0,0,0,0,0,0,0,0,0,1,0,0,0,0,0,0,0,0,0,0,0,0,1,0,0.58891396969817,Medium
0,0,0,-1.281623746150811,0,0,-1.2968111025591778,-0.9975790656530796,-1.2816237461508115,1,0,-1.2968111025591778,-1.2933591179999926,0,0,0,0,0,0,0,0,0,0,0,0,1,0,0,0,0,0,0,0,0,0,0,0,0,0,0,0,1,0,0,0,1,0,0.5506125336107198,Medium
0,1,1,1.6084834273893616,1,1,1.6780924673064532,2.6879376705821416,1.6084834273893618,0,1,1.678092467306453,1.7231653051681295,1,1,1,1,1,1,6,1,1,0,1,0,0,1,1,0,0,1,0,1,0,1,0,1,0,1,0,1,0,1,0,1,0,0,0.1458243980253685,Low
0,0,0,-1.0780950719578417,1,1,0.697519121076343,-0.7831211578708875,-1.0780950719578417,1,0,0.697519121076343,0.689179804683343,0,1,0,0,0,1,2,0,1,1,0,0,0,0,1,0,0,0,0,1,0,0,0,0,0,0,0,1,0,0,0,0,1,0,0.851791355166115,High
0,0,0,-1.281623746150811,1,1,0.6842457086062228,-0.971383388733188,-1.2816237461508115,1,0,0.6842457086062225,0.6820106792327494,0,0,1,0,1,0,2,0,1,1,0,0,0,0,1,0,0,0,0,0,0,1,0,0,0,1,0,0,0,0,1,0,0,1,0.8827855649070657,High
1,0,0,-0.5082147842175256,1,0,0.8302532457775423,-0.2856007512441084,-0.5082147842175256,0,0,0.8302532457775423,0.5785271107093759,0,0,0,0,1,1,2,0,1,1,1,1,0,0,1,0,0,0,0,0,0,0,0,0,0,1,0,1,0,0,0,1,0,0,0.7892271085011944,High
0,0,0,-1.281623746150811,1,1,0.7771595958970623,-0.9701547807704464,-1.2816237461508115,1,0,0.7771595958970619,0.7746578389019567,0,0,0,0,1,1,2,0,1,1,1,1,0,0,1,0,0,0,0,0,0,0,0,0,0,1,0,1,0,0,0,1,0,1,0.9411754928524662,High
0,0,0,-0.8338606629262776,1,0,-1.4892755833759168,-0.8924453271270166,-0.8338606629262776,0,0,-1.4892755833759168,-1.4167507964284756,0,0,0,0,0,0,0,0,0,1,0,1,0,0,0,1,1,0,1,0,1,0,1,0,1,0,1,0,0,0,1,0,0,0,0.21299136624090298,Low
0,0,0,-0.9559778674420596,0,1,-1.3266762806169474,-0.925442226697801,-0.9559778674420596,0,0,-1.326676280616948,-1.4492416406180242,0,0,0,0,0,0,0,0,0,1,1,1,1,0,0,0,0,0,0,0,0,0,0,0,0,0,0,0,0,0,0,1,0,0,0.6819551808391497,High
0,0,0,-0.8338606629262776,1,0,-1.4876164068171518,-0.910808628284428,-0.8338606629262776,0,0,-1.4876164068171518,-1.5321461426236045,0,0,0,0,0,0,0,0,0,1,0,0,0,0,0,1,1,0,1,0,1,0,1,0,1,0,1,0,0,0,0,0,1,0,0.2035634457136915,Low
0,0,0,-1.281623746150811,1,1,-0.4987471777932165,-0.9870262008302422,-1.2816237461508115,1,0,-0.4987471777932167,-0.4975861929841225,0,0,0,1,0,0,1,0,0,1,1,0,0,0,0,0,0,0,0,0,0,0,0,1,0,0,0,0,0,0,0,1,0,0,0.7178966717274384,High
0,0,0,-0.6303319887333076,1,1,-1.5025489958460367,-0.8546656322727011,-0.6303319887333076,0,0,-1.502548995846037,-1.464444944363928,0,0,0,0,0,0,0,0,0,0,0,1,0,0,0,1,1,0,1,0,1,0,1,0,1,0,1,0,1,0,0,0,0,0,0.13737984448823573,Low
0,0,0,-0.8338606629262776,1,1,0.4851445215544238,-0.5884526140600037,-0.8338606629262776,0,0,0.4851445215544234,0.4935454005604187,0,0,0,1,0,0,1,0,1,1,0,0,0,1,1,0,0,0,0,0,0,0,0,1,0,0,0,0,0,0,1,0,0,0,0.6830445650077568,High
0,0,0,-0.8338606629262776,1,1,1.3860773929638146,-0.4587247768511954,-0.8338606629262776,0,0,1.3860773929638146,1.3087576849711673,0,1,1,0,1,1,4,0,1,1,1,1,0,1,1,0,0,0,0,1,0,1,0,0,0,1,0,1,0,0,0,1,0,1,0.86983625953944,High
0,0,0,-0.7117434584104956,1,1,-0.3062826969764773,-0.6140998052822424,-0.7117434584104957,0,0,-0.3062826969764773,-0.1638358296995733,1,0,0,0,0,0,1,0,0,1,0,0,0,1,0,0,0,1,0,0,0,0,0,0,0,0,0,0,0,0,0,0,1,1,0.4340497067075631,Medium
0,1,0,1.5677776925507676,1,1,1.1305642029140055,2.0602286987605263,1.5677776925507678,0,1,1.1305642029140055,1.1110164278921504,1,1,1,0,1,0,4,1,1,0,1,1,0,1,1,0,0,1,0,1,0,1,0,0,0,1,0,0,0,1,0,1,0,0,0.1772905534820441,Low
0,1,0,-0.1011574358315858,1,1,0.665994766459808,0.1425691237714678,-0.1011574358315858,0,0,0.6659947664598078,0.7457056015053294,0,0,0,0,0,1,1,1,1,1,1,0,0,1,1,0,0,0,0,0,0,0,0,0,0,0,0,1,0,0,0,1,0,1,0.7879459277572327,High
0,0,1,0.0209597686841961,1,1,-1.4859572302583868,-0.7096021349575243,0.0209597686841961,0,0,-1.485957230258387,-1.4647162563924985,0,0,0,0,0,0,0,1,0,0,0,1,0,0,0,1,1,0,1,0,1,0,1,0,1,0,1,0,1,0,0,0,1,0,0.07456527126656508,Low
0,0,0,-1.281623746150811,1,0,-1.494253113052212,-1.000189857573906,-1.2816237461508115,1,0,-1.494253113052212,-1.4902343322970584,0,0,0,0,0,0,0,0,0,1,0,0,0,0,0,1,1,0,1,0,1,0,1,0,1,0,1,0,0,0,0,0,1,0,0.41455083553462174,Medium
0,1,1,1.2014260790034217,1,1,0.1831743878591953,0.878066504895785,1.201426079003422,0,1,0.1831743878591953,0.1463809453502612,0,0,0,0,1,1,2,1,1,1,0,0,0,1,0,0,0,0,0,0,0,0,0,0,0,1,0,1,0,0,1,0,0,0,0.3692243348962317,Medium
0,1,1,1.6084834273893616,1,1,1.7212310578343428,2.701803389018801,1.6084834273893618,0,1,1.7212310578343426,1.7376873797988193,1,1,1,1,1,1,6,1,1,0,0,0,0,1,1,0,0,1,0,1,0,1,0,1,0,1,0,1,0,1,1,0,0,0,0.10314311358180257,Low
0,1,1,-0.1011574358315858,1,0,0.0454627334817008,-0.164911958332616,-0.1011574358315858,0,0,0.0454627334817005,-0.0271812691874926,1,0,0,1,0,1,3,1,0,1,0,0,0,0,0,0,0,1,0,0,0,0,0,1,0,0,0,1,0,0,0,0,0,0,0.17934504202074383,Low
0,0,1,-1.2002122764736234,1,1,-1.472683817788267,-0.983735286644326,-1.2002122764736236,1,0,-1.472683817788267,-1.5156020069683889,0,0,0,0,0,0,0,1,0,0,0,0,0,0,0,1,1,0,1,0,1,0,1,0,1,0,1,0,1,0,1,0,0,0,0.2641857440124014,Low
0,1,1,-0.1825689055087738,1,1,0.8468450113651922,0.0921084395874226,-0.1825689055087737,0,0,0.8468450113651922,0.8165499538289136,0,0,0,1,0,1,2,1,1,0,1,0,0,1,1,0,0,0,0,0,0,0,0,1,0,0,0,1,1,0,0,1,0,0,0.5276454940203724,Medium
0,0,0,-0.1011574358315858,1,1,0.9746016063900964,0.1668999493193399,-0.1011574358315858,0,0,0.974601606390096,0.8068637563107762,1,1,0,0,0,1,3,0,1,1,0,1,0,1,1,0,0,1,0,1,0,0,0,0,0,0,0,1,0,0,1,0,0,0,0.6034681597310143,High
0,1,1,-0.8338606629262776,1,0,-1.5241182911099815,-0.9064426821311126,-0.8338606629262776,0,0,-1.5241182911099818,-1.5047104509953717,0,0,0,0,0,0,0,1,0,1,0,0,0,0,0,1,1,0,1,0,1,0,1,0,1,0,1,0,0,0,0,0,1,1,0.18060045219522458,Low
0,0,0,0.7536629957788878,1,1,-1.3382905165283026,-0.4532399198746688,0.753662995778888,0,1,-1.3382905165283026,-1.327063739462285,0,0,0,0,0,0,0,0,0,0,0,1,0,1,0,1,1,0,1,0,1,0,1,0,1,0,1,0,1,0,0,0,0,0,0.10047849146591246,Low
0,0,0,-0.7117434584104956,0,0,-0.6314813024944159,-0.7046438242507442,-0.7117434584104957,0,0,-0.6314813024944161,-0.6190201486934048,1,1,1,1,0,0,4,0,0,0,0,0,1,0,0,0,0,1,0,1,0,1,0,1,0,0,0,0,1,0,0,0,1,0,0.15850751685195713,Low
0,1,1,1.6084834273893616,1,1,-1.3216987509406526,-0.2231391999954229,1.6084834273893618,0,1,-1.3216987509406526,-1.3257120943924143,0,0,0,0,0,0,0,1,0,0,0,1,0,1,0,1,1,0,1,0,1,0,1,0,1,0,1,0,0,1,1,0,0,0,0.021804070708028794,Low
0,0,0,-0.0197459661543978,1,1,1.4341935131679997,0.4973954912969296,-0.0197459661543979,0,0,1.4341935131679997,1.4009567742997124,1,1,0,1,1,1,5,0,1,1,0,1,0,1,1,0,0,1,0,1,0,0,0,1,0,1,0,1,0,0,1,0,0,1,0.6032381642199193,High
1,0,0,-1.0780950719578417,1,1,0.3042942766490395,-0.8110719890232673,-1.0780950719578417,1,0,0.3042942766490393,0.3378926576042648,1,0,0,0,0,0,1,0,1,1,1,0,0,0,1,0,0,1,0,0,0,0,0,0,0,0,0,0,0,0,0,1,0,0,0.8560342079204352,High
0,1,0,1.2421318138420157,1,0,0.1947886237705501,0.9431607874932034,1.242131813842016,0,1,0.1947886237705498,0.1878662337975244,1,1,0,1,1,0,4,1,1,0,0,1,0,0,0,0,0,1,0,1,0,0,0,1,0,1,0,0,1,0,1,0,0,0,0.056148146030961986,Low
1,0,0,-0.8745663977648716,1,1,1.0028076078891015,-0.5711643448699917,-0.8745663977648717,0,0,1.0028076078891015,0.8522648752482407,0,0,0,0,1,1,2,0,1,1,0,0,0,1,1,0,0,0,0,0,0,0,0,0,0,1,0,1,0,0,0,0,0,1,0.8606632024098336,High
0,0,0,-0.5489205190561197,1,1,-0.1121590396009734,-0.5292380981414221,-0.5489205190561197,0,0,-0.1121590396009737,-0.2448962894502505,0,0,0,1,1,0,2,0,0,1,0,1,0,0,0,0,0,0,0,0,0,0,0,1,0,1,0,0,0,0,1,0,0,0,0.4155534929003235,Medium
0,1,1,1.2828375486806096,1,1,0.2694515689149748,1.0484042231587964,1.2828375486806096,0,1,0.2694515689149744,0.2753609948699422,1,0,1,0,1,1,4,1,1,0,0,1,0,0,0,0,0,1,0,0,0,1,0,0,0,1,0,1,1,0,1,0,0,0,0.12973068409334254,Low
0,1,1,-1.0373893371192475,1,0,0.1499908566838955,-0.7995976682283736,-1.0373893371192475,0,0,0.1499908566838955,0.1062747584312469,1,1,1,0,1,0,4,1,0,0,1,0,0,0,0,0,0,1,0,1,0,1,0,0,0,1,0,0,1,0,0,1,0,0,0.2521798005511648,Low
1,0,0,-1.1595065416350294,1,0,-1.4892755833759168,-0.9687945362402676,-1.1595065416350294,1,0,-1.4892755833759168,-1.392210328539906,0,0,0,0,0,0,0,0,0,1,0,0,0,0,0,1,1,0,1,0,1,0,1,0,1,0,1,0,0,0,0,0,1,0,0.4349866935446828,Medium
0,0,0,-1.0373893371192475,1,1,-1.4925939364934466,-0.944200437557522,-1.0373893371192475,0,0,-1.492593936493447,-1.451473785904839,0,0,0,0,0,0,0,0,0,1,0,1,0,0,0,1,1,0,1,0,1,0,1,0,1,0,1,0,0,0,0,0,1,0,0.30367131836488337,Medium
0,0,0,-1.1595065416350294,1,1,0.8451858348064274,-0.8524278106262781,-1.1595065416350294,1,0,0.8451858348064275,0.801542059341682,0,0,1,1,0,1,3,0,1,1,1,1,0,0,1,0,0,0,0,0,0,1,0,1,0,0,0,1,0,0,0,1,0,0,0.8882536433473551,High
0,0,0,-1.2002122764736234,1,1,0.3192268656779245,-0.9063988032753004,-1.2002122764736236,1,0,0.3192268656779242,0.4283339325194439,1,0,0,0,0,0,1,0,1,1,1,0,0,0,1,0,0,1,0,0,0,0,0,0,0,0,0,0,0,0,0,1,0,0,0.8465428380440858,High
1,0,0,1.3235432835192036,0,1,-0.3792864655621371,0.5346925187373109,1.323543283519204,0,1,-0.3792864655621372,-0.3579027830213175,0,1,1,0,1,1,4,0,0,0,0,0,1,0,0,0,0,0,0,1,0,1,0,0,0,1,0,1,0,1,0,0,0,0,0.14293988004055577,Low
0,1,1,0.387311382231542,1,0,-0.0408144475740785,0.2036046122062562,0.387311382231542,0,0,-0.0408144475740785,0.0283203668558379,1,0,0,1,0,1,3,1,0,0,0,1,0,0,0,0,0,1,0,0,0,0,0,1,0,0,0,1,1,0,1,0,0,0,0.07809249944015642,Low
0,0,0,-0.2639803751859618,1,0,0.3341594547068096,-0.1715596049881664,-0.2639803751859618,0,0,0.3341594547068094,0.2799245515200286,1,0,0,1,1,1,4,0,1,0,0,1,0,0,0,0,0,1,0,0,0,0,0,1,0,1,0,1,1,0,0,0,0,0,0.1570236175906403,Low
0,0,0,0.631545791263106,1,0,-1.3233579274994176,-0.4948809540404592,0.631545791263106,0,1,-1.3233579274994176,-1.3411303097044278,0,0,0,0,0,0,0,0,0,0,0,0,0,1,0,1,1,0,1,0,1,0,1,0,1,0,1,0,1,0,1,0,0,0,0.07631668018806591,Low
0,1,1,1.4863662228735797,1,1,1.1421784388253606,1.999610059455954,1.4863662228735797,0,1,1.1421784388253602,1.1392522255297948,0,0,0,1,1,1,3,1,1,0,1,1,0,1,1,0,0,0,0,0,0,0,0,1,0,1,0,1,0,1,0,1,0,0,0.23603966064097862,Low
0,1,1,-0.6303319887333076,0,0,-0.6795974226986006,-0.6613353935640898,-0.6303319887333076,0,0,-0.6795974226986006,-0.6068748067535762,1,0,1,0,1,0,3,1,0,0,0,1,1,0,0,0,0,1,0,0,0,1,0,0,0,1,0,0,1,0,1,0,0,0,0.2502765615856604,Low
0,1,1,-1.281623746150811,1,1,-1.457751228759382,-0.9997071901599718,-1.2816237461508115,1,0,-1.457751228759382,-1.453837233855584,0,0,0,0,0,0,0,1,0,1,1,0,0,0,0,1,1,0,1,0,1,0,1,0,1,0,1,0,0,0,0,1,0,1,0.5452407938297638,Medium
0,0,0,-1.1595065416350294,1,1,0.3889122811460545,-0.8625418868909934,-1.1595065416350294,1,0,0.3889122811460543,0.6108708959153226,0,1,0,0,0,0,1,0,1,1,0,0,0,0,1,0,0,0,0,1,0,0,0,0,0,0,0,0,0,0,0,0,0,1,0.8176489150436039,High
1,0,0,0.0616655035227901,1,1,1.042627845299461,0.3909234476685944,0.0616655035227902,0,0,1.0426278452994606,0.9560107612166288,0,1,0,1,1,0,3,0,1,1,1,0,0,1,1,0,0,0,0,1,0,0,0,1,0,1,0,0,0,0,0,1,0,0,0.6964653520295201,High
0,0,0,-1.2409180113122174,1,0,0.1798560347416651,-0.9478204431620296,-1.2409180113122176,1,0,0.1798560347416649,0.1550799586141327,0,0,0,0,0,0,0,0,0,1,1,0,0,0,1,0,0,0,0,0,0,0,0,0,0,0,0,0,0,0,0,1,0,0,0.8567105686677514,High
0,1,1,-1.281623746150811,1,0,-0.4804962356468015,-0.9867848671232752,-1.2816237461508115,1,0,-0.4804962356468015,-0.4793876437633853,0,0,1,0,0,0,1,1,0,1,0,0,0,0,0,0,0,0,0,0,0,1,0,0,0,0,0,0,0,0,0,0,1,1,0.5812561554126776,Medium
0,0,0,-0.8338606629262776,1,0,-1.480979700582092,-0.9006726125918068,-0.8338606629262776,0,0,-1.480979700582092,-1.4684512203510245,0,0,0,0,0,0,0,0,0,1,0,0,0,0,0,1,1,0,1,0,1,0,1,0,1,0,1,0,0,0,0,0,1,0,0.20432148232267267,Low
0,0,0,0.224488442877166,1,1,0.1516500332426604,0.1430079123295899,0.224488442877166,0,0,0.1516500332426602,0.1372297069861371,0,0,0,0,0,0,0,0,0,1,0,1,0,0,1,0,0,0,0,0,0,0,0,0,0,0,0,0,0,0,1,0,0,0,0.53677087850215,Medium
0,1,1,-0.0604517009929918,1,0,0.5183280527297236,0.0755880503741243,-0.0604517009929917,0,0,0.5183280527297233,0.4894049192983198,0,1,0,1,1,1,4,1,1,0,0,0,0,1,0,0,0,0,0,1,0,0,0,1,0,1,0,1,0,1,0,0,0,0,0.08780737031640179,Low
0,1,1,1.4049547531963915,1,1,1.4541036318731793,2.131136929753063,1.4049547531963915,0,1,1.454103631873179,1.3854327574568188,1,0,1,1,1,1,5,1,1,0,0,0,0,1,1,0,0,1,0,0,0,1,0,1,0,1,0,1,0,1,1,0,0,1,0.1337903761783341,Low
0,1,1,-0.4268033145403377,1,1,0.7904330083671824,-0.1817394995365997,-0.4268033145403377,0,0,0.7904330083671822,0.686597916846241,0,0,1,0,1,0,2,1,1,1,1,1,0,1,1,0,0,0,0,0,0,1,0,0,0,1,0,0,0,0,0,1,0,0,0.7902729172516518,High
0,1,0,1.2421318138420157,1,1,0.5398973479936687,1.16970732005166,1.242131813842016,0,1,0.5398973479936687,0.4590324953463439,0,0,0,1,0,0,1,1,1,0,0,0,0,1,1,0,0,0,0,0,0,0,0,1,0,0,0,0,1,0,1,0,0,0,0.2598494057770338,Low
0,0,0,1.5270719577121736,1,0,0.4868036981131887,1.4436649563152129,1.5270719577121736,0,1,0.4868036981131885,0.4933838982837842,1,0,1,1,1,1,5,0,1,0,0,0,0,0,0,0,0,1,0,0,0,1,0,1,0,1,0,1,0,1,0,0,0,0,0.03131402249732495,Low
0,0,0,-1.281623746150811,1,0,-1.4760021709057969,-0.999948523866939,-1.2816237461508115,1,0,-1.476002170905797,-1.472035783076321,0,0,0,0,0,0,0,0,0,1,0,1,0,0,0,1,1,0,1,0,1,0,1,0,1,0,1,0,0,0,0,0,1,0,0.4208144524135478,Medium
0,1,1,0.6722515261016999,1,0,1.1786803231181906,1.1594835466474145,0.6722515261016998,0,1,1.1786803231181906,1.1883625209088076,0,1,0,0,1,1,3,1,1,0,0,0,0,1,1,0,0,0,0,1,0,0,0,0,0,1,0,1,1,0,0,0,1,1,0.39535698154288096,Medium
1,1,0,1.5677776925507676,1,0,0.8136614801898924,1.814792318774912,1.5677776925507678,0,1,0.8136614801898924,0.8503414341246895,0,1,1,0,0,1,3,1,1,0,0,0,0,0,1,0,0,0,0,1,0,1,0,0,0,0,0,1,0,1,1,0,0,0,0.11155728211465384,Low
0,1,1,-0.3860975797017437,1,1,0.0438035569229359,-0.3359078594328108,-0.3860975797017437,0,0,0.0438035569229357,0.0578651788835942,1,1,1,1,0,0,4,1,0,0,0,0,0,0,0,0,0,1,0,1,0,1,0,1,0,0,0,0,1,0,0,0,1,0,0.10372927918339658,Low
0,1,1,1.6084834273893616,1,1,0.858459247276547,1.7982719295616136,1.6084834273893618,0,1,0.8584592472765467,0.7913857982866748,1,1,1,1,1,1,6,1,1,0,0,1,0,1,0,0,0,1,0,1,0,1,0,1,0,1,0,1,0,1,1,0,0,0,0.04253670640431414,Low
0,1,1,1.6084834273893616,1,1,0.2163579190344952,1.1963637249575796,1.6084834273893618,0,1,0.2163579190344952,0.1609852959243973,1,0,1,0,1,0,3,1,1,0,0,0,0,1,0,0,0,1,0,0,0,1,0,0,0,1,0,0,0,1,0,0,0,0,0.04398722472970145,Low
0,0,0,-1.2409180113122174,1,0,0.1599459160364854,-0.9454948638039824,-1.2409180113122176,1,0,0.1599459160364852,0.2427638775867756,0,0,0,0,0,0,0,0,0,1,0,0,0,0,1,0,0,0,0,0,0,0,0,0,0,0,0,0,0,0,0,0,0,1,0.8077484191665287,High
0,0,0,0.387311382231542,1,0,-0.175207748834043,0.1040873672241569,0.387311382231542,0,0,-0.1752077488340433,-0.1503562982204901,1,1,1,0,0,0,3,0,0,1,0,0,0,0,0,0,0,1,0,1,0,1,0,0,0,0,0,0,0,0,0,0,0,0,0.14265536017869077,Low
0,1,1,0.590840056424512,1,0,-1.4992306427285067,-0.5925552870784456,0.5908400564245119,0,0,-1.499230642728507,-1.4806598537902105,0,0,0,0,0,0,0,1,0,0,0,0,0,0,0,1,1,0,1,0,1,0,1,0,1,0,1,0,0,1,0,0,1,0,0.01659319157345604,Low
0,0,1,-0.1418631706701798,1,0,-1.4959122896109769,-0.7741479318572899,-0.1418631706701799,0,0,-1.4959122896109769,-1.5382123256971834,0,0,0,0,0,0,0,1,0,0,0,1,0,0,0,1,1,0,1,0,1,0,1,0,1,0,1,0,1,0,0,0,1,0,0.059701464318827634,Low
0,1,1,1.6084834273893616,0,1,-0.0374960944565487,1.046495492930965,1.6084834273893618,0,1,-0.037496094456549,0.0040228088955391,1,1,1,1,1,1,6,1,0,0,0,0,1,0,0,0,0,1,0,1,0,1,0,1,0,1,0,1,0,1,0,0,0,0,0.049726502488345696,Low
0,0,0,-1.281623746150811,1,1,0.1533092098014253,-0.9784040056631422,-1.2816237461508115,1,0,0.153309209801425,0.1525983382658503,0,0,0,0,0,0,0,0,0,1,1,1,0,0,1,0,0,0,0,0,0,0,0,0,0,0,0,0,0,0,0,1,0,1,0.9013075996661739,High
0,0,0,0.305899912554354,1,1,-0.4589269403828566,-0.0905811765867269,0.3058999125543541,0,0,-0.4589269403828567,-0.4174298557346028,0,0,0,1,0,0,1,0,0,1,1,1,0,0,0,0,0,0,0,0,0,0,0,1,0,0,0,0,0,0,0,1,0,0,0.3083210395890906,Medium
0,0,0,-1.281623746150811,1,0,-0.0955672740133234,-0.9816949198490582,-1.2816237461508115,1,0,-0.0955672740133238,-0.0955636965623836,0,0,1,1,0,0,2,0,0,1,0,1,0,1,0,0,0,0,0,0,0,1,0,1,0,0,0,0,0,0,0,0,1,1,0.6307926244988503,High
1,0,0,-1.281623746150811,1,1,0.665994766459808,-0.9716247224401552,-1.2816237461508115,1,0,0.6659947664598078,0.6638121300120123,0,0,1,0,0,1,2,0,1,1,1,0,0,0,1,0,0,0,0,0,0,1,0,0,0,0,0,1,0,0,0,1,0,1,0.9295215795287628,High
0,1,1,1.5270719577121736,1,0,1.107335731091296,2.000948364558226,1.5270719577121736,0,1,1.1073357310912957,1.0937233122525436,0,1,0,0,1,1,3,1,1,0,0,1,0,1,1,0,0,0,0,1,0,0,0,0,0,1,0,1,0,1,0,0,0,1,0.1468800777812289,Low
0,0,0,0.6722515261016999,1,1,-1.494253113052212,-0.5602165703448446,0.6722515261016998,0,1,-1.494253113052212,-1.4581589672512325,0,0,0,0,0,0,0,0,0,0,0,1,0,0,0,1,1,0,1,0,1,0,1,0,1,0,1,0,0,1,1,0,0,0,0.03554016352542685,Low
0,0,0,-0.6303319887333076,1,1,0.3889122811460545,-0.4325510393592103,-0.6303319887333076,0,0,0.3889122811460543,0.4079619380263546,0,0,1,0,0,0,1,0,1,1,1,1,0,0,1,0,0,0,0,0,0,1,0,0,0,0,0,0,0,0,0,1,0,1,0.7285022343302352,High
0,0,0,0.0209597686841961,1,1,0.0487810865992311,-0.0236659214731018,0.0209597686841961,0,0,0.0487810865992309,0.102715262578155,0,1,1,0,1,0,3,0,0,1,0,1,0,0,0,0,0,0,0,1,0,1,0,0,0,1,0,0,0,0,1,0,0,0,0.370669691035202,Medium
1,1,0,-0.6303319887333076,1,1,1.1786803231181906,-0.2970092537552838,-0.6303319887333076,0,0,1.1786803231181906,1.0091952914258957,0,0,1,0,1,1,3,1,1,1,0,1,0,1,1,0,0,0,0,0,0,1,0,0,0,1,0,1,0,0,1,0,0,1,0.8507939176403074,High
0,1,1,-0.4675090493789317,1,1,0.3640246327645796,-0.3289091819307628,-0.4675090493789317,0,0,0.3640246327645794,0.2931447097368249,1,0,0,0,1,1,3,1,1,0,0,1,0,1,0,0,0,1,0,0,0,0,0,0,0,1,0,1,1,0,0,0,0,0,0.3133401689927374,Medium
0,0,0,0.1023712383613841,1,1,0.697519121076343,0.3557545447351055,0.102371238361384,0,0,0.697519121076343,0.7915328572702768,1,0,1,1,1,1,5,0,1,0,0,0,0,1,0,0,0,1,0,0,0,1,0,1,0,1,0,1,1,0,1,0,0,1,0.22016674300855302,Low
0,0,0,-0.8338606629262776,0,0,-0.1420242176587432,-0.682770214628356,-0.8338606629262776,0,0,-0.1420242176587434,-0.0991482592876803,0,1,1,1,1,1,5,0,0,0,1,0,1,0,0,0,0,0,0,1,0,1,0,1,0,1,0,1,1,0,0,1,0,0,0.44306571973190284,Medium
0,1,0,-0.9559778674420596,1,0,-0.4672228231766815,-0.8041830086607499,-0.9559778674420596,0,0,-0.4672228231766817,-0.433247887658284,0,1,0,0,0,0,1,1,0,1,0,0,0,0,0,0,0,0,0,1,0,0,0,0,0,0,0,0,0,0,0,0,1,0,0.37009391981191914,Medium
0,1,1,1.6084834273893616,1,0,-1.3432680462045974,-0.2589882251940011,1.6084834273893618,0,1,-1.3432680462045976,-1.3632580911432788,0,0,0,0,0,0,0,1,0,0,0,0,0,1,0,1,1,0,1,0,1,0,1,0,1,0,1,0,0,1,0,0,0,0,0.015010973103057592,Low
1,1,0,-0.5896262538947137,1,1,-0.1934586909804578,-0.5652845781911552,-0.5896262538947137,0,0,-0.1934586909804579,-0.2901411142406692,1,0,0,0,0,1,2,1,0,1,0,1,0,0,0,0,0,1,0,0,0,0,0,0,0,0,0,1,0,0,1,0,0,0,0.4702803220527289,Medium
0,1,0,1.0386031396490458,1,1,1.465717867784534,1.796538714757031,1.0386031396490456,0,1,1.4657178677845335,1.498806066279471,1,1,0,1,1,1,5,1,1,0,0,0,0,1,1,0,0,1,0,1,0,0,0,1,0,1,0,1,0,1,1,0,0,0,0.17355206169267437,Low
1,0,1,-0.1011574358315858,1,1,1.2068863246171952,0.2962548162537444,-0.1011574358315858,0,0,1.206886324617195,1.132011169054614,0,0,0,1,1,1,3,1,1,1,1,0,0,1,1,0,0,0,0,0,0,0,0,1,0,1,0,1,0,0,0,1,0,0,0.7642707340106732,High
0,1,1,0.9571916699718578,1,0,1.689706703217808,1.8729976210098125,0.957191669971858,0,1,1.6897067032178077,1.7320315175500218,1,1,1,1,1,1,6,1,1,0,0,1,0,1,1,0,0,1,0,1,0,1,0,1,0,1,0,1,0,1,0,0,1,0,0.11426432866424995,Low
0,0,0,-0.9152721326034656,1,1,0.9945117250952766,-0.5486983706941386,-0.9152721326034656,0,0,0.9945117250952769,1.3217724050199364,0,0,1,0,1,1,3,0,1,1,1,1,0,0,1,0,0,0,0,0,0,1,0,0,0,1,0,1,0,0,0,1,0,1,0.8654230445594199,High
0,1,0,-1.2409180113122174,0,1,-0.989863439187654,-0.97875503650964,-1.2409180113122176,1,0,-0.9898634391876542,-1.011281605078567,0,0,0,0,0,1,1,1,0,1,1,0,1,0,0,0,0,0,0,0,0,0,0,0,0,0,0,1,0,0,0,1,0,1,0.8796269345597041,High
0,1,1,-0.5896262538947137,1,1,-1.3366313399695375,-0.8020987630096698,-0.5896262538947137,0,0,-1.3366313399695378,-1.2822377823650977,0,0,0,0,0,0,0,1,0,0,0,0,0,1,0,1,1,0,1,0,1,0,1,0,1,0,1,0,0,1,1,0,0,0,0.06942982188504426,Low
0,1,1,0.7536629957788878,0,1,-0.2913501079475925,0.2631043406876173,0.753662995778888,0,1,-0.2913501079475927,-0.267882223230041,0,0,1,1,1,1,4,1,0,0,1,0,1,0,0,0,0,0,0,0,0,1,0,1,0,1,0,1,1,0,0,1,0,0,0.3298614993452251,Medium
0,1,0,1.1200146093262338,1,1,1.4773321036958893,1.875169624372517,1.1200146093262338,0,1,1.4773321036958893,1.476046470004822,1,0,1,1,1,1,5,1,1,1,0,1,0,1,1,0,0,1,0,0,0,1,0,1,0,1,0,1,0,0,0,0,0,0,0.5330447397287293,Medium
0,1,1,-0.3453918448631497,1,0,-0.3245336391228923,-0.4297866714430409,-0.3453918448631498,0,0,-0.3245336391228925,-0.3290428109966137,1,0,0,1,0,0,2,1,0,1,1,0,0,0,0,0,0,1,0,0,0,0,0,1,0,0,0,0,0,0,0,1,0,0,0.21818505941419647,Low
0,1,0,1.5270719577121736,1,0,1.6830699969827485,2.487718451511013,1.5270719577121736,0,1,1.6830699969827485,1.6181015090843551,1,1,1,1,1,1,6,1,1,0,0,1,0,1,1,0,0,1,0,1,0,1,0,1,0,1,0,1,1,0,1,0,0,1,0.20429053418723572,Low
0,0,0,-0.8338606629262776,1,1,-0.3709905827683121,-0.7243015516546157,-0.8338606629262776,0,0,-0.3709905827683122,-0.3601319992487062,0,1,0,1,0,0,2,0,0,1,0,1,0,0,0,0,0,0,0,1,0,0,0,1,0,0,0,0,0,0,0,0,1,0,0.37084943869923764,Medium
0,1,1,-0.3046861100245557,1,1,-0.1104998630422082,-0.3020333827457822,-0.3046861100245557,0,0,-0.1104998630422083,-0.016482728130453,1,1,1,0,0,0,3,1,0,0,0,1,0,0,0,0,0,1,0,1,0,1,0,0,0,0,0,0,1,0,0,0,0,0,0.13225474521651348,Low
0,0,0,0.143076973199978,1,1,-1.4793205240233267,-0.7035907317112512,0.1430769731999781,0,0,-1.479320524023327,-1.5091222205034296,0,0,0,0,0,0,0,0,0,0,0,1,0,0,0,1,1,0,1,0,1,0,1,0,1,0,1,0,1,0,1,0,0,0,0.08448599337135165,Low
0,1,1,-0.8745663977648716,1,0,0.8518225410414869,-0.5612696628843377,-0.8745663977648717,0,0,0.8518225410414865,0.920095831434625,0,0,0,0,1,1,2,1,1,1,1,1,0,0,1,0,0,0,0,0,0,0,0,0,0,1,0,1,0,0,0,1,0,0,0.7789794405618051,High
0,1,1,-1.0373893371192475,1,1,0.8236165395424823,-0.7417872756957827,-1.0373893371192475,0,0,0.8236165395424822,0.7290432934525763,0,1,0,1,1,0,3,1,1,1,1,1,0,0,1,0,0,0,0,1,0,0,0,1,0,1,0,0,0,0,0,1,0,1,0.7208870198767543,High
1,1,0,-0.2639803751859618,1,1,1.1006990248562358,0.0927446829966996,-0.2639803751859618,0,0,1.1006990248562354,1.046490713975345,0,0,1,0,1,1,3,1,1,1,0,0,0,1,1,0,0,0,0,0,0,1,0,0,0,1,0,1,0,0,0,0,0,0,0.820310161033147,High
0,0,0,0.346605647392948,1,1,0.3092718063253347,0.3465399850145407,0.3466056473929479,0,0,0.3092718063253345,0.3443085541144585,0,0,0,1,0,0,1,0,1,1,1,1,0,0,1,0,0,0,0,0,0,0,0,1,0,0,0,0,0,0,0,1,0,0,0.52249863711633,Medium
1,0,0,0.9978974048104516,0,1,-0.3295111687991873,0.3487119883772454,0.997897404810452,0,1,-0.3295111687991874,-0.3526073200055226,0,1,1,0,1,1,4,0,0,1,1,0,1,0,0,0,0,0,0,1,0,1,0,0,0,1,0,1,0,0,0,1,0,0,0.5869738099851409,Medium
0,1,1,-0.1825689055087738,1,1,0.8352307754538371,0.1314677732509777,-0.1825689055087737,0,0,0.8352307754538365,0.9225505944198304,0,0,0,0,1,1,2,1,1,0,0,0,0,0,1,0,0,0,0,0,0,0,0,0,0,1,0,1,1,0,0,0,0,1,0.5066930397260674,Medium
0,0,0,-0.9152721326034656,1,0,-0.0009942101637186,-0.7081102538599091,-0.9152721326034656,0,0,-0.0009942101637188,0.1196755083119711,0,1,0,1,0,1,3,0,0,0,0,0,0,0,0,0,0,0,0,1,0,0,0,1,0,0,0,1,1,0,0,0,1,0,0.21939077860764042,Low
0,0,0,0.346605647392948,1,1,-0.2863725782712976,0.0283744015201829,0.3466056473929479,0,0,-0.2863725782712979,-0.2408696294756308,0,1,0,0,0,0,1,0,0,0,0,0,0,1,0,0,0,0,0,1,0,0,0,0,0,0,0,0,1,0,1,0,0,0,0.18211446904164347,Low
0,0,0,-0.4268033145403377,1,1,0.8003880677197722,-0.1812568321226654,-0.4268033145403377,0,0,0.800388067719772,0.6882523304117626,1,0,0,1,0,1,3,0,1,1,1,0,0,0,1,0,0,1,0,0,0,0,0,1,0,0,0,1,0,0,0,1,0,0,0.6245498877478155,High
0,0,0,0.9978974048104516,1,1,1.5934744628094386,1.8278462783790448,0.997897404810452,0,1,1.5934744628094386,1.604215630413741,1,1,1,0,1,1,5,0,1,0,0,0,0,1,1,0,0,1,0,1,0,1,0,0,0,1,0,1,0,1,0,0,0,1,0.20717956362168863,Low
0,0,0,-0.7931549280876836,1,0,-1.5091857020810966,-0.8903610814759365,-0.7931549280876837,0,0,-1.5091857020810968,-1.460963938445523,0,0,0,0,0,0,0,0,0,0,0,1,0,0,0,1,1,0,1,0,1,0,1,0,1,0,1,0,1,0,0,0,1,0,0.11264686300319086,Low
0,1,1,1.1607203441648275,1,1,1.1869762059120157,1.6319930054612315,1.1607203441648275,0,1,1.1869762059120157,1.1160094640766185,1,1,1,0,0,1,4,1,1,0,0,0,0,1,1,0,0,1,0,1,0,1,0,0,0,0,0,1,1,0,1,0,0,0,0.25867562374656483,Low
0,1,1,-1.281623746150811,1,0,-1.4892755833759168,-1.0001240392901878,-1.2816237461508115,1,0,-1.4892755833759168,-1.4852710916004936,0,0,0,0,0,0,0,1,0,1,0,0,0,0,0,1,1,0,1,0,1,0,1,0,1,0,1,0,0,0,0,0,1,0,0.3721641794750047,Medium
0,1,1,-0.5896262538947137,1,0,-1.5125040551986266,-0.8732263882812673,-0.5896262538947137,0,0,-1.5125040551986266,-1.5802160478884808,0,0,0,0,0,0,0,1,0,0,0,0,0,0,0,1,1,0,1,0,1,0,1,0,1,0,1,0,0,1,0,0,1,0,0.03635580400907756,Low
0,0,0,-1.0780950719578417,1,1,0.7638861834269426,-0.7797205465454411,-1.0780950719578417,1,0,0.7638861834269426,0.73191882179265,0,0,0,1,0,1,2,0,1,1,0,1,0,1,1,0,0,0,0,0,0,0,0,1,0,0,0,1,0,0,0,0,0,0,0.8804313090810116,High
0,0,0,-1.0373893371192475,1,1,-0.180185278510338,-0.8264076491296358,-1.0373893371192475,0,0,-0.1801852785103381,-0.1825385811498026,0,0,0,1,1,0,2,0,0,1,0,0,0,0,0,0,0,0,0,0,0,0,0,1,0,1,0,0,0,0,0,0,1,1,0.4989510147832974,Medium
0,1,1,-0.9559778674420596,1,1,-0.3195561094465974,-0.789000924549724,-0.9559778674420596,0,0,-0.3195561094465977,-0.3060418668426263,0,1,0,0,0,0,1,1,0,1,0,0,0,1,0,0,0,0,0,1,0,0,0,0,0,0,0,0,0,0,0,0,1,0,0.4817348349110126,Medium
1,1,1,-1.281623746150811,1,1,-0.5203164730571613,-0.9873114133930216,-1.2816237461508115,1,0,-0.5203164730571616,-0.5190935693359028,0,0,0,1,0,0,1,1,0,1,0,1,0,0,0,0,0,0,0,0,0,0,0,1,0,0,0,0,0,0,1,0,0,1,0.6438487769071854,High
0,0,0,-0.9559778674420596,1,1,0.5266239355235486,-0.6960216290836444,-0.9559778674420596,0,0,0.5266239355235482,0.4730030987885258,0,0,0,0,0,1,1,0,1,1,1,1,0,0,1,0,0,0,0,0,0,0,0,0,0,0,0,1,0,0,0,1,0,1,0.8200175854088246,High
0,1,0,0.6722515261016999,1,0,-1.4760021709057969,-0.613617137868308,0.6722515261016998,0,1,-1.476002170905797,-1.540339428852854,0,0,0,0,0,0,0,1,0,0,0,0,0,0,0,1,1,0,1,0,1,0,1,0,1,0,1,0,1,0,0,0,0,0,0.05575601804196625,Low
0,0,0,-0.7117434584104956,1,1,1.1338825560315355,-0.3830337505751277,-0.7117434584104957,0,0,1.133882556031535,0.9977830817719644,1,1,0,0,1,1,4,0,1,1,0,0,0,0,1,0,0,1,0,1,0,0,0,0,0,1,0,1,0,0,1,0,0,1,0.6827975354674012,High
0,1,1,-0.1011574358315858,1,0,-1.5058673489635668,-0.7419189122632194,-0.1011574358315858,0,0,-1.5058673489635668,-1.4775504949613931,0,0,0,0,0,0,0,1,0,0,0,0,0,0,0,1,1,0,1,0,1,0,1,0,1,0,1,0,1,0,0,0,0,0,0.05976356556226203,Low
1,1,0,1.5270719577121736,1,1,0.3557287499707546,1.3655386535415672,1.5270719577121736,0,1,0.3557287499707545,0.4092215167577513,0,0,0,0,0,0,0,1,1,0,0,0,0,1,1,0,0,0,0,0,0,0,0,0,0,0,0,0,0,1,1,0,0,0,0.16706360043817642,Low
0,0,0,-0.3046861100245557,1,1,1.3462571555534548,0.1696862566634156,-0.3046861100245557,0,0,1.3462571555534546,1.4063791147607094,1,0,1,1,1,1,5,0,1,1,1,1,0,0,1,0,0,1,0,0,0,1,0,1,0,1,0,1,0,0,0,1,0,0,0.6847255916873046,High
0,1,1,0.6722515261016999,0,1,-0.9666349673649444,-0.2270005393068977,0.6722515261016998,0,1,-0.9666349673649444,-0.9453582890238555,1,0,0,1,0,0,2,1,0,0,0,0,1,0,0,0,0,1,0,0,0,0,0,1,0,0,0,0,1,0,1,0,0,0,0.11717427690369163,Low
0,0,0,-0.5896262538947137,0,0,-1.3200395743818876,-0.7997073653679041,-0.5896262538947137,0,0,-1.3200395743818878,-1.272219389107217,0,0,0,0,0,0,0,0,0,1,0,1,1,0,0,0,0,0,0,0,0,0,0,0,0,0,0,0,0,0,0,0,1,0,0.45321703912268774,Medium
0,0,0,-0.3046861100245557,1,1,-1.5174815848749217,-0.7754423581037503,-0.3046861100245557,0,0,-1.517481584874922,-1.4444401648034213,0,0,0,0,0,0,0,0,0,1,0,0,0,0,0,1,1,0,1,0,1,0,1,0,1,0,1,0,0,0,1,0,0,0,0.20658028033588066,Low
0,0,1,-0.3860975797017437,0,0,-0.8239457833111549,-0.632550864151278,-0.3860975797017437,0,0,-0.823945783311155,-0.9147142045693192,1,0,1,1,0,0,3,1,0,0,0,1,1,0,0,0,0,1,0,0,0,1,0,1,0,0,0,0,0,1,0,0,1,0,0.05791576508157026,Low
0,1,1,1.4049547531963915,1,0,1.2682758572915005,2.016744752650623,1.4049547531963915,0,1,1.2682758572915005,1.256684812223544,0,1,1,1,1,1,5,1,1,0,0,1,0,0,1,0,0,0,0,1,0,1,0,1,0,1,0,1,0,1,0,0,0,0,0.09330243866816171,Low
0,1,1,0.1023712383613841,1,0,-1.474342994347032,-0.6757276582704959,0.102371238361384,0,0,-1.474342994347032,-1.4308172508153267,0,0,0,0,0,0,0,1,0,0,0,1,0,0,0,1,1,0,1,0,1,0,1,0,1,0,1,0,0,1,0,0,0,0,0.023620970197708927,Low
0,0,0,-1.281623746150811,1,1,-0.6331404790531808,-0.9888032944906368,-1.2816237461508115,1,0,-0.6331404790531808,-0.6315936917913688,0,0,0,0,0,0,0,0,0,1,0,1,0,0,0,0,0,0,0,0,0,0,0,0,0,0,0,0,0,0,0,0,1,1,0.7048609328614327,High
0,1,0,1.6084834273893616,1,0,1.6432497595723885,2.6659543638202226,1.6084834273893618,0,1,1.6432497595723885,1.7001413830479546,1,1,1,1,1,1,6,1,1,0,0,1,0,1,1,0,0,1,0,1,0,1,0,1,0,1,0,1,0,1,1,0,0,0,0.09803055687943373,Low
0,0,0,-1.281623746150811,1,0,-1.4677062881119718,-0.9998388267274084,-1.2816237461508115,1,0,-1.467706288111972,-1.4637637152487133,0,0,0,0,0,0,0,0,0,1,1,0,0,0,0,1,1,0,1,0,1,0,1,0,1,0,1,0,0,0,0,1,0,0,0.5041341489528036,Medium
1,1,1,1.1200146093262338,1,1,0.5316014651998437,1.123195732890714,1.1200146093262338,0,1,0.5316014651998437,0.5309627207006311,1,0,0,0,0,0,1,1,1,1,1,1,0,1,1,0,0,1,0,0,0,0,0,0,0,0,0,0,0,0,0,1,0,0,0.5166179597781355,Medium
0,0,0,-1.0373893371192475,1,1,-0.1934586909804578,-0.8468990747939393,-1.0373893371192475,0,0,-0.1934586909804579,-0.4032846197493936,1,0,0,0,0,1,2,0,0,0,1,0,0,0,0,0,0,1,0,0,0,0,0,0,0,0,0,1,1,0,0,1,0,0,0.3953924447851751,Medium
0,0,0,1.2828375486806096,1,0,-1.5058673489635668,-0.4647581195253747,1.2828375486806096,0,1,-1.5058673489635668,-1.507528124099151,0,0,0,0,0,0,0,0,0,0,0,1,0,0,0,1,1,0,1,0,1,0,1,0,1,0,1,0,0,1,0,0,1,0,0.016767444413509105,Low
0,0,0,-0.7117434584104956,1,0,-0.5335898855272813,-0.6856223402561499,-0.7117434584104957,0,0,-0.5335898855272814,-0.523395044606259,0,1,0,0,0,0,1,0,0,1,1,0,0,0,0,0,0,0,0,1,0,0,0,0,0,0,0,0,0,0,0,1,0,0,0.4192396816441635,Medium
0,1,1,-1.2409180113122174,1,0,-1.4959122896109769,-0.993169240643952,-1.2409180113122176,1,0,-1.4959122896109769,-1.554756461352399,0,0,0,0,0,0,0,1,0,0,0,1,0,0,0,1,1,0,1,0,1,0,1,0,1,0,1,0,1,0,0,0,1,1,0.22244446189351813,Low
0,0,0,-0.7931549280876836,1,1,0.458597696614184,-0.5721735585536727,-0.7931549280876837,0,0,0.4585976966141838,0.3847252877667216,1,0,1,0,1,1,4,0,1,1,1,0,0,1,0,0,0,1,0,0,0,1,0,0,0,1,0,1,0,0,0,1,0,0,0.6725301422460879,High
0,0,0,-0.2639803751859618,1,1,1.1089949076500607,0.0947631103640616,-0.2639803751859618,0,0,1.1089949076500605,1.0523447927456528,0,0,1,0,1,1,3,0,1,1,1,1,0,1,1,0,0,0,0,0,0,1,0,0,0,1,0,1,0,0,0,1,0,1,0.8498070383501949,High
0,1,0,0.7943687306174818,0,0,-0.9782492032762992,-0.1493569039471864,0.7943687306174818,0,1,-0.9782492032762992,-0.9021857566906162,1,0,1,0,0,0,2,1,0,0,0,0,1,0,0,0,0,1,0,0,0,1,0,0,0,0,0,0,1,0,0,0,1,0,0.12694659257172808,Low
0,0,0,-1.281623746150811,1,1,-1.4842980536996218,-1.0000582210064697,-1.2816237461508115,1,0,-1.484298053699622,-1.480307850903929,0,0,0,0,0,0,0,0,0,1,0,1,0,0,0,1,1,0,1,0,1,0,1,0,1,0,1,0,0,0,0,0,0,1,0.5070009010156582,Medium
1,0,0,-0.7117434584104956,1,0,0.8269348926600121,-0.3836699939844048,-0.7117434584104957,0,0,0.8269348926600116,0.9945845488786228,0,1,0,0,0,1,2,0,1,1,1,0,0,1,1,0,0,0,0,1,0,0,0,0,0,0,0,1,0,0,0,1,0,1,0.7955655257202839,High
0,0,0,-1.2409180113122174,1,0,0.3308411015892797,-0.9443540135528647,-1.2409180113122176,1,0,0.3308411015892796,0.285778630290336,0,0,0,0,0,0,0,0,1,1,0,0,0,1,1,0,0,0,0,0,0,0,0,0,0,0,0,0,0,0,1,0,0,1,0.8414496160455196,High
0,1,1,-0.0604517009929918,1,1,0.8700734831879022,0.305447436546403,-0.0604517009929917,0,0,0.8700734831879023,1.0485433362650742,0,1,0,0,0,1,2,1,1,1,1,0,0,1,1,0,0,0,0,1,0,0,0,0,0,0,0,1,0,0,0,1,0,1,0.7176148701796263,High
0,0,0,-0.2639803751859618,1,0,0.3507512202944595,-0.1234025607342624,-0.2639803751859618,0,0,0.3507512202944593,0.4195952352246375,0,1,0,0,0,0,1,0,1,0,0,1,0,0,1,0,0,0,0,1,0,0,0,0,0,0,0,0,1,0,0,0,0,0,0.30397614833643144,Medium
0,0,0,-0.9152721326034656,0,0,-1.1673953309755083,-0.876451484183465,-0.9152721326034656,0,0,-1.1673953309755083,-1.1497560205127215,1,0,0,0,0,0,1,0,0,1,0,0,1,0,0,0,0,1,0,0,0,0,0,0,0,0,0,0,0,0,0,0,1,0,0.411898070871533,Medium
0,0,0,-1.281623746150811,1,0,-1.4892755833759168,-1.0001240392901878,-1.2816237461508115,1,0,-1.4892755833759168,-1.4852710916004936,0,0,0,0,0,0,0,0,0,1,0,1,0,0,0,1,1,0,1,0,1,0,1,0,1,0,1,0,0,0,0,0,1,0,0.4224534908174093,Medium
1,0,0,-1.2409180113122174,1,1,0.4868036981131887,-0.9233360416188148,-1.2409180113122176,1,0,0.4868036981131885,1.0782427281751632,0,0,0,0,0,1,1,0,1,1,1,0,0,0,1,0,0,0,0,0,0,0,0,0,0,0,0,1,0,0,0,1,0,1,0.932902700708137,High
0,0,0,-1.2409180113122174,1,0,-1.514163231757392,-0.99650403368568,-1.2409180113122176,1,0,-1.514163231757392,-1.6804918923320378,0,0,0,0,0,0,0,0,0,0,0,1,0,0,0,1,1,0,1,0,1,0,1,0,1,0,1,0,1,0,1,0,0,1,0.25420954402122303,Low
0,1,0,-0.7931549280876836,0,1,-0.5369082386448113,-0.7309930771659783,-0.7931549280876837,0,0,-0.5369082386448114,-0.5365285430648608,0,0,1,0,1,1,3,1,0,1,0,0,1,0,0,0,0,0,0,0,0,1,0,0,0,1,0,1,0,0,0,0,0,1,0.7184027656359061,High
0,1,1,0.0209597686841961,1,0,0.3258635719129846,0.0675582197604894,0.0209597686841961,0,0,0.3258635719129844,0.3111713718338714,1,0,1,0,1,1,4,1,1,0,0,1,0,0,0,0,0,1,0,0,0,1,0,0,0,1,0,1,1,0,1,0,0,0,0.15098011083627813,Low
1,0,0,0.5501343215859179,1,1,0.875051012864197,0.8016734169267221,0.550134321585918,0,0,0.8750510128641966,0.8194349017079211,0,1,1,0,1,0,3,0,1,0,0,0,0,0,1,0,0,0,0,1,0,1,0,0,0,1,0,0,1,0,0,0,0,0,0.3521275216697786,Medium
0,0,0,-0.7931549280876836,0,0,-0.5236348261746914,-0.7239724602360241,-0.7931549280876837,0,0,-0.5236348261746917,-0.4958045168366379,0,0,1,0,1,1,3,0,0,1,1,0,1,0,0,0,0,0,0,0,0,1,0,0,0,1,0,1,0,0,0,1,0,0,0.7171171814309067,High
1,0,0,0.183782708038572,1,1,1.3877365695225796,0.7711337332814215,0.1837827080385721,0,0,1.3877365695225794,1.4791697345332455,1,1,0,0,1,1,4,0,1,1,0,0,0,1,1,0,0,1,0,1,0,0,0,0,0,1,0,1,0,0,0,0,0,1,0.6582544963650293,High
0,1,1,1.1607203441648275,1,0,-1.5207999379924515,-0.5070353971004422,1.1607203441648275,0,1,-1.5207999379924515,-1.5282587227701934,0,0,0,0,0,0,0,1,0,0,0,0,0,0,0,1,1,0,1,0,1,0,1,0,1,0,1,0,1,0,1,0,0,0,0.034276840066685715,Low
0,0,0,-1.281623746150811,1,0,-1.464387934994442,-0.999794947871596,-1.2816237461508115,1,0,-1.464387934994442,-1.4604548881176704,0,0,0,0,0,0,0,0,0,1,0,1,0,0,0,1,1,0,1,0,1,0,1,0,1,0,1,0,0,0,0,0,1,0,0.41938172305938826,Medium
0,1,1,-0.9559778674420596,1,1,0.3623654562058142,-0.7248061584964562,-0.9559778674420596,0,0,0.3623654562058141,0.2318263656813828,0,0,0,1,0,0,1,1,1,1,1,0,0,0,1,0,0,0,0,0,0,0,0,1,0,0,0,0,0,0,0,1,0,0,0.6645686789532937,High
0,0,0,-1.2002122764736234,1,1,0.1549683863601902,-0.9179170029260064,-1.2002122764736236,1,0,0.15496838636019,0.1388115585531709,0,0,0,0,0,0,0,0,0,1,0,1,0,0,1,0,0,0,0,0,0,0,0,0,0,0,0,0,0,0,0,0,1,0,0.8557188703861986,High
0,1,0,1.4863662228735797,1,0,-1.494253113052212,-0.4106554903089159,1.4863662228735797,0,1,-1.494253113052212,-1.4948618948788794,0,0,0,0,0,0,0,1,0,0,0,1,0,0,0,1,1,0,1,0,1,0,1,0,1,0,1,0,0,1,0,0,1,0,0.015055337649981836,Low
0,1,1,1.2014260790034217,1,0,-1.480979700582092,-0.4401859602705354,1.201426079003422,0,1,-1.480979700582092,-1.4569592723582618,0,0,0,0,0,0,0,1,0,0,0,0,0,0,0,1,1,0,1,0,1,0,1,0,1,0,1,0,0,1,0,0,0,0,0.014277339279083753,Low
0,0,0,-0.5082147842175256,1,1,-1.5008898192872715,-0.8248938286041144,-0.5082147842175256,0,0,-1.500889819287272,-1.454829881994897,0,0,0,0,0,0,0,0,0,0,0,1,0,0,0,1,1,0,1,0,1,0,1,0,1,0,1,0,0,1,0,0,1,0,0.05912551369027767,Low
0,0,0,1.1607203441648275,1,0,1.296481858790505,1.7832873003017429,1.1607203441648275,0,1,1.296481858790505,1.3030395615821373,1,0,1,0,1,1,4,0,1,0,1,1,0,1,1,0,0,1,0,0,0,1,0,0,0,1,0,1,1,0,0,1,0,0,0.4173095877378049,Medium
0,0,0,-1.1595065416350294,1,0,-1.3615189883510124,-0.9661398654636288,-1.1595065416350294,1,0,-1.3615189883510126,-1.3421643181828786,0,0,0,0,0,0,0,0,0,0,1,0,0,1,0,1,1,0,1,0,1,0,1,0,1,0,1,0,1,0,0,1,0,0,0.3897618697676738,Medium
0,1,0,1.2421318138420157,1,0,1.250024915145085,1.7540201034749967,1.242131813842016,0,1,1.2500249151450846,1.1584292650373864,0,0,1,0,1,1,3,1,1,0,1,1,0,1,1,0,0,0,0,0,0,1,0,0,0,1,0,1,0,1,0,1,0,0,0.28515391346745905,Low
0,0,0,0.7129572609402939,0,1,-0.993181792305184,-0.2268250238836488,0.7129572609402941,0,1,-0.9931817923051844,-0.9691602357003878,1,1,0,0,0,0,2,0,0,1,0,1,1,0,0,0,0,1,0,1,0,0,0,0,0,0,0,0,0,0,0,0,1,0,0.27917075053692936,Low
0,0,0,-1.281623746150811,1,0,0.5166688761709587,-0.973599270951705,-1.2816237461508115,1,0,0.5166688761709586,0.514914909115072,0,0,0,0,0,1,1,0,1,1,1,1,0,0,1,0,0,0,0,0,0,0,0,0,0,0,0,1,0,0,0,1,0,1,0.89062255808673,High
0,1,1,1.5270719577121736,1,0,0.3042942766490395,1.2825637372006724,1.5270719577121736,0,1,0.3042942766490393,0.3198359152605729,1,1,1,1,0,1,5,1,1,0,0,0,0,0,0,0,0,1,0,1,0,1,0,1,0,0,0,1,1,0,1,0,0,0,0.039629567153171716,Low
0,1,1,1.6084834273893616,1,1,0.3938898108223492,1.3905715407824348,1.6084834273893618,0,1,0.3938898108223488,0.3643862526187976,0,0,1,0,1,1,3,1,1,0,0,0,0,1,0,0,0,0,0,0,0,1,0,0,0,1,0,1,0,1,0,0,0,0,0.08361593333186869,Low
0,0,0,0.1023712383613841,1,0,-0.1453425707762732,-0.1389795545475981,0.102371238361384,0,0,-0.1453425707762735,-0.2743821685157567,1,1,1,0,0,0,3,0,0,1,1,0,0,0,0,0,0,1,0,1,0,1,0,0,0,0,0,0,0,0,0,1,0,0,0.2200132206593931,Low
0,0,0,-0.8338606629262776,1,1,0.0769870880982357,-0.6437180329554862,-0.8338606629262776,0,0,0.0769870880982356,0.1462564195980178,1,1,0,1,0,0,3,0,0,1,1,1,0,1,0,0,0,1,0,1,0,0,0,1,0,0,0,0,0,0,0,1,0,0,0.4395751143755147,Medium
0,1,0,0.9571916699718578,1,0,1.488946339607244,1.6719227642503458,0.957191669971858,0,1,1.4889463396072438,1.4612690116927882,1,1,1,0,1,1,5,1,1,0,0,0,0,1,1,0,0,1,0,1,0,1,0,0,0,1,0,1,1,0,0,0,0,0,0.3240519234205273,Medium
0,0,1,-0.8338606629262776,1,1,0.2926800407376848,-0.6265614003329109,-0.8338606629262776,0,0,0.2926800407376846,0.2540690369511725,0,0,0,0,0,0,0,1,1,1,0,1,0,1,1,0,0,0,0,0,0,0,0,0,0,0,0,0,0,0,1,0,0,1,0.7057928074154161,High
0,0,0,0.143076973199978,1,0,-0.3029643438589475,-0.1570137642864177,0.1430769731999781,0,0,-0.3029643438589478,-0.3642220772301345,0,0,1,0,0,0,1,0,0,0,1,0,0,1,0,0,0,0,0,0,0,1,0,0,0,0,0,0,1,0,0,1,0,0,0.23122269426229514,Low
0,1,0,0.305899912554354,1,0,1.3545530383472797,0.8465176075668038,0.3058999125543541,0,0,1.3545530383472797,1.349194309868457,1,0,1,0,1,1,4,1,1,0,0,0,0,1,1,0,0,1,0,0,0,1,0,0,0,1,0,1,1,0,0,0,0,0,0.38452802189188284,Medium
0,0,0,-1.2002122764736234,1,1,-1.5042081724048018,-0.9827041335327392,-1.2002122764736236,1,0,-1.5042081724048018,-1.489682861108551,0,0,0,0,0,0,0,0,0,1,0,0,0,0,0,1,1,0,1,0,1,0,1,0,1,0,1,0,0,0,0,0,1,1,0.4876355673427061,Medium
1,0,0,0.305899912554354,1,1,1.28818597599668,0.8289002469582001,0.3058999125543541,0,0,1.2881859759966798,1.3159819575406109,0,0,1,1,1,1,4,0,1,0,0,0,0,1,1,0,0,0,0,0,0,1,0,1,0,1,0,1,1,0,1,0,0,0,0.526890656291732,Medium
0,1,0,1.4049547531963915,1,0,0.1981069768880804,1.043336215312486,1.4049547531963915,0,1,0.1981069768880802,0.1611173334912972,1,1,1,1,0,0,4,1,1,0,0,1,0,1,0,0,0,1,0,1,0,1,0,1,0,0,0,0,0,1,1,0,0,0,0.022855513661400487,Low
0,0,0,1.4049547531963915,1,1,0.2462230970922648,1.1812913379860843,1.4049547531963915,0,1,0.2462230970922646,0.3163852812524848,1,0,1,1,0,1,4,0,1,0,0,0,0,0,0,0,0,1,0,0,0,1,0,1,0,0,0,1,1,0,0,0,0,0,0.07594005576497999,Low
0,0,0,-1.0373893371192475,1,1,0.0637136756281156,-0.807912711404788,-1.0373893371192475,0,0,0.0637136756281155,0.0167000810980082,0,0,0,0,1,1,2,0,0,1,1,0,0,0,0,0,0,0,0,0,0,0,0,0,0,1,0,1,0,0,0,1,0,0,0.7184146940590028,High
0,0,0,-1.2002122764736234,1,0,0.8451858348064274,-0.8911289614526502,-1.2002122764736236,1,0,0.8451858348064275,0.8121578797204456,0,1,1,0,0,1,3,0,1,1,1,1,0,0,1,0,0,0,0,1,0,1,0,0,0,0,0,1,0,0,0,1,0,0,0.8704840264705259,High
0,0,0,0.387311382231542,1,1,1.1737027934418955,0.8440603916413197,0.387311382231542,0,0,1.173702793441895,1.17821657649168,0,0,0,1,1,1,3,0,1,1,1,1,0,1,1,0,0,0,0,0,0,0,0,1,0,1,0,1,0,0,0,1,0,0,0.7300103587814052,High
0,1,1,0.305899912554354,1,1,-1.2851968666478226,-0.5361270785039396,0.3058999125543541,0,0,-1.285196866647823,-1.257375622949899,0,0,0,0,0,0,0,1,0,1,1,0,0,1,0,1,1,0,1,0,1,0,1,0,1,0,1,0,0,0,0,1,0,0,0.21636496867271662,Low
1,1,0,0.8350744654560759,1,1,0.9646465470375066,1.1286147715835222,0.835074465456076,0,1,0.9646465470375064,0.8925894323083804,0,1,1,1,1,0,4,1,1,0,1,0,0,0,1,0,0,0,0,1,0,1,0,1,0,1,0,0,1,0,0,1,0,0,0.4112587994174943,Medium
0,0,0,-1.2002122764736234,1,0,-1.5058673489635668,-0.9821337084071804,-1.2002122764736236,1,0,-1.5058673489635668,-1.4753446102073644,0,0,0,0,0,0,0,0,0,1,1,0,0,0,0,1,1,0,1,0,1,0,1,0,1,0,1,0,0,0,0,1,0,0,0.49586625435842324,Medium
1,0,0,-0.9559778674420596,1,1,0.8352307754538371,-0.6505192556063794,-0.9559778674420596,0,0,0.8352307754538365,0.8542535137764938,0,0,1,0,1,0,2,0,1,1,1,0,0,1,1,0,0,0,0,0,0,1,0,0,0,1,0,0,0,0,0,1,0,0,0.8767884789343471,High
0,1,1,1.6084834273893616,1,1,-1.4876164068171518,-0.4269784246710593,1.6084834273893618,0,1,-1.4876164068171518,-1.539200378243259,0,0,0,0,0,0,0,1,0,0,0,0,0,0,0,1,1,0,1,0,1,0,1,0,1,0,1,0,0,1,1,0,0,0,0.01517828079440539,Low
1,0,0,0.5501343215859179,1,0,0.665994766459808,0.7328055527294534,0.550134321585918,0,0,0.6659947664598078,0.7065391586172213,1,0,0,0,0,1,2,0,1,1,1,1,0,0,1,0,0,1,0,0,0,0,0,0,0,0,0,1,0,0,0,1,0,1,0.5048663784523001,Medium
0,1,1,1.1607203441648275,1,1,-1.3548822821159523,-0.3280974230982369,1.1607203441648275,0,1,-1.3548822821159523,-1.3070554925998024,0,0,0,0,0,0,0,1,0,0,0,0,0,1,0,1,1,0,1,0,1,0,1,0,1,0,1,0,0,1,0,0,1,0,0.02894627853762367,Low
0,1,1,0.8757802002946699,1,0,0.1665826222715454,0.6900017288846394,0.8757802002946699,0,1,0.1665826222715454,0.223768758871528,1,0,1,1,0,1,4,1,0,0,0,0,0,0,0,0,0,1,0,0,0,1,0,1,0,0,0,1,0,1,0,0,0,0,0.03184068571252335,Low
0,0,0,-0.8745663977648716,0,1,-0.7741704865482051,-0.8024278544282614,-0.8745663977648717,0,0,-0.7741704865482052,-0.7331145242211009,0,0,1,0,1,0,2,0,0,0,1,1,1,0,0,0,0,0,0,0,0,1,0,0,0,1,0,0,1,0,0,1,0,1,0.5684869447271406,Medium
0,1,0,-0.1418631706701798,1,1,-1.5058673489635668,-0.7799618802524082,-0.1418631706701799,0,0,-1.5058673489635668,-1.5533302427614324,0,0,0,0,0,0,0,1,0,0,0,0,0,0,0,1,1,0,1,0,1,0,1,0,1,0,1,0,0,1,0,0,1,0,0.04609903419357589,Low
0,1,1,1.4049547531963915,1,1,1.538721636370194,2.2741381208450657,1.4049547531963915,0,1,1.5387216363701934,1.5463800353683048,1,1,1,0,1,1,5,1,1,0,1,1,0,1,1,0,0,1,0,1,0,1,0,0,0,1,0,1,1,0,0,1,0,1,0.3799235089864394,Medium
0,1,1,0.6722515261016999,1,1,1.095721495179941,1.1489965001082951,0.6722515261016998,0,1,1.095721495179941,1.1722235477594334,0,0,0,1,1,1,3,1,1,0,1,1,0,1,1,0,0,0,0,0,0,0,0,1,0,1,0,1,1,0,0,1,0,0,0.5575198065899055,Medium
0,1,0,1.6084834273893616,1,1,1.1819986762357204,2.205248317219891,1.6084834273893618,0,1,1.1819986762357202,1.2176270710703547,1,1,0,1,0,1,4,1,1,0,0,1,0,1,1,0,0,1,0,1,0,0,0,1,0,0,0,1,0,1,0,0,0,0,0.0973633592740734,Low
0,1,1,1.5677776925507676,1,0,0.7406577116042327,1.7680393979069988,1.5677776925507678,0,1,0.7406577116042324,0.8006857255595284,1,1,1,1,1,1,6,1,1,0,0,0,0,0,0,0,0,1,0,1,0,1,0,1,0,1,0,1,0,1,1,0,0,0,0.022055150477754748,Low
1,0,0,0.46872285190873,1,0,0.3291819250305144,0.4250611974904963,0.4687228519087299,0,0,0.3291819250305142,0.3089028198993307,0,0,1,1,1,1,4,0,1,0,0,0,0,0,0,0,0,0,0,0,0,1,0,1,0,1,0,1,1,0,0,0,0,0,0.15904433689282696,Low
0,1,1,0.346605647392948,1,1,-0.1536384535700982,0.093007956131573,0.3466056473929479,0,0,-0.1536384535700985,-0.1219939620603497,1,1,1,0,0,0,3,1,0,0,0,1,0,0,0,0,0,1,0,1,0,1,0,0,0,0,0,0,1,0,0,0,0,0,0.09102011217251685,Low
0,0,0,-0.8745663977648716,1,1,-0.1984362206567528,-0.7449465533142621,-0.8745663977648717,0,0,-0.1984362206567528,-0.3390632931605111,0,0,0,0,0,1,1,0,0,1,0,0,0,1,0,0,0,0,0,0,0,0,0,0,0,0,0,1,0,0,0,0,1,0,0.624918474122009,High
0,0,0,-0.7931549280876836,1,1,-1.514163231757392,-0.8863681055970252,-0.7931549280876837,0,0,-1.514163231757392,-1.4378021485282213,0,0,0,0,0,0,0,0,0,1,0,0,0,0,0,1,1,0,1,0,1,0,1,0,1,0,1,0,0,0,0,0,1,0,0.26565889743781546,Low
1,1,0,0.9164859351332638,1,0,0.7920921849259474,1.0995889084637434,0.9164859351332636,0,1,0.792092184925947,0.7422012527710886,0,0,1,1,1,0,3,1,1,0,0,0,0,0,1,0,0,0,0,0,0,1,0,1,0,1,0,0,0,1,1,0,0,0,0.13804425396591133,Low
0,0,0,-0.8745663977648716,1,0,-0.5435449448798714,-0.7890886822613485,-0.8745663977648717,0,0,-0.5435449448798717,-0.6416705744177275,1,0,0,0,0,0,1,0,0,1,0,0,0,0,0,0,0,1,0,0,0,0,0,0,0,0,0,0,0,0,1,0,0,1,0.3071395415917701,Medium
0,0,1,0.631545791263106,0,0,-0.6430955384057709,-0.08380189336374,0.631545791263106,0,1,-0.6430955384057712,-0.6953230810132307,0,1,1,0,0,1,3,1,0,1,0,0,1,0,0,0,0,0,0,1,0,1,0,0,0,0,0,1,0,0,1,0,0,0,0.3054629938468609,Medium
0,0,0,-0.0604517009929918,1,0,0.5564891135813186,0.1093967087774346,-0.0604517009929917,0,0,0.5564891135813186,0.5716452839586017,0,0,0,1,0,0,1,0,1,0,0,1,0,1,1,0,0,0,0,0,0,0,0,1,0,0,0,0,1,0,1,0,0,0,0.30763882301228634,Medium
0,0,0,1.2421318138420157,1,0,1.4690362209020642,2.084427887740962,1.242131813842016,0,1,1.4690362209020642,1.5539128887953972,1,1,1,1,1,1,6,0,1,0,0,1,0,0,1,0,0,1,0,1,0,1,0,1,0,1,0,1,0,1,1,0,0,0,0.08794699376215354,Low
1,1,1,1.1607203441648275,1,1,0.0089608491888712,0.7308968225016221,1.1607203441648275,0,1,0.0089608491888712,0.0020738253372493,0,0,1,0,1,0,2,1,0,0,1,0,0,1,0,0,0,0,0,0,0,1,0,0,0,1,0,0,1,0,0,1,0,0,0.2788883980746046,Low
0,1,1,1.6084834273893616,1,0,-1.3499047524396577,-0.2259035679115923,1.6084834273893618,0,1,-1.3499047524396577,-1.328607318132077,0,0,0,0,0,0,0,1,0,0,0,0,0,1,0,1,1,0,1,0,1,0,1,0,1,0,1,0,0,1,1,0,0,0,0.015272044416798166,Low
0,1,1,0.8350744654560759,1,1,1.4375118662855293,1.595332221430128,0.835074465456076,0,1,1.4375118662855293,1.5566335790883832,0,1,1,1,1,1,5,1,1,1,0,0,0,0,1,0,0,0,0,1,0,1,0,1,0,1,0,1,0,0,0,0,0,0,0.48055108798926627,Medium
1,0,0,-1.0373893371192475,1,1,-0.5551591807912262,-0.859580064123669,-1.0373893371192475,0,0,-0.5551591807912262,-0.5398919113024595,1,0,0,0,0,0,1,0,0,1,1,0,0,0,0,0,0,1,0,0,0,0,0,0,0,0,0,0,0,0,0,1,0,0,0.5473820152423738,Medium
0,1,1,-0.1825689055087738,1,1,0.5349198183173736,-0.0316957520867368,-0.1825689055087737,0,0,0.5349198183173732,0.4831265341775504,0,0,0,0,0,1,1,1,1,1,1,0,0,0,1,0,0,0,0,0,0,0,0,0,0,0,0,1,0,0,0,1,0,1,0.6894537531571128,High
0,0,0,-0.6710377235719016,1,0,0.2561781564448551,-0.4848765749152746,-0.6710377235719017,0,0,0.256178156444855,0.3211417202533592,0,0,0,0,0,0,0,0,1,1,1,0,0,1,1,0,0,0,0,0,0,0,0,0,0,0,0,0,0,0,0,1,0,1,0.7343183605892547,High
0,0,1,-1.0373893371192475,1,1,0.2030845065643751,-0.8015283378841109,-1.0373893371192475,0,0,0.2030845065643748,0.08547641646469,0,0,0,0,0,0,0,1,1,1,1,0,0,0,1,0,0,0,0,0,0,0,0,0,0,0,0,0,0,0,0,1,0,0,0.7265229228420852,High
0,0,0,-1.1188008067964357,1,1,-0.0308593882214887,-0.8464602862358173,-1.1188008067964357,1,0,-0.0308593882214888,0.3014955591627907,0,1,0,0,0,1,2,0,0,1,1,0,0,1,0,0,0,0,0,1,0,0,0,0,0,0,0,1,0,0,0,1,0,0,0.8416291937310107,High
0,1,1,1.5677776925507676,1,0,-1.3615189883510124,-0.2789969834443703,1.5677776925507678,0,1,-1.3615189883510126,-1.3734467155309449,0,0,0,0,0,0,0,1,0,0,0,0,0,1,0,1,1,0,1,0,1,0,1,0,1,0,1,0,0,1,1,0,0,0,0.015685334918394387,Low
0,1,1,-1.0373893371192475,0,1,-1.009773557892834,-0.8863900450249312,-1.0373893371192475,0,0,-1.0097735578928342,-0.8287052508835089,1,0,0,1,0,0,2,1,0,1,1,1,1,0,0,0,0,1,0,0,0,0,0,1,0,0,0,0,0,0,0,1,0,1,0.5104256453708726,Medium
1,0,0,-0.8745663977648716,1,1,1.542039989487724,-0.4898129461941485,-0.8745663977648717,0,0,1.542039989487724,1.4099526480622355,0,1,1,1,1,1,5,0,1,1,1,1,0,1,1,0,0,0,0,1,0,1,0,1,0,1,0,1,0,0,0,1,0,0,0.8568032385273313,High
0,0,0,0.7943687306174818,0,0,-0.0341777413390187,0.4544161520288667,0.7943687306174818,0,1,-0.0341777413390189,-0.0266191927838215,1,1,1,1,1,1,6,0,0,0,0,1,1,0,0,0,0,1,0,1,0,1,0,1,0,1,0,1,0,1,1,0,0,0,0.07260144080433516,Low
0,0,0,0.6722515261016999,1,0,0.0819646177745309,0.4420861935456349,0.6722515261016998,0,1,0.0819646177745308,0.0843284560314709,1,1,1,1,0,0,4,0,0,0,0,0,0,0,0,0,0,1,0,1,0,1,0,1,0,0,0,0,0,1,0,0,0,0,0.02610317473158901,Low
0,0,0,-0.5489205190561197,1,0,-1.5307549973450416,-0.8864119844528373,-0.5489205190561197,0,0,-1.5307549973450416,-1.6624674919076712,0,0,0,0,0,0,0,0,0,0,0,1,0,0,0,1,1,0,1,0,1,0,1,0,1,0,1,0,1,0,0,0,1,0,0.09560887285162525,Low
0,0,0,-1.2409180113122174,1,1,0.5316014651998437,-0.9338230881579336,-1.2409180113122176,1,0,0.5316014651998437,0.6828378860155104,0,0,0,0,0,1,1,0,1,1,1,1,0,0,1,0,0,0,0,0,0,0,0,0,0,0,0,1,0,0,0,1,0,1,0.9189777352095327,High
0,1,0,0.7943687306174818,1,1,1.0193993734767517,1.2238099492681187,0.7943687306174818,0,1,1.0193993734767517,1.0891236789330163,0,1,0,1,0,1,3,1,1,1,0,1,0,1,1,0,0,0,0,1,0,0,0,1,0,0,0,1,0,0,1,0,0,0,0.5591402281965372,Medium
0,1,0,-0.3860975797017437,1,0,0.6411071180783331,-0.145341988640369,-0.3860975797017437,0,0,0.641107118078333,0.6826580584540404,0,1,1,0,0,0,2,1,1,1,1,1,0,1,1,0,0,0,0,1,0,1,0,0,0,0,0,0,0,0,0,1,0,0,0.6768411649280123,High
1,0,0,-0.9966836022806536,1,1,0.1582867394777205,-0.7575617243602734,-0.9966836022806536,0,0,0.1582867394777205,0.2206360961479246,0,0,0,0,0,0,0,0,0,1,1,1,0,0,1,0,0,0,0,0,0,0,0,0,0,0,0,0,0,0,0,1,0,0,0.8155604440401085,High
1,1,1,1.3235432835192036,1,1,1.293163505672975,1.9604043017877413,1.323543283519204,0,1,1.293163505672975,1.29610354223796,0,0,1,1,1,1,4,1,1,0,0,0,0,1,1,0,0,0,0,0,0,1,0,1,0,1,0,1,1,0,0,0,0,0,0.38824196693224206,Medium
0,0,1,-1.2409180113122174,1,1,-0.3195561094465974,-0.9612473730405668,-1.2409180113122176,1,0,-0.3195561094465977,-0.3511705924354644,0,0,0,0,0,1,1,1,0,1,1,1,0,0,0,0,0,0,0,0,0,0,0,0,0,0,0,1,0,0,0,1,0,0,0.7884002633037723,High
0,1,0,1.2014260790034217,1,0,-1.3698148711448377,-0.3872680601610063,1.201426079003422,0,1,-1.3698148711448377,-1.3925972478415198,0,0,0,0,0,0,0,1,0,0,0,0,0,1,0,1,1,0,1,0,1,0,1,0,1,0,1,0,0,1,0,0,0,0,0.02453979795741988,Low
0,0,0,-1.2002122764736234,1,1,0.8269348926600121,-0.9016598868475816,-1.2002122764736236,1,0,0.8269348926600116,0.547451709236996,0,0,1,1,1,0,3,0,1,1,0,1,0,0,1,0,0,0,0,0,0,1,0,1,0,1,0,0,0,0,0,0,1,0,0.8427198411886313,High
0,1,1,0.6722515261016999,1,1,0.9530323111261518,0.9744683511152172,0.6722515261016998,0,1,0.953032311126152,0.9036345699283312,0,1,1,0,1,0,3,1,1,0,1,1,0,1,1,0,0,0,0,1,0,1,0,0,0,1,0,0,1,0,0,1,0,0,0.5079695360910766,Medium
0,0,1,-0.7117434584104956,1,0,0.1350582676550105,-0.5724148922606399,-0.7117434584104957,0,0,0.1350582676550103,0.0457232219331574,0,0,0,0,0,0,0,1,0,1,0,0,0,0,1,0,0,0,0,0,0,0,0,0,0,0,0,0,0,0,0,0,0,1,0.5371130574725295,Medium
0,0,1,0.346605647392948,1,1,-1.4826388771408567,-0.6293696471048925,0.3466056473929479,0,0,-1.482638877140857,-1.4506091098252982,0,0,0,0,0,0,0,1,0,0,0,0,0,0,0,1,1,0,1,0,1,0,1,0,1,0,1,0,1,0,1,0,0,0,0.05885907331375223,Low
1,0,0,0.5501343215859179,1,1,1.31141444781939,1.1252799785417942,0.550134321585918,0,0,1.31141444781939,1.3499262080436385,0,1,1,0,1,1,4,0,1,1,1,0,0,1,1,0,0,0,0,1,0,1,0,0,0,1,0,1,0,0,0,1,0,0,0.76726586241132,High
0,0,0,0.9571916699718578,1,1,-1.2934927494416475,-0.3752891325242721,0.957191669971858,0,1,-1.293492749441648,-1.295456678056279,0,0,0,0,0,0,0,0,0,0,0,1,0,1,0,1,1,0,1,0,1,0,1,0,1,0,1,0,0,1,0,0,0,0,0.039063274603507905,Low
0,0,0,0.631545791263106,1,1,1.0111034906829266,0.941625027539776,0.631545791263106,0,1,1.0111034906829268,0.9156276614641063,1,0,0,1,0,1,3,0,1,1,1,1,0,1,1,0,0,1,0,0,0,0,0,1,0,0,0,1,0,0,0,1,0,0,0.60755493321595,High
0,0,0,-1.2409180113122174,1,0,0.1914702706530203,-0.9522302681711572,-1.2409180113122176,1,0,0.1914702706530203,-0.0111886047207841,0,0,0,0,0,0,0,0,1,1,0,1,0,0,1,0,0,0,0,0,0,0,0,0,0,0,0,0,0,0,0,0,1,0,0.7937313362332957,High
0,1,1,1.6084834273893616,1,0,-1.3664965180273074,-0.2720860636539467,1.6084834273893618,0,1,-1.3664965180273074,-1.3769759369573946,0,0,0,0,0,0,0,1,0,0,0,0,0,1,0,1,1,0,1,0,1,0,1,0,1,0,1,0,0,1,0,0,0,0,0.0151942764407721,Low
0,1,0,0.5094285867473239,1,0,0.4602568731729489,0.5696200879638326,0.509428586747324,0,0,0.4602568731729485,0.4965325361648324,1,1,1,0,1,1,5,1,1,0,0,1,0,0,0,0,0,1,0,1,0,1,0,0,0,1,0,1,1,0,0,0,0,0,0.12369759670076012,Low
0,1,1,0.183782708038572,1,1,-0.0706796256318486,-0.0090323230597287,0.1837827080385721,0,0,-0.0706796256318489,-0.1108558435734206,1,0,1,1,0,0,3,1,0,0,0,1,0,1,0,0,0,1,0,0,0,1,0,1,0,0,0,0,0,1,1,0,0,0,0.05548413759837987,Low
0,0,0,1.1607203441648275,1,0,0.8053655973960674,1.4046785929260617,1.1607203441648275,0,1,0.8053655973960674,0.8350032517427024,0,0,1,0,0,1,2,0,1,1,0,0,0,1,1,0,0,0,0,0,0,1,0,0,0,0,0,1,0,0,0,0,1,0,0.5079103222902086,Medium
0,0,0,1.1200146093262338,1,0,-1.4710246412295018,-0.5293258558530465,1.1200146093262338,0,1,-1.4710246412295018,-1.545932922336284,0,0,0,0,0,0,0,0,0,0,0,0,0,0,0,1,1,0,1,0,1,0,1,0,1,0,1,0,0,1,0,0,1,0,0.017577095143213393,Low
1,1,0,-1.2409180113122174,1,0,-0.4904512949993915,-0.9584171868406792,-1.2409180113122176,1,0,-0.4904512949993918,-0.244460917459324,0,1,0,0,0,0,1,1,0,1,0,0,0,0,0,0,0,0,0,1,0,0,0,0,0,0,0,0,0,0,1,0,0,1,0.6370234868451363,High
0,1,1,1.2421318138420157,1,0,0.3524103968532244,1.0568289634747416,1.242131813842016,0,1,0.352410396853224,0.3239220541620834,1,1,1,1,1,0,5,1,1,0,0,0,0,0,0,0,0,1,0,1,0,1,0,1,0,1,0,0,0,1,1,0,0,0,0.019787764683258473,Low
1,0,0,-1.1595065416350294,1,1,0.6527213539896879,-0.850913990100757,-1.1595065416350294,1,0,0.6527213539896877,0.8300806933469292,0,0,0,0,0,1,1,0,1,1,1,0,0,1,1,0,0,0,0,0,0,0,0,0,0,0,0,1,0,0,0,1,0,1,0.9448878656844947,High
0,0,0,1.2014260790034217,1,0,1.2301147964399053,1.8560384432383925,1.201426079003422,0,1,1.230114796439905,1.3358509307807298,1,1,0,1,0,1,4,0,1,0,1,1,0,1,1,0,0,1,0,1,0,0,0,1,0,0,0,1,1,0,0,1,0,1,0.24387155291722812,Low
0,0,0,1.2014260790034217,1,1,0.8999386612456718,1.5166574329588296,1.201426079003422,0,1,0.8999386612456715,0.9230747461831008,1,1,1,0,0,0,3,0,1,0,1,0,0,1,1,0,0,1,0,1,0,1,0,0,0,0,0,0,1,0,0,1,0,0,0.2953176607685945,Low
0,0,0,1.4863662228735797,1,1,1.085766435827351,1.9500708312439652,1.4863662228735797,0,1,1.085766435827351,1.0851121410233069,0,1,1,1,1,0,4,0,1,0,0,1,0,1,1,0,0,0,0,1,0,1,0,1,0,1,0,0,0,1,1,0,0,0,0.14215235976814847,Low
0,0,0,-1.1595065416350294,1,1,1.35123468522975,-0.8141435089301222,-1.1595065416350294,1,0,1.35123468522975,1.5232799773004624,0,1,1,1,1,1,5,0,1,0,1,0,0,0,1,0,0,0,0,1,0,1,0,1,0,1,0,1,1,0,0,1,0,1,0.815265585184268,High
0,1,0,0.6722515261016999,0,1,-0.2863725782712976,0.211173714833863,0.6722515261016998,0,1,-0.2863725782712979,-0.2710328251341294,0,1,0,1,1,1,4,1,0,0,0,0,1,0,0,0,0,0,0,1,0,0,0,1,0,1,0,1,1,0,1,0,0,0,0.2755223410530409,Low
0,0,0,0.7536629957788878,1,1,0.5382381714349038,0.8016075986430036,0.753662995778888,0,1,0.5382381714349036,0.5283448545293058,1,1,1,1,1,0,5,0,1,0,0,1,0,1,0,0,0,1,0,1,0,1,0,1,0,1,0,0,1,0,1,0,0,0,0.13445885663813503,Low
0,0,0,-0.2639803751859618,0,1,-0.6729607164635407,-0.5014408429843851,-0.2639803751859618,0,0,-0.6729607164635409,-0.6768355396792854,1,1,0,0,0,1,3,0,0,1,0,1,1,0,0,0,0,1,0,1,0,0,0,0,0,0,0,1,0,0,0,0,0,0,0.4404063080478758,Medium
0,0,0,-0.9559778674420596,1,1,-0.7028258945213105,-0.8309052318503877,-0.9559778674420596,0,0,-0.7028258945213107,-0.6571451901922019,0,0,0,0,0,0,0,0,0,1,1,0,0,0,0,0,0,0,0,0,0,0,0,0,0,0,0,0,0,0,0,1,0,0,0.5821189377499324,Medium
0,0,0,0.9978974048104516,1,0,0.9878750188602166,1.390790935061496,0.997897404810452,0,1,0.9878750188602166,1.0260126016636533,0,1,0,1,0,1,3,0,1,0,1,0,0,1,1,0,0,0,0,1,0,0,0,1,0,0,0,1,1,0,0,1,0,0,0.34076656608871286,Medium
0,1,0,0.183782708038572,1,0,-1.5075265255223318,-0.655609202880596,0.1837827080385721,0,0,-1.5075265255223318,-1.4286186054514176,0,0,0,0,0,0,0,1,0,1,0,0,0,0,0,1,1,0,1,0,1,0,1,0,1,0,1,0,0,0,0,0,0,0,0.11907143163915271,Low
0,0,0,-0.1011574358315858,1,1,1.064197140563406,0.3167901207738602,-0.1011574358315858,0,0,1.064197140563406,1.1836288722988866,0,1,0,0,1,1,3,0,1,0,0,1,0,0,1,0,0,0,0,1,0,0,0,0,0,1,0,1,1,0,0,0,0,0,0.5048135188599058,Medium
1,1,1,1.5270719577121736,1,1,1.4258976303741746,2.271395692356802,1.5270719577121736,0,1,1.4258976303741748,1.3850655411408903,0,1,1,1,1,1,5,1,1,0,1,0,0,1,1,0,0,0,0,1,0,1,0,1,0,1,0,1,1,0,0,1,0,0,0.41699458663161965,Medium
0,0,1,-0.4268033145403377,1,1,0.8120023036311275,-0.1306864507990897,-0.4268033145403377,0,0,0.8120023036311277,0.8615897517084535,0,1,1,0,1,0,3,1,1,1,1,1,0,0,1,0,0,0,0,1,0,1,0,0,0,1,0,0,0,0,0,1,0,1,0.6959539324419622,High
0,0,0,0.26519417771576,0,1,-0.5302715324097512,-0.183626290336525,0.2651941777157601,0,0,-0.5302715324097512,-0.5529454161381133,1,1,0,1,1,0,4,0,0,1,0,1,1,0,0,0,0,1,0,1,0,0,0,1,0,1,0,0,0,0,1,0,0,1,0.29072786420623253,Low
1,1,0,0.0209597686841961,1,1,0.5199872292884885,0.1567200547709065,0.0209597686841961,0,0,0.5199872292884884,0.514914909115072,0,1,0,0,0,0,1,1,1,1,0,0,0,1,1,0,0,0,0,1,0,0,0,0,0,0,0,0,0,0,0,0,0,1,0.6287581332771588,High
0,0,0,1.1200146093262338,1,1,1.7145943515992828,2.084318190601431,1.1200146093262338,0,1,1.7145943515992823,1.7389052120067725,1,1,1,1,1,1,6,0,1,0,0,1,0,1,1,0,0,1,0,1,0,1,0,1,0,1,0,1,1,0,1,0,0,0,0.3118502857508569,Medium
0,1,1,-1.281623746150811,1,0,-1.5091857020810966,-1.000387312425061,-1.2816237461508115,1,0,-1.5091857020810968,-1.5051240543867523,0,0,0,0,0,0,0,1,0,1,1,0,0,0,0,1,1,0,1,0,1,0,1,0,1,0,1,0,0,0,0,1,0,0,0.46562967903815694,Medium
0,1,1,-0.8338606629262776,1,1,-0.2183463393619327,-0.6839768831631918,-0.8338606629262776,0,0,-0.2183463393619328,-0.1067309881296541,0,0,1,0,1,0,2,1,0,1,0,0,0,0,0,0,0,0,0,0,0,1,0,0,0,1,0,0,0,0,1,0,0,0,0.5060142678148223,Medium
0,1,1,0.7536629957788878,1,0,-1.4925939364934466,-0.5575180207123934,0.753662995778888,0,1,-1.492593936493447,-1.4812485958725587,0,0,0,0,0,0,0,1,0,0,0,0,0,0,0,1,1,0,1,0,1,0,1,0,1,0,1,0,0,1,0,0,1,0,0.019414547237861467,Low
0,1,1,-0.4268033145403377,1,1,0.505054640259604,-0.2232050182791412,-0.4268033145403377,0,0,0.5050546402596038,0.5444687514446162,0,0,0,0,0,1,1,1,1,1,1,0,0,0,1,0,0,0,0,0,0,0,0,0,0,0,0,1,0,0,0,1,0,0,0.7281047990649678,High
0,1,1,-1.281623746150811,1,0,-1.5307549973450416,-1.0006725249878403,-1.2816237461508115,1,0,-1.5307549973450416,-1.5266314307385327,0,0,0,0,0,0,0,1,0,0,0,1,0,0,0,1,1,0,1,0,1,0,1,0,1,0,1,0,1,0,0,0,1,0,0.2319145970494952,Low
0,1,1,0.26519417771576,1,0,1.1637477340893057,0.6740737042248061,0.2651941777157601,0,0,1.1637477340893054,1.10545571028496,0,0,1,0,1,1,3,1,1,0,1,1,0,1,1,0,0,0,0,0,0,1,0,0,0,1,0,1,1,0,0,1,0,0,0.5288187038326118,Medium
0,0,0,-1.1595065416350294,1,1,0.9480547814498568,-0.8499925341287003,-1.1595065416350294,1,0,0.9480547814498566,0.8474520357849054,0,1,0,1,0,1,3,0,1,1,1,0,0,1,1,0,0,0,0,1,0,0,0,1,0,0,0,1,0,0,0,1,0,1,0.9029533556425965,High
0,0,0,0.26519417771576,1,1,0.5150096996121938,0.3958817583753745,0.2651941777157601,0,0,0.5150096996121938,0.5675591971871815,0,0,1,1,0,0,2,0,1,0,1,0,0,0,1,0,0,0,0,0,0,1,0,1,0,0,0,0,0,1,0,1,0,1,0.18598401148300173,Low
1,1,0,1.4863662228735797,1,1,0.6626764133422782,1.529755271418775,1.4863662228735797,0,1,0.662676413342278,0.6257606180050163,1,1,0,0,0,0,2,1,1,1,0,1,0,1,1,0,0,1,0,1,0,0,0,0,0,0,0,0,0,0,1,0,0,0,0.3876435744157645,Medium
1,1,0,-0.9966836022806536,1,1,-0.0175859757513685,-0.7536784456208925,-0.9966836022806536,0,0,-0.0175859757513687,0.2572399962850892,0,0,1,1,0,1,3,1,0,1,0,1,0,0,0,0,0,0,0,0,0,1,0,1,0,0,0,1,0,0,1,0,0,0,0.5675272678819604,Medium
0,1,0,1.4456604880349857,1,0,-1.3233579274994176,-0.2940474309879594,1.445660488034986,0,1,-1.3233579274994176,-1.3559348781547198,0,0,0,0,0,0,0,1,0,0,0,1,0,1,0,1,1,0,1,0,1,0,1,0,1,0,1,0,0,1,1,0,0,0,0.021226551770050863,Low
1,0,0,-1.2409180113122174,1,0,0.1931294472117852,-0.9409753416553244,-1.2409180113122176,1,0,0.193129447211785,0.4131684748354959,0,0,0,0,0,0,0,0,1,1,1,0,0,0,1,0,0,0,0,0,0,0,0,0,0,0,0,0,0,0,0,1,0,1,0.8699537874548722,High
1,1,0,-0.3453918448631497,0,0,-0.8571293144864547,-0.5827264233765099,-0.3453918448631498,0,0,-0.8571293144864548,-0.8095810178820634,1,0,0,0,0,1,2,1,0,1,0,1,1,0,0,0,0,1,0,0,0,0,0,0,0,0,0,1,0,0,0,0,0,1,0.45509704085299507,Medium
0,1,0,0.387311382231542,1,1,-0.4871329418818615,-0.0419853437747008,0.387311382231542,0,0,-0.4871329418818617,-0.4126202391548367,0,0,0,0,0,0,0,1,0,1,1,0,0,1,0,0,0,0,0,0,0,0,0,0,0,0,0,0,0,0,0,1,0,1,0.4418947619929993,Medium
0,1,0,1.0793088744876398,1,1,0.5033954637008385,1.0504007110982525,1.07930887448764,0,1,0.5033954637008384,0.4833408468307111,0,1,0,1,1,1,4,1,1,0,1,0,0,1,0,0,0,0,0,1,0,0,0,1,0,1,0,1,1,0,0,1,0,0,0.2653350173260655,Low
0,1,1,-1.281623746150811,1,0,0.5000771105833088,-0.973818665230766,-1.2816237461508115,1,0,0.5000771105833086,0.4983707734598563,0,0,0,0,0,1,1,1,1,1,1,1,0,0,1,0,0,0,0,0,0,0,0,0,0,0,0,1,0,0,0,1,0,1,0.8732802153981679,High
0,1,1,0.5501343215859179,0,0,-0.9915226157464192,-0.2979745885831525,0.550134321585918,0,0,-0.9915226157464194,-0.983228505489288,1,1,0,0,0,0,2,1,0,1,0,0,1,0,0,0,0,1,0,1,0,0,0,0,0,0,0,0,0,0,0,0,0,0,0.1577558450455333,Low
0,0,0,-1.1595065416350294,0,1,-1.1707136840930383,-0.956925305743064,-1.1595065416350294,1,0,-1.1707136840930386,-1.168450893803115,0,0,1,0,0,0,1,0,0,1,1,1,1,0,0,0,0,0,0,0,0,1,0,0,0,0,0,0,0,0,0,1,0,1,0.8364507095902095,High
0,1,1,-0.8745663977648716,1,1,-1.4760021709057969,-0.8988735795035058,-0.8745663977648717,0,0,-1.476002170905797,-1.394278345496808,0,0,0,0,0,0,0,1,0,1,1,1,0,0,0,1,1,0,1,0,1,0,1,0,1,0,1,0,0,0,0,1,0,0,0.32206492587512325,Medium
0,1,0,1.0793088744876398,1,0,0.0487810865992311,0.7278911208784854,1.07930887448764,0,1,0.0487810865992309,0.0711395008448309,1,1,1,0,1,0,4,1,0,0,0,1,0,0,0,0,0,1,0,1,0,1,0,0,0,1,0,0,1,0,1,0,0,0,0.09345554857968338,Low
0,1,1,0.8350744654560759,1,0,-0.1436833942175081,0.4377641262481319,0.835074465456076,0,1,-0.1436833942175082,-0.0903507330634759,0,0,1,0,0,1,2,1,0,0,0,0,0,0,0,0,0,0,0,0,0,1,0,0,0,0,0,1,1,0,1,0,0,0,0.12971314625802427,Low
0,0,0,-1.2002122764736234,1,1,-0.3560579937394271,-0.9473158363201892,-1.2002122764736236,1,0,-0.3560579937394271,-0.6001598340464591,0,0,0,0,1,0,1,0,0,1,1,0,0,0,0,0,0,0,0,0,0,0,0,0,0,1,0,0,0,0,0,1,0,0,0.8093178687259439,High
0,1,0,1.6084834273893616,1,1,-1.3167212212643575,-0.2010242566660675,1.6084834273893618,0,1,-1.3167212212643578,-1.3025503044751126,0,0,0,0,0,0,0,1,0,0,0,0,0,1,0,1,1,0,1,0,1,0,1,0,1,0,1,0,0,1,0,0,0,0,0.02573659638547331,Low
0,0,0,-0.9559778674420596,1,1,-1.5257774676687466,-0.9274825934930688,-0.9559778674420596,0,0,-1.5257774676687468,-1.4663372474617469,0,0,0,0,0,0,0,0,0,1,0,1,0,0,0,1,1,0,1,0,1,0,1,0,1,0,1,0,0,0,0,0,1,1,0.2959606890224804,Low
0,1,1,-0.3453918448631497,1,1,-1.464387934994442,-0.8028447035584773,-0.3453918448631498,0,0,-1.464387934994442,-1.5011948221686389,0,0,0,0,0,0,0,1,0,0,0,1,0,0,0,1,1,0,1,0,1,0,1,0,1,0,1,0,1,0,1,0,0,0,0.09701333769026721,Low
1,1,0,0.5094285867473239,1,1,0.7024966507526377,0.6854383278801691,0.509428586747324,0,0,0.7024966507526371,0.6906136297734617,0,0,1,0,0,1,2,1,1,1,1,0,0,0,1,0,0,0,0,0,0,1,0,0,0,0,0,1,0,0,0,1,0,0,0.6750812041471637,High
0,1,0,0.6722515261016999,0,0,-0.8056948411647401,-0.1003003431491321,0.6722515261016998,0,1,-0.8056948411647403,-0.7503738330873863,1,0,0,0,1,0,2,1,0,1,0,0,1,0,0,0,0,1,0,0,0,0,0,0,0,1,0,0,0,0,0,0,0,0,0.3036753775843144,Medium
0,1,0,1.1607203441648275,1,0,-1.3449272227633626,-0.3867634533191658,1.1607203441648275,0,1,-1.3449272227633629,-1.3795784741441408,0,0,0,0,0,0,0,1,0,0,0,0,0,1,0,1,1,0,1,0,1,0,1,0,1,0,1,0,0,1,0,0,1,0,0.024931669695790682,Low
0,0,0,-1.2409180113122174,1,1,0.1781968581829002,-0.9457361975109496,-1.2409180113122176,1,0,0.1781968581828999,0.2336646029764068,0,0,0,0,0,0,0,0,0,1,1,1,0,0,1,0,0,0,0,0,0,0,0,0,0,0,0,0,0,0,0,1,0,0,0.8984318844950983,High
0,0,0,-1.1188008067964357,1,1,0.6792681789299281,-0.8220417029763206,-1.1188008067964357,1,0,0.6792681789299283,0.6697680188478897,0,0,0,1,0,1,2,0,1,1,0,0,0,0,1,0,0,0,0,0,0,0,0,1,0,0,0,1,0,0,1,0,0,1,0.837467473073,High
0,0,0,-1.2409180113122174,0,1,-0.7409869553729053,-0.977153458272494,-1.2409180113122176,1,0,-0.7409869553729054,-0.9508955099370298,1,1,0,0,0,1,3,0,0,1,1,0,1,0,0,0,0,1,0,1,0,0,0,0,0,0,0,1,0,0,0,1,0,1,0.8127871054474116,High
0,0,0,-0.3046861100245557,1,0,0.5581482901400835,-0.1187075231623556,-0.3046861100245557,0,0,0.5581482901400834,0.5364884620094732,1,1,1,1,0,1,5,0,1,1,0,1,0,1,0,0,0,1,0,1,0,1,0,1,0,0,0,1,0,0,0,0,0,0,0.25769928474982284,Low
0,1,0,1.1200146093262338,1,1,1.3678264508173998,1.8042613933799807,1.1200146093262338,0,1,1.3678264508174,1.3869287259420608,0,1,1,0,1,1,4,1,1,1,1,0,0,1,1,0,0,0,0,1,0,1,0,0,0,1,0,1,0,0,0,1,0,0,0.7219176193836925,High
0,1,1,0.7536629957788878,1,0,1.497242222401069,1.4862055070251534,0.753662995778888,0,1,1.4972422224010686,1.5405864407750849,1,1,0,1,1,1,5,1,1,0,0,1,0,1,1,0,0,1,0,1,0,0,0,1,0,1,0,1,1,0,1,0,0,0,0.2562821568465021,Low
0,1,1,-1.2409180113122174,1,0,-0.2730991658011774,-0.9590973091057684,-1.2409180113122176,1,0,-0.2730991658011774,-0.2701043277249081,1,0,0,0,0,0,1,1,0,1,0,1,0,1,0,0,0,1,0,0,0,0,0,0,0,0,0,0,0,0,0,0,1,1,0.5662558228729265,Medium
1,1,0,1.2014260790034217,1,1,1.28818597599668,1.7920191926083735,1.201426079003422,0,1,1.2881859759966798,1.257986756842151,0,1,1,0,1,1,4,1,1,0,1,1,0,1,1,0,0,0,0,1,0,1,0,0,0,1,0,1,1,0,0,1,0,1,0.5968445370867653,Medium
0,1,0,0.7943687306174818,1,1,0.5465340542287288,0.90176108703438,0.7943687306174818,0,1,0.5465340542287286,0.6221018187735745,1,1,1,1,0,1,5,1,1,0,0,1,0,1,0,0,0,1,0,1,0,1,0,1,0,0,0,1,1,0,1,0,0,0,0.13951594228540953,Low
0,0,0,1.4456604880349857,1,1,0.3972081639398794,1.1951131775669317,1.445660488034986,0,1,0.3972081639398793,0.2954618155708888,1,1,1,0,0,1,4,0,1,0,0,1,0,1,0,0,0,1,0,1,0,1,0,0,0,0,0,1,1,0,1,0,0,0,0.1157825139173059,Low
0,0,0,-0.4268033145403377,1,1,0.6377887649608033,-0.2094709364099185,-0.4268033145403377,0,0,0.6377887649608032,0.5915443374453659,0,0,0,0,1,0,1,0,1,1,0,0,0,1,1,0,0,0,0,0,0,0,0,0,0,1,0,0,0,0,0,0,0,0,0.7470634361195398,High
1,1,0,-1.281623746150811,0,0,-1.3233579274994176,-0.9979300964995772,-1.2816237461508115,1,0,-1.3233579274994176,-1.3198297350483377,0,0,0,0,0,0,0,1,0,1,1,1,1,0,0,0,0,0,0,0,0,0,0,0,0,0,0,0,0,0,0,1,0,1,0.8249719234060576,High
1,0,0,-1.2002122764736234,0,1,-0.7891030755770901,-0.9509139024967908,-1.2002122764736236,1,0,-0.7891030755770904,-0.690601108961638,0,0,1,0,0,1,2,0,0,1,1,1,1,0,0,0,0,0,0,0,0,1,0,0,0,0,0,1,0,0,0,1,0,1,0.8931289352669076,High
1,0,0,-0.6710377235719016,1,1,1.0442870218582263,-0.3151092817778217,-0.6710377235719017,0,0,1.0442870218582263,1.1212574808787237,0,0,0,0,1,1,2,0,1,1,1,0,0,1,1,0,0,0,0,0,0,0,0,0,0,1,0,1,0,0,0,1,0,1,0.8887760434480442,High
1,0,0,-0.0197459661543978,1,1,0.3142493360016298,-0.0098221424643486,-0.0197459661543979,0,0,0.3142493360016297,0.2056946736343078,0,1,0,0,0,0,1,0,1,1,1,0,0,0,1,0,0,0,0,1,0,0,0,0,0,0,0,0,0,0,0,1,0,1,0.6405480071352228,High
0,0,0,0.7129572609402939,1,0,-1.3283354571757129,-0.4844597257850585,0.7129572609402941,0,1,-1.3283354571757129,-1.3577158056987813,0,0,0,0,0,0,0,0,0,0,0,1,0,1,0,1,1,0,1,0,1,0,1,0,1,0,1,0,0,1,0,0,0,0,0.03327354431528855,Low
0,1,1,-1.281623746150811,1,1,-0.5369082386448113,-0.9875308076720826,-1.2816237461508115,1,0,-0.5369082386448114,-0.5356377049911184,1,0,0,0,0,0,1,1,0,1,0,1,0,0,0,0,0,1,0,0,0,0,0,0,0,0,0,0,0,0,0,0,1,0,0.5917396424888383,Medium
0,0,0,-1.0780950719578417,1,0,0.6294928821669784,-0.7906025027868699,-1.0780950719578417,1,0,0.6294928821669782,0.5951539670428675,0,0,1,0,0,1,2,0,1,1,1,0,0,0,1,0,0,0,0,0,0,1,0,0,0,0,0,1,0,0,0,1,0,1,0.8763598731636406,High
0,0,0,-1.281623746150811,1,1,-0.4705411762942116,-0.9866532305558384,-1.2816237461508115,1,0,-0.4705411762942117,-0.469461162370256,0,1,0,0,0,0,1,0,0,1,1,1,0,0,0,0,0,0,0,1,0,0,0,0,0,0,0,0,0,0,0,1,0,1,0.7510887306005454,High
0,1,1,-0.1418631706701798,1,0,-1.4842980536996218,-0.7637267036018893,-0.1418631706701799,0,0,-1.484298053699622,-1.5111141724688133,0,0,0,0,0,0,0,1,0,0,0,0,0,0,0,1,1,0,1,0,1,0,1,0,1,0,1,0,0,1,0,0,1,0,0.026776433434583868,Low
0,0,0,-1.281623746150811,1,1,-1.514163231757392,-1.0004531307087794,-1.2816237461508115,1,0,-1.514163231757392,-1.510087295083317,0,0,0,0,0,0,0,0,0,1,0,1,0,0,0,1,1,0,1,0,1,0,1,0,1,0,1,0,0,0,0,0,1,1,0.5112719846896824,Medium
0,0,0,1.0386031396490458,1,1,1.0077851375653963,1.5438184447065897,1.0386031396490456,0,1,1.007785137565396,1.1702338272925257,0,0,0,1,1,1,3,0,1,1,1,0,0,0,1,0,0,0,0,0,0,0,0,1,0,1,0,1,0,0,0,1,0,0,0.6276100175337549,High
1,1,1,0.1023712383613841,1,1,0.3690021624408743,0.1965181769925838,0.102371238361384,0,0,0.3690021624408739,0.4484547527401202,0,1,0,1,1,1,4,1,1,1,1,1,0,0,0,0,0,0,0,1,0,0,0,1,0,1,0,1,0,0,0,1,0,0,0.43409075642695394,Medium
0,0,0,0.428017117070136,1,0,-1.5058673489635668,-0.6244771546818307,0.428017117070136,0,0,-1.5058673489635668,-1.474498166057563,0,0,0,0,0,0,0,0,0,0,0,1,0,0,0,1,1,0,1,0,1,0,1,0,1,0,1,0,0,1,0,0,1,0,0.022870553729165372,Low
0,0,0,0.346605647392948,1,0,-0.4937696481169216,-0.118597826022825,0.3466056473929479,0,0,-0.4937696481169219,-0.5111846654617023,0,0,0,1,0,0,1,0,0,0,0,0,0,0,0,0,0,0,0,0,0,0,0,1,0,0,0,0,1,0,0,0,0,0,0.08981590505543235,Low
0,1,1,0.590840056424512,1,0,-1.514163231757392,-0.6181805388727782,0.5908400564245119,0,0,-1.514163231757392,-1.5217737909078524,0,0,0,0,0,0,0,1,0,0,0,0,0,0,0,1,1,0,1,0,1,0,1,0,1,0,1,0,0,1,0,0,0,0,0.016606249366762853,Low
0,0,0,0.0209597686841961,1,1,1.1637477340893057,0.4481195362198142,0.0209597686841961,0,0,1.1637477340893054,1.180791302365295,0,1,0,0,1,1,3,0,1,1,1,0,0,1,1,0,0,0,0,1,0,0,0,0,0,1,0,1,0,0,0,1,0,0,0.7942585364152933,High
0,0,0,1.4049547531963915,1,0,-1.474342994347032,-0.381037262635672,1.4049547531963915,0,1,-1.474342994347032,-1.4420094114990942,0,0,0,0,0,0,0,0,0,0,0,1,0,0,0,1,1,0,1,0,1,0,1,0,1,0,1,0,0,1,0,0,0,0,0.015281748589939602,Low
0,1,0,1.6084834273893616,1,0,-1.5108448786398618,-0.3522966120786724,1.6084834273893618,0,1,-1.510844878639862,-1.4609833813399895,0,0,0,0,0,0,0,1,0,0,0,0,0,0,0,1,1,0,1,0,1,0,1,0,1,0,1,0,0,1,0,0,0,0,0.013587293694409083,Low
0,1,1,0.7129572609402939,1,0,-0.3328295219167173,0.1381154199065281,0.7129572609402941,0,1,-0.3328295219167175,-0.4187699307226755,0,0,1,0,0,0,1,1,0,0,0,1,0,1,0,0,0,0,0,0,0,1,0,0,0,0,0,0,1,0,0,0,0,0,0.1402666487403964,Low
1,1,0,0.6722515261016999,1,0,-0.5020655309107466,0.0434687279195843,0.6722515261016998,0,1,-0.5020655309107469,-0.5291213413554926,0,1,0,0,0,0,1,1,0,0,0,1,0,0,0,0,0,0,0,1,0,0,0,0,0,0,0,0,0,1,0,0,1,0,0.06154956109441416,Low
0,0,0,-1.1595065416350294,1,1,0.3125901594428645,-0.8924892059828289,-1.1595065416350294,1,0,0.3125901594428643,0.0463022666810904,0,0,0,0,0,0,0,0,1,1,1,1,0,1,1,0,0,0,0,0,0,0,0,0,0,0,0,0,0,0,0,1,0,1,0.9125777249865799,High
0,1,0,1.1607203441648275,1,0,0.9696240767138018,1.5061484469918047,1.1607203441648275,0,1,0.969624076713802,0.9604403458498698,0,1,1,1,0,1,4,1,1,1,0,1,0,0,1,0,0,0,0,1,0,1,0,1,0,0,0,1,0,0,1,0,0,0,0.34426711399927223,Medium
0,1,1,-1.0373893371192475,1,0,-1.469365464670737,-0.9431034661622169,-1.0373893371192475,0,0,-1.4693654646707373,-1.4396565461511135,0,0,0,0,0,0,0,1,0,0,0,1,0,0,0,1,1,0,1,0,1,0,1,0,1,0,1,0,1,0,0,0,1,0,0.10967012904755716,Low
1,0,0,-0.7524491932490895,1,0,0.8468450113651922,-0.4533715564421055,-0.7524491932490897,0,0,0.8468450113651922,0.8436705190637133,0,0,0,0,1,1,2,0,1,1,0,1,0,0,1,0,0,0,0,0,0,0,0,0,0,1,0,1,0,0,1,0,0,1,0.7569362623020995,High
0,1,0,-0.2639803751859618,1,1,0.2694515689149748,-0.1491155702402193,-0.2639803751859618,0,0,0.2694515689149744,0.345019362194204,0,1,0,1,1,1,4,1,1,1,1,0,0,0,0,0,0,0,0,1,0,0,0,1,0,1,0,1,0,0,0,1,0,0,0.5100998536025909,Medium
1,0,0,0.1023712383613841,1,0,0.1864927409767251,0.0525077722169002,0.102371238361384,0,0,0.1864927409767248,0.1381813057663053,0,0,0,0,0,0,0,0,1,1,1,0,0,0,1,0,0,0,0,0,0,0,0,0,0,0,0,0,0,0,0,1,0,0,0.570083302524434,Medium
1,1,0,0.8757802002946699,1,1,1.1338825560315355,1.3768155194853062,0.8757802002946699,0,1,1.133882556031535,1.1828690675502769,0,0,1,1,1,1,4,1,1,0,1,0,0,0,1,0,0,0,0,0,0,1,0,1,0,1,0,1,1,0,0,1,0,0,0.5251256967124279,Medium
0,0,0,-0.9966836022806536,1,0,1.0193993734767517,-0.6675003728057058,-0.9966836022806536,0,0,1.0193993734767517,1.069557056956175,0,0,0,0,1,1,2,0,1,1,0,0,0,1,1,0,0,0,0,0,0,0,0,0,0,1,0,1,0,0,0,0,0,1,0.8047355712713292,High
0,0,1,-1.281623746150811,1,1,0.2229946252695553,-0.9774825496910856,-1.2816237461508115,1,0,0.2229946252695551,0.2220837080177561,0,0,0,0,0,0,0,1,1,1,1,1,0,0,1,0,0,0,0,0,0,0,0,0,0,0,0,0,0,0,0,1,0,1,0.867592431300748,High
0,1,1,1.4049547531963915,1,1,1.1720436168831303,1.9261349153984024,1.4049547531963915,0,1,1.1720436168831303,1.1547037969160214,1,0,1,1,0,1,4,1,1,0,0,0,0,1,1,0,0,1,0,0,0,1,0,1,0,0,0,1,1,0,0,0,0,0,0.2059057023460963,Low
0,0,1,-0.3453918448631497,1,0,-1.4992306427285067,-0.7903611690799027,-0.3453918448631498,0,0,-1.499230642728507,-1.4619714338860652,0,0,0,0,0,0,0,1,0,0,0,0,0,0,0,1,1,0,1,0,1,0,1,0,1,0,1,0,0,1,0,0,1,0,0.029687757011675798,Low
0,1,1,1.2828375486806096,1,0,-1.3283354571757129,-0.3088346053966753,1.2828375486806096,0,1,-1.3283354571757129,-1.323810667690374,0,0,0,0,0,0,0,1,0,0,0,0,0,1,0,1,1,0,1,0,1,0,1,0,1,0,1,0,1,0,0,0,1,0,0.04257003804570431,Low
1,1,1,0.0616655035227901,1,1,0.4868036981131887,0.1838371876628543,0.0616655035227902,0,0,0.4868036981131885,0.4967163598943349,0,1,0,0,0,0,1,1,1,1,0,0,0,1,1,0,0,0,0,1,0,0,0,0,0,0,0,0,0,0,0,0,1,1,0.5768600436674438,Medium
0,1,1,-0.9966836022806536,1,0,-1.494253113052212,-0.9413702513576344,-0.9966836022806536,0,0,-1.494253113052212,-1.511948510344529,0,0,0,0,0,0,0,1,0,0,0,1,0,0,0,1,1,0,1,0,1,0,1,0,1,0,1,0,1,0,1,0,0,0,0.10802651971586218,Low
0,0,0,-1.0780950719578417,1,0,-1.4842980536996218,-0.9546655446687348,-1.0780950719578417,1,0,-1.484298053699622,-1.4667968067855028,0,0,0,0,0,0,0,0,0,1,0,0,0,0,0,1,1,0,1,0,1,0,1,0,1,0,1,0,0,0,0,0,1,0,0.38033218784146733,Medium
0,0,0,-0.7931549280876836,1,1,1.1305642029140055,-0.4377506837729575,-0.7931549280876837,0,0,1.1305642029140055,1.164463127455229,0,0,0,1,1,1,3,0,1,1,0,1,0,1,1,0,0,0,0,0,0,0,0,1,0,1,0,1,0,0,0,0,1,1,0.8023970839212132,High
0,1,1,1.2014260790034217,1,1,-1.3499047524396577,-0.3838235699797476,1.201426079003422,0,1,-1.3499047524396577,-1.388407845748183,0,0,0,0,0,0,0,1,0,0,0,1,0,1,0,1,1,0,1,0,1,0,1,0,1,0,1,0,0,1,0,0,0,0,0.028605004475503074,Low
0,1,0,0.0616655035227901,1,1,1.1654069106480704,0.518062432384482,0.0616655035227902,0,0,1.1654069106480702,1.2379909556930244,0,0,1,0,1,1,3,1,1,1,1,1,0,1,1,0,0,0,0,0,0,1,0,0,0,1,0,1,0,0,0,1,0,1,0.8252198627175682,High
0,0,0,-0.9559778674420596,1,1,1.1405192622665956,-0.605784762105828,-0.9559778674420596,0,0,1.1405192622665954,1.2290700982318783,0,1,0,0,1,1,3,0,1,1,0,1,0,1,1,0,0,0,0,1,0,0,0,0,0,1,0,1,0,0,1,0,0,0,0.840626426561638,High
0,0,0,-0.4268033145403377,1,0,-1.480979700582092,-0.8039416749537827,-0.4268033145403377,0,0,-1.480979700582092,-1.4460915703442785,0,0,0,0,0,0,0,0,0,0,0,1,0,0,0,1,1,0,1,0,1,0,1,0,1,0,1,0,1,0,1,0,0,0,0.08897470493203971,Low
0,0,1,0.305899912554354,1,1,-0.3212152860053623,-0.0702652663456723,0.3058999125543541,0,0,-0.3212152860053625,-0.3791301816927789,1,1,0,0,0,0,2,1,0,1,0,1,0,0,0,0,0,1,0,1,0,0,0,0,0,0,0,0,0,0,0,0,1,1,0.1657079667718375,Low
1,1,0,0.1023712383613841,1,1,1.1803394996769556,0.5941264289349536,0.102371238361384,0,0,1.1803394996769554,1.3051100969671838,1,1,0,1,1,0,4,1,1,1,0,0,0,1,1,0,0,1,0,1,0,0,0,1,0,1,0,0,0,0,0,0,0,1,0.5383863689186777,Medium
0,0,0,-1.0373893371192475,1,0,-1.3747924008211323,-0.9330113293254078,-1.0373893371192475,0,0,-1.3747924008211323,-1.3309379404168395,0,0,0,0,0,0,0,0,0,1,0,1,0,1,0,1,1,0,1,0,1,0,1,0,1,0,1,0,0,0,0,0,1,0,0.30304737378198676,Medium
1,0,0,-0.0197459661543978,1,0,-1.497571466169742,-0.7510457142721597,-0.0197459661543979,0,0,-1.497571466169742,-1.5410041485890011,0,0,0,0,0,0,0,0,0,0,0,1,0,0,0,1,1,0,1,0,1,0,1,0,1,0,1,0,1,0,1,0,0,0,0.07929662246504178,Low
0,0,1,1.1607203441648275,1,0,-1.4992306427285067,-0.515635652839636,1.1607203441648275,0,1,-1.499230642728507,-1.5388903640437086,0,0,0,0,0,0,0,1,0,0,0,1,0,0,0,1,1,0,1,0,1,0,1,0,1,0,1,0,0,1,0,0,1,0,0.01444439710168202,Low
0,0,0,-1.2409180113122174,1,0,-1.466047111553207,-0.9895272956115384,-1.2409180113122176,1,0,-1.466047111553207,-1.4174401354141095,0,0,0,0,0,0,0,0,0,1,0,1,0,0,0,1,1,0,1,0,1,0,1,0,1,0,1,0,0,0,0,0,1,0,0.41423662901278213,Medium
0,1,0,0.9571916699718578,1,0,1.2699350338502653,1.5116333039683314,0.957191669971858,0,1,1.2699350338502653,1.2454271275909938,0,0,1,1,1,1,4,1,1,0,0,0,0,1,1,0,0,0,0,0,0,1,0,1,0,1,0,1,0,1,0,0,0,0,0.205055835392465,Low
1,1,0,1.3235432835192036,1,1,1.3711448039349297,2.0537346281003197,1.323543283519204,0,1,1.3711448039349294,1.404378546972248,0,1,1,0,1,1,4,1,1,0,1,0,0,1,1,0,0,0,0,1,0,1,0,0,0,1,0,1,1,0,0,1,0,1,0.562735711951376,Medium
0,1,1,-0.1825689055087738,1,0,-0.4987471777932165,-0.3901201857888002,-0.1825689055087737,0,0,-0.4987471777932167,-0.4821646951055108,0,0,0,0,0,0,0,1,0,1,0,0,0,1,0,0,0,0,0,0,0,0,0,0,0,0,0,0,0,0,0,0,1,0,0.3128262681993359,Medium
0,0,0,-0.5896262538947137,1,0,0.1516500332426604,-0.4826387532688516,-0.5896262538947137,0,0,0.1516500332426602,0.056090880277093,1,0,1,0,1,0,3,0,0,1,0,1,0,1,0,0,0,1,0,0,0,1,0,0,0,1,0,0,0,0,0,0,1,0,0.40978378571921337,Medium
0,1,1,1.5677776925507676,1,1,0.850163364482722,1.72870200367135,1.5677776925507678,0,1,0.8501633644827217,0.7589059576302306,1,1,1,1,1,1,6,1,1,0,0,0,0,1,0,0,0,1,0,1,0,1,0,1,0,1,0,1,0,1,1,0,0,0,0.04216191707713514,Low
0,0,0,1.6084834273893616,1,1,0.7854554786908873,1.7124229481650186,1.6084834273893618,0,1,0.7854554786908867,0.7014730165938154,0,1,1,1,1,1,5,0,1,0,0,1,0,1,0,0,0,0,0,1,0,1,0,1,0,1,0,1,0,1,0,0,0,0,0.06660736723123391,Low
1,0,0,-1.281623746150811,1,1,0.3822755749109944,-0.9753763646120996,-1.2816237461508115,1,0,0.3822755749109944,0.3809074103078257,0,0,0,0,0,0,0,0,1,1,1,1,0,1,1,0,0,0,0,0,0,0,0,0,0,0,0,0,0,0,0,1,0,1,0.9297861699514052,High
0,0,0,-1.281623746150811,1,0,-1.4992306427285067,-1.0002556758576244,-1.2816237461508115,1,0,-1.499230642728507,-1.495197572993623,0,0,0,0,0,0,0,0,0,1,0,1,0,0,0,1,1,0,1,0,1,0,1,0,1,0,1,0,0,0,0,0,1,1,0.4236838933303814,Medium
0,0,0,0.0616655035227901,1,0,-1.4793205240233267,-0.7135292925527174,0.0616655035227902,0,0,-1.479320524023327,-1.4935431594281017,0,0,0,0,0,0,0,0,0,1,0,0,0,0,0,1,1,0,1,0,1,0,1,0,1,0,1,0,0,0,0,0,1,0,0.1214093408598406,Low
0,0,0,-0.9966836022806536,1,1,0.7340210053691726,-0.67452098973566,-0.9966836022806536,0,0,0.7340210053691723,1.0033805143353125,0,0,0,0,1,0,1,0,1,1,1,0,0,1,1,0,0,0,0,0,0,0,0,0,0,1,0,0,0,0,0,1,0,1,0.8612864189308981,High
0,0,0,0.590840056424512,1,1,1.376122333611225,1.241164036741849,0.5908400564245119,0,0,1.376122333611225,1.4614154700365445,0,1,1,0,1,1,4,0,1,1,1,0,0,1,1,0,0,0,0,1,0,1,0,0,0,1,0,1,0,0,0,1,0,1,0.7283926302476024,High
0,1,1,1.6084834273893616,1,1,-1.3565414586747175,-0.258966285766095,1.6084834273893618,0,1,-1.3565414586747175,-1.3632351131770908,0,0,0,0,0,0,0,1,0,0,0,0,0,1,0,1,1,0,1,0,1,0,1,0,1,0,1,0,0,1,0,0,0,0,0.021244721632931618,Low
0,1,1,0.7943687306174818,1,1,-1.3233579274994176,-0.4515505839258986,0.7943687306174818,0,1,-1.3233579274994176,-1.3404144576808847,0,0,0,0,0,0,0,1,0,0,0,0,0,1,0,1,1,0,1,0,1,0,1,0,1,0,1,0,0,1,0,0,0,0,0.035909622739660425,Low
0,0,0,-1.2002122764736234,1,0,-1.4959122896109769,-0.9805979484537528,-1.2002122764736236,1,0,-1.4959122896109769,-1.4367416270118614,0,0,0,0,0,0,0,0,0,1,0,1,0,0,0,1,1,0,1,0,1,0,1,0,1,0,1,0,0,0,0,0,1,1,0.4114670057984258,Medium
0,1,0,1.1200146093262338,0,0,-0.9035862581318744,-0.0046663769064136,1.1200146093262338,0,1,-0.9035862581318748,-0.8865388222382413,1,1,0,1,0,0,3,1,0,0,0,0,1,0,0,0,0,1,0,1,0,0,0,1,0,0,0,0,0,1,0,0,0,0,0.03224699210337455,Low
0,0,0,-1.2002122764736234,1,1,1.050923728093286,-0.8808393697646862,-1.2002122764736236,1,0,1.0509237280932855,1.070797867130316,0,0,0,0,1,1,2,0,1,1,1,0,0,1,1,0,0,0,0,0,0,0,0,0,0,1,0,1,0,0,0,1,0,1,0.9502960683718984,High
0,0,0,-0.5489205190561197,1,1,0.6991782976351079,-0.3365002239862756,-0.5489205190561197,0,0,0.6991782976351076,0.5200522986080074,0,0,0,0,0,1,1,0,1,1,0,1,0,1,1,0,0,0,0,0,0,0,0,0,0,0,0,1,0,0,0,0,0,1,0.7633796372779702,High
0,0,0,-1.281623746150811,1,1,0.1649234457127805,-0.9782504296677996,-1.2816237461508115,1,0,0.1649234457127804,0.1641792332245015,0,0,0,0,0,0,0,0,0,1,1,1,0,0,1,0,0,0,0,0,0,0,0,0,0,0,0,0,0,0,0,1,0,0,0.900783225913778,High
0,1,0,-1.0780950719578417,1,1,1.3396204493183947,-0.7696942279923503,-1.0780950719578417,1,0,1.3396204493183943,0.8579299883665423,0,1,1,0,1,1,4,1,1,1,1,0,0,1,1,0,0,0,0,1,0,1,0,0,0,1,0,1,0,0,0,1,0,1,0.9385353525957411,High
0,1,1,0.6722515261016999,1,0,-0.1768669253928079,0.2944119043096315,0.6722515261016998,0,1,-0.176866925392808,-0.1429339462037455,1,1,0,1,0,0,3,1,0,1,0,1,0,0,0,0,0,1,0,1,0,0,0,1,0,0,0,0,0,0,1,0,0,0,0.10562969566057255,Low
1,0,0,-0.4268033145403377,1,1,0.8485041879239571,-0.1705723307323915,-0.4268033145403377,0,0,0.848504187923957,0.7248750307030808,0,0,0,1,1,0,2,0,1,1,0,1,0,1,1,0,0,0,0,0,0,0,0,1,0,1,0,0,0,0,0,0,0,1,0.7215303894386151,High
0,1,1,0.387311382231542,1,1,-1.5224591145512167,-0.6746306868751905,0.387311382231542,0,0,-1.5224591145512167,-1.5484933242829244,0,0,0,0,0,0,0,1,0,0,1,0,0,0,0,1,1,0,1,0,1,0,1,0,1,0,1,0,1,0,0,1,0,0,0.08552068883800588,Low
1,1,0,0.5501343215859179,1,1,1.1255866732377109,0.9941041390911828,0.550134321585918,0,0,1.1255866732377102,1.1348884100381291,0,0,1,0,1,1,3,1,1,1,1,1,0,1,1,0,0,0,0,0,0,1,0,0,0,1,0,1,0,0,0,1,0,0,0.8030977371114,High
0,0,0,1.4456604880349857,0,1,-0.8305824895462149,0.2180846346242866,1.445660488034986,0,1,-0.8305824895462152,-0.7880087625669292,0,0,1,0,0,1,2,0,0,1,0,1,1,0,0,0,0,0,0,0,0,1,0,0,0,0,0,1,0,0,0,0,0,0,0.35241295563206815,Medium
0,0,1,-1.2409180113122174,1,0,-1.474342994347032,-0.992138087532365,-1.2409180113122176,1,0,-1.474342994347032,-1.5158777425626424,0,0,0,0,0,0,0,1,0,0,0,0,0,0,0,1,1,0,1,0,1,0,1,0,1,0,1,0,1,0,0,0,0,0,0.2062797378507226,Low
0,0,1,-1.3223294809894055,1,0,-1.4826388771408567,-1.0089217498805363,-1.3223294809894055,1,0,-1.482638877140857,-1.4786534373384077,0,0,0,0,0,0,0,1,0,0,0,1,0,0,0,1,1,0,1,0,1,0,1,0,1,0,1,0,0,1,0,0,1,0,0.10979649960343539,Low
0,1,1,0.1023712383613841,1,0,0.242904743974735,0.1181286010840651,0.102371238361384,0,0,0.2429047439747348,0.2795627621798766,1,0,1,1,1,0,4,1,1,1,1,0,0,1,0,0,0,1,0,0,0,1,0,1,0,1,0,0,0,0,0,1,0,1,0.27694296541108304,Low
0,0,0,-1.2409180113122174,1,0,-1.5075265255223318,-0.9968331251042716,-1.2409180113122176,1,0,-1.5075265255223318,-1.6928999940734497,0,0,0,0,0,0,0,0,0,1,0,0,0,0,0,1,1,0,1,0,1,0,1,0,1,0,1,0,0,0,0,0,1,0,0.40333854258360835,Medium
0,1,1,1.4456604880349857,1,0,-0.0756571553081435,0.9111292227502876,1.445660488034986,0,1,-0.0756571553081437,-0.0194606725483915,1,1,1,1,0,0,4,1,0,0,0,1,0,0,0,0,0,1,0,1,0,1,0,1,0,0,0,0,0,1,1,0,0,0,0.015058173332501892,Low
0,1,0,-0.6710377235719016,1,1,0.3474328671769296,-0.4870266388500729,-0.6710377235719017,0,0,0.3474328671769295,0.3110084371645399,0,0,0,0,0,0,0,1,1,1,1,1,0,1,1,0,0,0,0,0,0,0,0,0,0,0,0,0,0,0,0,1,0,0,0.7978158871538712,High
0,1,0,1.6084834273893616,1,1,1.5254482239000742,2.607068939320233,1.6084834273893618,0,1,1.5254482239000742,1.6384685217999015,1,0,1,1,1,1,5,1,1,0,0,1,0,1,1,0,0,1,0,0,0,1,0,1,0,1,0,1,0,1,1,0,0,0,0.14789471166721838,Low
0,1,0,0.183782708038572,1,0,0.9746016063900964,0.5097035103522554,0.1837827080385721,0,0,0.974601606390096,0.9463591386750052,0,0,1,1,1,0,3,1,1,0,0,1,0,1,1,0,0,0,0,0,0,1,0,1,0,1,0,0,0,1,0,0,1,0,0.1909850253948651,Low
0,1,1,0.8350744654560759,1,0,-1.3067661619117676,-0.4226563573735563,0.835074465456076,0,1,-1.3067661619117676,-1.3145543408488445,0,0,0,0,0,0,0,1,0,0,0,1,0,1,0,1,1,0,1,0,1,0,1,0,1,0,1,0,0,1,1,0,0,0,0.02589428550474487,Low
0,0,0,0.305899912554354,1,0,0.6278337056082129,0.5409891345463634,0.3058999125543541,0,0,0.6278337056082128,0.7732102270321257,0,0,0,0,0,1,1,0,1,1,0,0,0,1,1,0,0,0,0,0,0,0,0,0,0,0,0,1,0,0,0,0,0,0,0.5792379043709284,Medium
0,0,0,0.5501343215859179,1,1,0.9696240767138018,0.9254556691729752,0.550134321585918,0,0,0.969624076713802,1.0223523220703696,0,1,1,0,0,1,3,0,1,0,1,0,0,1,1,0,0,0,0,1,0,1,0,0,0,0,0,1,1,0,0,1,0,0,0.5017726383257888,Medium
0,0,0,-1.2002122764736234,1,1,1.1952720887058406,-0.8641434651281391,-1.2002122764736236,1,0,1.1952720887058406,1.4904674415842851,0,0,1,0,1,1,3,0,1,1,1,1,0,1,1,0,0,0,0,0,0,1,0,0,0,1,0,1,0,0,0,1,0,1,0.9543357195903835,High
0,0,0,-1.281623746150811,1,0,0.3441145140593994,-0.97588097145394,-1.2816237461508115,1,0,0.3441145140593991,0.3428558983008297,0,0,1,0,0,0,1,0,1,1,1,0,0,0,1,0,0,0,0,0,0,1,0,0,0,0,0,0,0,0,0,1,0,1,0.8524710368538037,High
0,0,0,-1.0373893371192475,1,0,-1.5158224083161569,-0.959645794803421,-1.0373893371192475,0,0,-1.5158224083161569,-1.6178605216372928,0,0,0,0,0,0,0,0,0,1,1,1,0,0,0,1,1,0,1,0,1,0,1,0,1,0,1,0,0,0,0,1,0,1,0.30836642587721247,Medium
0,0,0,-1.0780950719578417,0,1,-1.1425076825940337,-0.9173465778004476,-1.0780950719578417,1,0,-1.1425076825940337,-0.9977705609601408,0,1,0,0,0,0,1,0,0,1,0,1,1,0,0,0,0,0,0,1,0,0,0,0,0,0,0,0,0,0,1,0,0,1,0.7431692591909327,High
0,0,0,0.5501343215859179,1,1,0.8037064208373025,0.8539770130548802,0.550134321585918,0,0,0.8037064208373027,0.9051766830166904,1,0,0,0,1,0,2,0,1,1,0,1,0,1,1,0,0,1,0,0,0,0,0,0,0,1,0,0,0,0,1,0,0,0,0.5397331714855192,Medium
0,1,0,0.8757802002946699,1,1,0.1732193285066055,0.6214629561059625,0.8757802002946699,0,1,0.1732193285066053,0.1280578703772807,0,0,0,0,1,1,2,1,0,0,0,0,0,1,0,0,0,0,0,0,0,0,0,0,0,1,0,1,1,0,1,0,0,1,0.31719979050960245,Medium
1,0,0,-0.7117434584104956,1,1,0.480166991878129,-0.50163829783554,-0.7117434584104957,0,0,0.4801669918781289,0.4015324327579941,0,0,0,0,0,1,1,0,1,1,1,1,0,0,1,0,0,0,0,0,0,0,0,0,0,0,0,1,0,0,0,1,0,1,0.822600615479673,High
0,0,0,-1.2002122764736234,1,1,0.6759498258123978,-0.8927305396897961,-1.2002122764736236,1,0,0.6759498258123976,0.7719004829594209,0,0,0,0,0,1,1,0,1,1,1,1,0,1,1,0,0,0,0,0,0,0,0,0,0,0,0,1,0,0,0,1,0,1,0.9383636063452004,High
0,1,1,1.5270719577121736,1,0,-1.4892755833759168,-0.4120596136949068,1.5270719577121736,0,1,-1.4892755833759168,-1.5057149163744386,0,0,0,0,0,0,0,1,0,0,0,1,0,0,0,1,1,0,1,0,1,0,1,0,1,0,1,0,0,1,1,0,0,0,0.011894475444811935,Low
0,0,1,0.26519417771576,1,0,1.1819986762357204,0.7003132600005094,0.2651941777157601,0,0,1.1819986762357202,1.1561910596276213,0,0,0,1,1,1,3,1,1,0,0,1,0,1,1,0,0,0,0,0,0,0,0,1,0,1,0,1,0,1,0,0,1,0,0.18832224710479784,Low
0,1,0,-1.2409180113122174,1,0,-1.4909347599346818,-0.9922477846718956,-1.2409180113122176,1,0,-1.490934759934682,-1.5200137764764463,0,0,0,0,0,0,0,1,0,1,0,1,0,0,0,1,1,0,1,0,1,0,1,0,1,0,1,0,0,0,0,0,1,0,0.4234347060027865,Medium
0,0,0,-0.5896262538947137,1,1,0.3540695734119893,-0.3967897718722566,-0.5896262538947137,0,0,0.3540695734119891,0.4157420070485297,0,0,0,0,0,0,0,0,1,1,0,1,0,1,1,0,0,0,0,0,0,0,0,0,0,0,0,0,0,0,0,0,0,0,0.7145354738211673,High
1,0,0,1.6084834273893616,1,1,-1.3216987509406526,-0.2235341096977328,1.6084834273893618,0,1,-1.3216987509406526,-1.3261256977837947,0,0,0,0,0,0,0,0,0,0,0,1,0,1,0,1,1,0,1,0,1,0,1,0,1,0,1,0,0,1,1,0,0,0,0.030151493007991744,Low
0,0,1,0.590840056424512,1,1,-0.3195561094465974,0.1556450228035074,0.5908400564245119,0,0,-0.3195561094465977,-0.280224410705492,1,1,0,0,0,0,2,1,0,1,1,1,0,0,0,0,0,1,0,1,0,0,0,0,0,0,0,0,0,0,0,1,0,0,0.1952571605105944,Low
0,1,1,-0.4268033145403377,1,0,-1.494253113052212,-0.8332746900642473,-0.4268033145403377,0,0,-1.494253113052212,-1.5466347947580206,0,0,0,0,0,0,0,1,0,1,0,0,0,0,0,1,1,0,1,0,1,0,1,0,1,0,1,0,0,0,0,0,1,0,0.1397752748173001,Low
0,1,1,1.5677776925507676,1,0,0.8285940692187774,1.8244017881977863,1.5677776925507678,0,1,0.8285940692187775,0.8605475347119914,1,1,1,1,1,1,6,1,1,0,0,1,0,1,0,0,0,1,0,1,0,1,0,1,0,1,0,1,0,1,1,0,0,0,0.032258685812172866,Low
0,0,0,-0.9966836022806536,1,1,0.3291819250305144,-0.7577372397835221,-0.9966836022806536,0,0,0.3291819250305142,0.2189816825824032,0,0,0,0,0,0,0,0,1,1,1,1,0,1,1,0,0,0,0,0,0,0,0,0,0,0,0,0,0,0,0,1,0,0,0.8248726514266339,High
0,1,1,1.5677776925507676,1,0,-1.494253113052212,-0.3992908666535528,1.5677776925507678,0,1,-1.494253113052212,-1.501209385668335,0,0,0,0,0,0,0,1,0,0,0,0,0,0,0,1,1,0,1,0,1,0,1,0,1,0,1,0,0,1,0,0,0,0,0.011143972886836448,Low
0,0,0,0.8350744654560759,1,1,0.9795791360663916,1.2037792515898436,0.835074465456076,0,1,0.9795791360663916,0.9995332224117172,0,1,1,1,0,1,4,0,1,0,0,0,0,0,1,0,0,0,0,1,0,1,0,1,0,0,0,1,1,0,1,0,0,0,0.29107801577872283,Low
1,1,0,0.183782708038572,1,1,0.242904743974735,0.1211562421351076,0.1837827080385721,0,0,0.2429047439747348,0.154476321232118,0,0,0,0,0,0,0,1,1,1,0,1,0,0,1,0,0,0,0,0,0,0,0,0,0,0,0,0,0,0,0,0,0,0,0.5581696636569152,Medium
0,1,0,1.2828375486806096,1,1,0.1732193285066055,0.9571581424972992,1.2828375486806096,0,1,0.1732193285066053,0.1678499633230022,0,1,0,1,0,1,3,1,0,0,0,1,0,1,0,0,0,0,0,1,0,0,0,1,0,0,0,1,1,0,0,0,1,0,0.15090117331295752,Low
0,0,1,-1.1188008067964357,1,1,-0.5402265917623413,-0.9057186810102112,-1.1188008067964357,1,0,-0.5402265917623416,-0.5922186489319557,0,0,0,1,0,0,1,1,0,1,0,1,0,0,0,0,0,0,0,0,0,0,0,1,0,0,0,0,0,0,0,0,0,0,0.5673124336553206,Medium
0,0,0,1.1200146093262338,1,0,1.319710330613215,1.7702772195534218,1.1200146093262338,0,1,1.319710330613215,1.3442172823921792,0,1,1,0,1,1,4,0,1,0,1,0,0,1,1,0,0,0,0,1,0,1,0,0,0,1,0,1,0,1,0,1,0,0,0.27240553025621467,Low
0,0,0,-1.2409180113122174,1,1,-0.4854737653230966,-0.9682241111147089,-1.2409180113122176,1,0,-0.4854737653230969,-0.6142223493533925,0,1,0,0,0,0,1,0,0,1,0,1,0,0,0,0,0,0,0,1,0,0,0,0,0,0,0,0,0,0,0,0,1,0,0.6664868189405797,High
0,0,0,-0.3046861100245557,0,0,-0.3560579937394271,-0.3844598133890246,-0.3046861100245557,0,0,-0.3560579937394271,-0.2651079987570329,0,0,1,1,1,1,4,0,0,0,1,0,1,0,0,0,0,0,0,0,0,1,0,1,0,1,0,1,1,0,0,1,0,0,0.39924105672472043,Medium
0,1,1,-1.0780950719578417,1,0,-1.5008898192872715,-0.9591192485336746,-1.0780950719578417,1,0,-1.500889819287272,-1.522771132418982,0,0,0,0,0,0,0,1,0,1,0,0,0,0,0,1,1,0,1,0,1,0,1,0,1,0,1,0,0,0,0,0,1,0,0.3406543207606657,Medium
0,1,1,1.1200146093262338,1,1,1.5154931645474838,1.8813126641862272,1.1200146093262338,0,1,1.5154931645474834,1.4837670666439229,1,0,1,1,1,1,5,1,1,0,1,1,0,1,1,0,0,1,0,0,0,1,0,1,0,1,0,1,0,1,0,1,0,0,0.21361464876782627,Low
0,0,0,-0.1011574358315858,1,1,1.1703844403243655,0.3003355498442803,-0.1011574358315858,0,0,1.1703844403243655,1.1422685331608478,0,1,0,0,1,1,3,0,1,1,1,0,0,1,1,0,0,0,0,1,0,0,0,0,0,1,0,1,0,0,0,1,0,1,0.8051670858653411,High
0,0,0,1.4049547531963915,0,1,-0.5169981199396313,0.4484486276384058,1.4049547531963915,0,1,-0.5169981199396314,-0.5084263057492565,1,0,1,1,1,0,4,0,0,0,0,1,1,0,0,0,0,1,0,0,0,1,0,1,0,1,0,0,1,0,0,0,0,0,0.1224834104491397,Low
0,0,0,0.8350744654560759,1,0,-1.3565414586747175,-0.4376629260613331,0.835074465456076,0,1,-1.3565414586747175,-1.3359056404491605,0,0,0,0,0,0,0,0,0,0,0,1,0,1,0,1,1,0,1,0,1,0,1,0,1,0,1,0,1,0,0,0,0,0,0.07026335497066917,Low
0,1,1,-0.9152721326034656,1,0,-0.3228744625641272,-0.7770878151967082,-0.9152721326034656,0,0,-0.3228744625641272,-0.4004721166880069,0,0,1,1,0,0,2,1,0,1,0,0,0,0,0,0,0,0,0,0,0,1,0,1,0,0,0,0,0,0,1,0,0,1,0.28660918286399845,Low
0,0,0,-1.281623746150811,1,1,-0.4224250560900267,-0.9860169871465614,-1.2816237461508115,1,0,-0.4224250560900267,-0.4214831689701306,0,0,0,1,0,0,1,0,0,1,1,0,0,0,0,0,0,0,0,0,0,0,0,1,0,0,0,0,0,0,0,1,0,1,0.7100043021817842,High
0,1,0,0.9164859351332638,0,1,-0.3444437578280723,0.2979222127746086,0.9164859351332636,0,1,-0.3444437578280726,-0.3569309596681439,0,0,1,1,1,1,4,1,0,1,0,1,1,0,0,0,0,0,0,0,0,1,0,1,0,1,0,1,0,0,0,0,0,1,0.4503528505028657,Medium
0,0,0,1.5270719577121736,1,0,0.6560397071072182,1.6198824412570612,1.5270719577121736,0,1,0.6560397071072182,0.6832160376876295,1,1,1,0,1,1,5,0,1,0,0,0,0,1,0,0,0,1,0,1,0,1,0,0,0,1,0,1,0,1,0,0,1,0,0.04959739064355051,Low
0,1,0,0.0616655035227901,1,0,-0.4887921184406264,-0.2123888803214307,0.0616655035227902,0,0,-0.4887921184406264,-0.3820691987327054,0,0,0,1,0,0,1,1,0,1,0,0,0,0,0,0,0,0,0,0,0,0,0,1,0,0,0,0,0,0,0,0,0,0,0.2071760564905668,Low
0,0,0,1.4456604880349857,1,0,1.503878928636129,2.185173740685804,1.445660488034986,0,1,1.503878928636129,1.393384182795763,1,1,0,1,1,1,5,0,1,0,0,0,0,1,1,0,0,1,0,1,0,0,0,1,0,1,0,1,0,1,1,0,0,0,0.09594243170044553,Low
0,1,0,1.0793088744876398,1,1,1.4673770443432994,1.868543917144873,1.07930887448764,0,1,1.4673770443432996,1.5290143429640075,1,1,1,0,1,1,5,1,1,0,0,0,0,1,1,0,0,1,0,1,0,1,0,0,0,1,0,1,1,0,1,0,0,0,0.39288425297141955,Medium
0,0,0,-0.9559778674420596,1,1,0.3291819250305144,-0.6981716930184428,-0.9559778674420596,0,0,0.3291819250305142,0.4549883732972913,1,0,0,0,0,0,1,0,1,1,1,0,0,0,1,0,0,1,0,0,0,0,0,0,0,0,0,0,0,0,0,1,0,0,0.6993174257773136,High
0,0,0,-1.0780950719578417,1,1,0.5166688761709587,-0.8057407080420834,-1.0780950719578417,1,0,0.5166688761709586,0.4048964070078882,0,0,0,0,1,0,1,0,1,1,0,1,0,0,1,0,0,0,0,0,0,0,0,0,0,1,0,0,0,0,1,0,0,1,0.8700253224354856,High
0,1,0,0.7129572609402939,1,1,1.29482268223174,1.2865128342237715,0.7129572609402941,0,1,1.29482268223174,1.3132025427505352,1,0,1,0,1,1,4,1,1,0,1,1,0,1,1,0,0,1,0,0,0,1,0,0,0,1,0,1,1,0,0,1,0,0,0.5831056723108091,Medium
1,1,1,1.6084834273893616,1,0,0.913212073715792,1.8169862615655223,1.6084834273893618,0,1,0.913212073715792,0.8109860034448679,1,1,1,1,1,1,6,1,1,0,0,0,0,1,0,0,0,1,0,1,0,1,0,1,0,1,0,1,0,1,1,0,0,1,0.03331258709536906,Low
1,1,0,0.346605647392948,0,1,-0.364353876533252,-0.0368295782167657,0.3466056473929479,0,0,-0.364353876533252,-0.3607944372007544,0,1,1,0,1,1,4,1,0,1,1,1,1,0,0,0,0,0,0,1,0,1,0,0,0,1,0,1,0,0,0,1,0,0,0.6459667127022704,High
0,0,0,-1.1595065416350294,1,1,-0.4688819997354467,-0.9201548245724293,-1.1595065416350294,1,0,-0.468881999735447,-0.4752516098495813,0,0,0,1,0,0,1,0,0,1,0,1,0,0,0,0,0,0,0,0,0,0,0,1,0,0,0,0,0,0,0,0,1,0,0.6215314205746361,High
0,1,1,0.590840056424512,0,0,-0.817309077076095,-0.2213840457629344,0.5908400564245119,0,0,-0.8173090770760952,-0.8851413707797049,1,0,1,1,0,0,3,1,0,0,1,1,1,0,0,0,0,1,0,0,0,1,0,1,0,0,0,0,1,0,0,1,0,0,0.1019575263668588,Low
0,1,1,1.2014260790034217,1,1,0.9961709016540417,1.5324757604791326,1.201426079003422,0,1,0.9961709016540417,0.9423139749047306,1,1,0,0,1,0,3,1,1,0,0,1,0,1,1,0,0,1,0,1,0,0,0,0,0,1,0,0,1,0,1,0,0,0,0.2561473098747677,Low
0,1,1,-0.5896262538947137,1,0,-1.4760021709057969,-0.8522742346309355,-0.5896262538947137,0,0,-1.476002170905797,-1.492440217051087,0,0,0,0,0,0,0,1,0,1,0,0,0,0,0,1,1,0,1,0,1,0,1,0,1,0,1,0,0,0,0,0,1,0,0.1532915475736499,Low
0,1,0,-1.2002122764736234,1,1,0.3623654562058142,-0.8963286058663975,-1.2002122764736236,1,0,0.3623654562058141,0.6814592080442428,0,0,0,0,0,0,0,1,1,1,1,0,0,1,1,0,0,0,0,0,0,0,0,0,0,0,0,0,0,0,0,1,0,1,0.9187834381376203,High
0,0,0,1.3235432835192036,1,1,-1.3216987509406526,-0.2520114871198592,1.323543283519204,0,1,-1.3216987509406526,-1.2705791158285804,0,0,0,0,0,0,0,0,0,0,0,1,0,1,0,1,1,0,1,0,1,0,1,0,1,0,1,0,0,1,0,0,0,0,0.03134985217040134,Low
0,1,0,1.0793088744876398,1,0,0.6842457086062228,1.2221644921751609,1.07930887448764,0,1,0.6842457086062225,0.7028731147030552,0,0,0,0,0,1,1,1,1,0,1,1,0,1,1,0,0,0,0,0,0,0,0,0,0,0,0,1,1,0,0,1,0,1,0.44119972369561256,Medium
0,0,0,1.1200146093262338,1,1,0.1732193285066055,0.8448282716180335,1.1200146093262338,0,1,0.1732193285066053,0.1811093987116718,0,1,1,1,1,0,4,0,0,0,0,0,0,0,0,0,0,0,0,1,0,1,0,1,0,1,0,0,1,0,1,0,0,0,0.1173436053746617,Low
0,0,0,-0.9152721326034656,1,1,-1.472683817788267,-0.9267147135163551,-0.9152721326034656,0,0,-1.472683817788267,-1.5287821683737106,0,0,0,0,0,0,0,0,0,1,0,0,0,0,0,1,1,0,1,0,1,0,1,0,1,0,1,0,0,0,0,0,1,0,0.27447053872600563,Low
0,1,1,-1.0373893371192475,0,0,-0.8753802566328698,-0.8860609536063396,-1.0373893371192475,0,0,-0.87538025663287,-0.8251600789573913,1,1,1,0,0,0,3,1,0,0,0,1,1,0,0,0,0,1,0,1,0,1,0,0,0,0,0,0,0,1,0,0,1,0,0.10879093576125172,Low
0,0,0,-0.1825689055087738,1,0,0.8650959535116071,0.1434028220318998,-0.1825689055087737,0,0,0.865095953511607,0.9546934865499636,0,0,1,1,0,1,3,0,1,1,1,1,0,0,1,0,0,0,0,0,0,1,0,1,0,0,0,1,0,0,0,1,0,0,0.5998061821029738,Medium
1,1,0,-0.1418631706701798,1,1,0.4768486387605988,0.0505551631332568,-0.1418631706701799,0,0,0.4768486387605984,0.6062499476805899,0,0,0,1,0,0,1,1,1,1,1,1,0,1,1,0,0,0,0,0,0,0,0,1,0,0,0,0,0,0,0,1,0,0,0.7184763313564579,High
0,1,1,-1.3223294809894055,1,1,-1.5008898192872715,-1.0089217498805363,-1.3223294809894055,1,0,-1.500889819287272,-1.4968519865591443,0,0,0,0,0,0,0,1,0,0,0,1,0,0,0,1,1,0,1,0,1,0,1,0,1,0,1,0,1,0,0,0,1,0,0.30164198451162916,Medium
0,0,0,0.183782708038572,1,0,-0.0092900929575436,0.0212879663065105,0.1837827080385721,0,0,-0.0092900929575437,-0.049061261207183,1,0,0,0,1,0,2,0,0,0,0,0,0,1,0,0,0,1,0,0,0,0,0,0,0,1,0,0,1,0,0,0,0,0,0.16153358783743604,Low
0,1,1,0.5094285867473239,1,1,-1.3366313399695375,-0.5092293398910529,0.509428586747324,0,0,-1.3366313399695378,-1.3113370787453271,0,0,0,0,0,0,0,1,0,0,0,0,0,1,0,1,1,0,1,0,1,0,1,0,1,0,1,0,0,1,0,0,0,0,0.033632540072348185,Low
0,1,0,1.1607203441648275,1,1,0.4934404043482487,1.1476362555781168,1.1607203441648275,0,1,0.4934404043482484,0.5172473610271187,0,1,1,0,1,1,4,1,1,0,1,1,0,1,0,0,0,0,0,1,0,1,0,0,0,1,0,1,1,0,0,1,0,0,0.32616726004582863,Medium
0,1,0,1.2828375486806096,1,0,-1.5091857020810966,-0.4786018985341281,1.2828375486806096,0,1,-1.5091857020810968,-1.5238396078467151,0,0,0,0,0,0,0,1,0,0,0,0,0,0,0,1,1,0,1,0,1,0,1,0,1,0,1,0,0,1,1,0,0,0,0.016846264324926807,Low
0,1,1,1.2421318138420157,1,1,0.8767101894229619,1.5205626511261163,1.242131813842016,0,1,0.8767101894229613,0.8789909356609592,0,1,0,0,0,1,2,1,1,0,1,1,0,1,1,0,0,0,0,1,0,0,0,0,0,0,0,1,1,0,0,1,0,0,0.41136750546890555,Medium
1,1,0,0.183782708038572,1,1,0.3839347514697593,0.2495896530974557,0.1837827080385721,0,0,0.3839347514697592,0.4162313756257184,0,0,0,0,0,0,0,1,1,1,1,0,0,1,1,0,0,0,0,0,0,0,0,0,0,0,0,0,0,0,0,1,0,1,0.7166845589992016,High
1,1,0,1.6084834273893616,1,0,-1.3482455758808924,-0.2284485415487007,1.6084834273893618,0,1,-1.3482455758808924,-1.331272762209862,0,0,0,0,0,0,0,1,0,0,0,0,0,1,0,1,1,0,1,0,1,0,1,0,1,0,1,0,0,1,0,0,0,0,0.021741701848398045,Low
0,1,1,1.3642490183577978,1,0,0.8285940692187774,1.6057534496855286,1.3642490183577978,0,1,0.8285940692187775,0.8387036973854054,1,1,1,1,1,1,6,1,1,0,0,0,0,1,0,0,0,1,0,1,0,1,0,1,0,1,0,1,0,1,1,0,0,0,0.035278988209973695,Low
0,0,0,-1.281623746150811,1,0,1.0193993734767517,-0.9669516242961546,-1.2816237461508115,1,0,1.0193993734767517,1.0162022194681049,0,0,0,0,1,1,2,0,1,1,0,0,0,1,1,0,0,0,0,0,0,0,0,0,0,1,0,1,0,0,0,0,1,1,0.9085064903212803,High
0,1,0,-0.9559778674420596,1,1,0.4917812277894838,-0.671449469828805,-0.9559778674420596,0,0,0.4917812277894837,0.6788856758312091,0,0,0,0,0,1,1,1,1,1,1,0,0,0,1,0,0,0,0,0,0,0,0,0,0,0,0,1,0,0,0,1,0,0,0.8274373976904625,High
0,0,0,-1.281623746150811,0,0,-1.3134028681468275,-0.9977984599321406,-1.2816237461508115,1,0,-1.3134028681468275,-1.3099032536552082,0,0,0,0,0,0,0,0,0,1,0,1,1,0,0,0,0,0,0,0,0,0,0,0,0,0,0,0,0,0,0,0,1,0,0.7265381331486573,High
1,0,0,-1.1595065416350294,1,1,1.1571110278542456,-0.8146042369161505,-1.1595065416350294,1,0,1.1571110278542454,1.5145943060814746,0,1,1,0,1,1,4,0,1,1,0,0,0,0,1,0,0,0,0,1,0,1,0,0,0,1,0,1,0,0,1,0,0,1,0.9116435339344459,High
1,1,0,0.224488442877166,1,1,0.3325002781480446,0.2503355936462633,0.224488442877166,0,0,0.3325002781480446,0.3502136849474915,0,0,0,0,0,0,0,1,1,1,0,0,0,1,1,0,0,0,0,0,0,0,0,0,0,0,0,0,0,0,0,0,0,1,0.6333720912681112,High
0,1,1,0.46872285190873,1,1,-0.1005448036896184,0.2741179334964829,0.4687228519087299,0,0,-0.1005448036896186,0.0502126987450501,0,1,1,1,0,0,3,1,0,1,0,1,0,0,0,0,0,0,0,1,0,1,0,1,0,0,0,0,0,0,0,0,1,0,0.16955504184388265,Low
0,1,0,-0.4268033145403377,1,1,-0.3394662281517771,-0.4916997369940737,-0.4268033145403377,0,0,-0.3394662281517771,-0.3758363946850587,0,1,1,0,0,0,2,1,0,1,0,0,0,0,0,0,0,0,0,1,0,1,0,0,0,0,0,0,0,0,0,0,1,0,0.3720718238040862,Medium
0,0,0,0.8350744654560759,1,1,1.3943732757576397,1.5296894531350569,0.835074465456076,0,1,1.3943732757576397,1.463237251012147,1,0,1,0,1,1,4,0,1,0,0,0,0,1,1,0,0,1,0,0,0,1,0,0,0,1,0,1,1,0,1,0,0,1,0.44489736333929114,Medium
1,1,0,-0.3860975797017437,1,1,0.8468450113651922,-0.079896675196453,-0.3860975797017437,0,0,0.8468450113651922,0.8972283047997279,0,0,0,0,1,1,2,1,1,1,1,1,0,0,1,0,0,0,0,0,0,0,0,0,0,1,0,1,0,0,0,1,0,0,0.839960643983771,High
0,0,0,-0.5082147842175256,1,1,-1.5274366442275116,-0.8563769076493774,-0.5082147842175256,0,0,-1.5274366442275118,-1.5735340553210688,0,0,0,0,0,0,0,0,0,1,0,0,0,0,0,1,1,0,1,0,1,0,1,0,1,0,1,0,0,0,1,0,0,0,0.22820668981109674,Low
0,0,0,0.7536629957788878,1,0,-1.3333129868520075,-0.4671933960229527,0.753662995778888,0,1,-1.3333129868520075,-1.347695249808789,0,0,0,0,0,0,0,0,0,0,0,1,0,1,0,1,1,0,1,0,1,0,1,0,1,0,1,0,0,1,0,0,1,0,0.03260324991748412,Low
0,1,1,1.2014260790034217,1,0,-1.469365464670737,-0.474279831236625,1.201426079003422,0,1,-1.4693654646707373,-1.4984263478553663,0,0,0,0,0,0,0,1,0,0,0,1,0,0,0,1,1,0,1,0,1,0,1,0,1,0,1,0,0,1,1,0,0,0,0.01466659465803606,Low
0,0,0,-1.0373893371192475,1,1,-1.5257774676687466,-0.9516379036176922,-1.0373893371192475,0,0,-1.5257774676687468,-1.5315946714350972,0,0,0,0,0,0,0,0,0,1,0,1,0,0,0,1,1,0,1,0,1,0,1,0,1,0,1,0,0,0,0,0,1,0,0.30584404251598135,Medium
0,0,0,-0.6303319887333076,1,1,0.6178786462556232,-0.425705937852505,-0.6303319887333076,0,0,0.6178786462556228,0.4383252928759269,0,1,0,0,1,0,2,0,1,1,1,0,0,0,1,0,0,0,0,1,0,0,0,0,0,1,0,0,0,0,0,1,0,0,0.754618600345102,High
0,0,1,0.346605647392948,1,0,0.1748785050653704,0.2611736710318801,0.3466056473929479,0,0,0.1748785050653704,0.1873006715914249,1,1,1,0,1,0,4,1,0,0,0,1,0,0,0,0,0,1,0,1,0,1,0,0,0,1,0,0,1,0,0,0,1,0,0.08372088333629302,Low
0,0,0,-1.0373893371192475,1,1,0.9663057235962716,-0.7309711377380721,-1.0373893371192475,0,0,0.9663057235962712,0.8455612774243095,0,1,0,0,1,1,3,0,1,0,0,0,0,0,1,0,0,0,0,1,0,0,0,0,0,1,0,1,1,0,0,0,1,0,0.6461841547876067,High
0,0,1,-1.281623746150811,1,1,-0.4937696481169216,-0.9869603825465236,-1.2816237461508115,1,0,-0.4937696481169219,-0.4926229522875579,0,0,0,0,0,0,0,1,0,1,1,1,0,1,0,0,0,0,0,0,0,0,0,0,0,0,0,0,0,0,0,1,0,0,0.7942005355114219,High
0,1,0,1.2828375486806096,1,0,-0.2183463393619327,0.6393655292773454,1.2828375486806096,0,1,-0.2183463393619328,-0.206590356936057,0,0,1,1,0,0,2,1,0,0,0,0,0,1,0,0,0,0,0,0,0,1,0,1,0,0,0,0,1,0,0,0,0,0,0.09428838686883176,Low
0,0,0,-1.2002122764736234,1,1,0.3507512202944595,-0.9121249939587944,-1.2002122764736236,1,0,0.3507512202944593,0.2843999523190679,0,0,0,0,0,0,0,0,1,1,1,0,0,1,1,0,0,0,0,0,0,0,0,0,0,0,0,0,0,0,0,1,0,1,0.9125222896079938,High
1,1,0,0.7129572609402939,1,1,0.2030845065643751,0.5026390145664891,0.7129572609402941,0,1,0.2030845065643748,0.1309916971001385,0,0,0,0,0,0,0,1,1,1,1,0,0,0,1,0,0,0,0,0,0,0,0,0,0,0,0,0,0,0,0,1,0,1,0.6283225208969611,High
0,1,0,-0.5896262538947137,1,0,-0.2697808126836477,-0.5373776258945876,-0.5896262538947137,0,0,-0.2697808126836479,-0.1732292222771454,0,1,0,0,0,0,1,1,0,1,0,1,0,1,0,0,0,0,0,1,0,0,0,0,0,0,0,0,0,0,1,0,0,0,0.39549542095758233,Medium
0,1,1,-0.7931549280876836,1,0,-0.2979868141826523,-0.6866973722235491,-0.7931549280876837,0,0,-0.2979868141826523,-0.2795853900811661,0,0,0,0,0,1,1,1,0,1,1,0,0,0,0,0,0,0,0,0,0,0,0,0,0,0,0,1,0,0,0,1,0,1,0.4954484840878599,Medium
0,1,1,1.4863662228735797,1,0,0.5216464058472539,1.423085772939285,1.4863662228735797,0,1,0.5216464058472537,0.5091844041562363,1,1,0,1,1,1,5,1,1,0,0,1,0,0,0,0,0,1,0,1,0,0,0,1,0,1,0,1,0,1,0,0,0,0,0.023799306512084274,Low
0,0,0,-1.281623746150811,1,1,0.4718711090843041,-0.9741916355051696,-1.2816237461508115,1,0,0.4718711090843039,0.4702457428459901,0,1,0,0,0,0,1,0,1,1,0,0,0,1,1,0,0,0,0,1,0,0,0,0,0,0,0,0,0,0,0,0,1,0,0.8711746503398252,High
0,0,0,-1.1595065416350294,1,0,0.8534817176002523,-0.8474694999194982,-1.1595065416350294,1,0,0.8534817176002525,0.8950164257936503,1,0,0,0,1,0,2,0,1,1,1,1,0,1,1,0,0,1,0,0,0,0,0,0,0,1,0,0,0,0,0,1,0,0,0.8760782062782925,High
0,0,0,-1.281623746150811,1,1,-0.3792864655621371,-0.9854465620210024,-1.2816237461508115,1,0,-0.3792864655621372,-0.3784684162665702,0,0,0,0,1,0,1,0,0,1,0,1,0,0,0,0,0,0,0,0,0,0,0,0,0,1,0,0,0,0,0,0,1,1,0.7692651856072111,High
0,1,1,-0.3046861100245557,1,0,-0.3743089358858421,-0.414165798773893,-0.3046861100245557,0,0,-0.3743089358858423,-0.3547110374656805,0,1,1,0,0,0,2,1,0,0,0,1,0,0,0,0,0,0,0,1,0,1,0,0,0,0,0,0,1,0,0,0,1,0,0.13811483463670834,Low
0,1,1,-0.5896262538947137,1,0,-0.2979868141826523,-0.5338014991458923,-0.5896262538947137,0,0,-0.2979868141826523,-0.1582475883227005,0,0,0,0,1,0,1,1,0,1,0,0,0,0,0,0,0,0,0,0,0,0,0,0,0,1,0,0,0,0,0,0,1,0,0.3694096607480742,Medium
0,1,1,0.631545791263106,1,0,-1.3731332242623675,-0.4940691952079332,0.631545791263106,0,1,-1.3731332242623675,-1.339855032581005,0,0,0,0,0,0,0,1,0,0,0,1,0,1,0,1,1,0,1,0,1,0,1,0,1,0,1,0,0,1,0,0,1,0,0.030615118993452508,Low
0,0,0,-0.2639803751859618,1,1,-1.469365464670737,-0.7476231635188071,-0.2639803751859618,0,0,-1.4693654646707373,-1.3908422557838016,0,0,0,0,0,0,0,0,0,0,0,1,0,0,0,1,1,0,1,0,1,0,1,0,1,0,1,0,1,0,1,0,0,0,0.10989067409576979,Low
0,0,0,-1.281623746150811,1,1,0.1383766207725403,-0.9786014605142972,-1.2816237461508115,1,0,0.1383766207725401,0.1377086161761562,0,0,0,0,0,0,0,0,0,1,1,1,0,0,1,0,0,0,0,0,0,0,0,0,0,0,0,0,0,0,0,1,0,1,0.9019781672398812,High
0,0,1,-1.1595065416350294,0,1,-0.2565074002135275,-0.9107428100007096,-1.1595065416350294,1,0,-0.2565074002135275,-0.2978157549473942,1,1,1,0,1,1,5,1,0,1,0,0,1,0,0,0,0,1,0,1,0,1,0,0,0,1,0,1,0,0,0,0,1,0,0.758225549958309,High
0,0,0,-1.281623746150811,1,0,-1.480979700582092,-1.000014342150657,-1.2816237461508115,1,0,-1.480979700582092,-1.4769990237728858,0,0,0,0,0,0,0,0,0,1,0,1,0,0,0,1,1,0,1,0,1,0,1,0,1,0,1,0,0,0,0,0,1,0,0.42142888930827177,Medium
0,1,1,-0.8745663977648716,1,1,0.3125901594428645,-0.6428843346950542,-0.8745663977648717,0,0,0.3125901594428643,0.3606032438218794,0,0,0,0,0,0,0,1,1,1,1,1,0,1,1,0,0,0,0,0,0,0,0,0,0,0,0,0,0,0,0,1,0,1,0.789929615669529,High
0,1,1,-1.1595065416350294,1,0,-0.1154773927185032,-0.9081978363636012,-1.1595065416350294,1,0,-0.1154773927185032,-0.2498377615472688,0,0,0,1,0,1,2,1,0,1,0,1,0,0,0,0,0,0,0,0,0,0,0,1,0,0,0,1,0,0,1,0,0,1,0.5673037640043528,Medium
1,0,0,-0.9966836022806536,1,0,-1.5025489958460367,-0.9368287897810702,-0.9966836022806536,0,0,-1.502548995846037,-1.4691405593366584,0,0,0,0,0,0,0,0,0,1,1,0,0,0,0,1,1,0,1,0,1,0,1,0,1,0,1,0,0,0,0,1,0,1,0.33151006201464905,Medium
0,1,0,-1.0780950719578417,1,1,0.8568000707177821,-0.7841523109824745,-1.0780950719578417,1,0,0.856800070717782,0.676220231753424,0,1,0,0,0,1,2,1,1,1,1,0,0,1,1,0,0,0,0,1,0,0,0,0,0,0,0,1,0,0,0,1,0,0,0.9210728355657699,High
0,0,0,1.6084834273893616,1,0,0.8982794846869069,1.9014530590040328,1.6084834273893618,0,1,0.8982794846869068,0.8994511732678954,1,1,1,1,1,1,6,0,1,0,0,1,0,1,0,0,0,1,0,1,0,1,0,1,0,1,0,1,0,1,0,0,0,0,0.035688542680693165,Low
0,0,0,-0.2232746403473677,1,0,-0.4008557608260819,-0.3513312772508037,-0.2232746403473678,0,0,-0.400855760826082,-0.3121080499162053,1,1,0,0,0,0,2,0,0,0,0,0,0,0,0,0,0,1,0,1,0,0,0,0,0,0,0,0,0,1,0,0,0,0,0.05032211335842782,Low
1,0,1,-1.281623746150811,1,1,0.2014253300056102,-0.9777677622538652,-1.2816237461508115,1,0,0.20142533000561,0.2005763316659756,0,0,0,0,0,0,0,1,1,1,1,0,0,0,1,0,0,0,0,0,0,0,0,0,0,0,0,0,0,0,0,1,0,1,0.8821873165062329,High
0,0,0,-0.6303319887333076,1,0,-1.4859572302583868,-0.8537441763006446,-0.6303319887333076,0,0,-1.485957230258387,-1.46035756967264,0,0,0,0,0,0,0,0,0,0,0,0,0,0,0,1,1,0,1,0,1,0,1,0,1,0,1,0,1,0,0,0,1,0,0.09748777649503797,Low
0,0,0,1.3642490183577978,1,0,0.1267623848611855,0.9426123017955508,1.3642490183577978,0,1,0.1267623848611854,0.0810324181209406,1,1,1,1,0,0,4,0,0,0,0,1,0,1,0,0,0,1,0,1,0,1,0,1,0,0,0,0,0,1,0,0,0,0,0.024871611343623697,Low
0,0,0,0.8350744654560759,1,0,-1.5075265255223318,-0.5479743695732371,0.835074465456076,0,1,-1.5075265255223318,-1.4928564217216589,0,0,0,0,0,0,0,0,0,0,0,1,0,0,0,1,1,0,1,0,1,0,1,0,1,0,1,0,0,1,1,0,0,0,0.022860376216201003,Low
0,1,0,0.46872285190873,1,1,0.659358060224748,0.582279137865656,0.4687228519087299,0,0,0.6593580602247476,0.578346629229501,1,0,1,0,0,0,2,1,1,1,0,1,0,1,1,0,0,1,0,0,0,1,0,0,0,0,0,0,0,0,1,0,0,0,0.47859698621906305,Medium
0,1,1,0.7943687306174818,1,1,-1.462728758435677,-0.5387159309968602,0.7943687306174818,0,1,-1.462728758435677,-1.4668180172158305,0,0,0,0,0,0,0,1,0,0,0,1,0,0,0,1,1,0,1,0,1,0,1,0,1,0,1,0,1,0,1,0,0,0,0.061048409365977226,Low
1,1,0,1.5270719577121736,1,0,0.8335715988950722,1.7701017041301728,1.5270719577121736,0,1,0.8335715988950718,0.8450413188751453,1,1,1,1,1,1,6,1,1,0,0,1,0,1,0,0,0,1,0,1,0,1,0,1,0,1,0,1,0,1,1,0,0,0,0.046862393163904094,Low
0,0,0,-1.281623746150811,1,1,-1.3001294556767078,-0.9976229445088916,-1.2816237461508115,1,0,-1.3001294556767078,-1.296667945131036,0,0,0,0,0,0,0,0,0,1,0,0,0,1,0,1,1,0,1,0,1,0,1,0,1,0,1,0,0,0,0,0,1,0,0.5751041992387214,Medium
0,1,0,1.1607203441648275,1,1,0.9679649001550364,1.4650997773794792,1.1607203441648275,0,1,0.967964900155036,0.909695955995922,0,1,0,1,1,0,3,1,1,0,1,1,0,1,1,0,0,0,0,1,0,0,0,1,0,1,0,0,0,1,0,1,0,1,0.2264940914588326,Low
0,1,1,-0.5489205190561197,1,1,1.1952720887058406,-0.1859518696945723,-0.5489205190561197,0,0,1.1952720887058406,1.1175568189558462,0,0,0,1,1,1,3,1,1,0,1,1,0,1,1,0,0,0,0,0,0,0,0,1,0,1,0,1,1,0,0,1,0,1,0.6606261729330121,High
0,1,1,-0.8745663977648716,1,0,-1.4710246412295018,-0.90628910613577,-0.8745663977648717,0,0,-1.4710246412295018,-1.4451139623282885,0,0,0,0,0,0,0,1,0,0,0,0,0,0,0,1,1,0,1,0,1,0,1,0,1,0,1,0,1,0,0,0,1,0,0.09617278183625488,Low
0,0,0,-0.2639803751859618,1,1,0.6908824148412829,-0.0670621098713806,-0.2639803751859618,0,0,0.6908824148412828,0.5830003904653823,0,1,0,0,1,0,2,0,1,1,1,1,0,0,1,0,0,0,0,1,0,0,0,0,0,1,0,0,0,0,0,1,0,0,0.7097314729509433,High
0,0,0,1.1200146093262338,1,0,-1.4959122896109769,-0.5139243774629597,1.1200146093262338,0,1,-1.4959122896109769,-1.526576283619682,0,0,0,0,0,0,0,0,0,0,0,0,0,0,0,1,1,0,1,0,1,0,1,0,1,0,1,0,0,1,0,0,0,0,0.017877844672120828,Low
0,0,0,-1.281623746150811,1,1,0.6610172367835129,-0.9716905407238736,-1.2816237461508115,1,0,0.6610172367835127,0.6588488893154475,0,0,1,0,1,0,2,0,1,1,1,1,0,0,1,0,0,0,0,0,0,1,0,0,0,1,0,0,0,0,0,1,0,1,0.9195315331718985,High
0,0,0,-0.2639803751859618,1,1,0.911552897157027,0.0221436039948488,-0.2639803751859618,0,0,0.9115528971570273,0.8417252195965617,1,1,0,0,1,0,3,0,1,1,0,1,0,1,1,0,0,1,0,1,0,0,0,0,0,1,0,0,0,0,1,0,0,0,0.633532121817579,High
1,0,0,-0.3453918448631497,1,1,0.5166688761709587,-0.0925337856703705,-0.3453918448631498,0,0,0.5166688761709586,0.7306090777199452,0,1,0,0,0,0,1,0,1,1,1,1,0,1,1,0,0,0,0,1,0,0,0,0,0,0,0,0,0,0,0,1,0,0,0.7643144387831504,High
0,1,1,-0.4268033145403377,1,1,1.1654069106480704,-0.0917439662657505,-0.4268033145403377,0,0,1.1654069106480702,0.9950708461993976,0,1,1,0,1,1,4,1,1,0,0,1,0,0,1,0,0,0,0,1,0,1,0,0,0,1,0,1,1,0,0,0,1,0,0.5131019197072122,Medium
0,1,0,0.7536629957788878,1,1,1.1255866732377109,1.162006580856617,0.753662995778888,0,1,1.1255866732377102,1.0612282200356329,0,0,1,0,1,1,3,1,1,0,1,0,0,1,1,0,0,0,0,0,0,1,0,0,0,1,0,1,1,0,0,1,0,0,0.6492671018245076,High
1,1,0,1.1607203441648275,1,1,0.6842457086062228,1.295486060237369,1.1607203441648275,0,1,0.6842457086062225,0.7000193777164594,0,1,0,1,0,0,2,1,1,0,0,1,0,1,1,0,0,0,0,1,0,0,0,1,0,0,0,0,1,0,0,0,0,0,0.2855564458006374,Low
0,1,0,0.46872285190873,0,0,-0.3527396406218973,0.0399803588825132,0.4687228519087299,0,0,-0.3527396406218976,-0.3510577915105428,0,1,1,0,1,1,4,1,0,0,0,1,1,0,0,0,0,0,0,1,0,1,0,0,0,1,0,1,0,1,0,0,0,0,0.12511766311004724,Low
0,1,1,-1.3223294809894055,1,0,0.5282831120823135,-1.0089217498805363,-1.3223294809894055,1,0,0.5282831120823133,0.5264958040737228,1,1,1,0,1,1,5,1,1,0,0,0,0,0,0,0,0,1,0,1,0,1,0,0,0,1,0,1,0,1,0,0,1,0,0.23270561961082806,Low
0,0,0,-1.1188008067964357,1,1,0.3557287499707546,-0.833647660338651,-1.1188008067964357,1,0,0.3557287499707545,0.4947310636157089,0,0,0,1,0,0,1,0,1,1,0,0,0,0,1,0,0,0,0,0,0,0,0,1,0,0,0,0,0,0,0,0,1,0,0.7911442580524329,High
0,1,0,-1.281623746150811,1,0,0.4602568731729489,-0.9743452115005125,-1.2816237461508115,1,0,0.4602568731729485,0.4586648478873388,0,0,0,0,1,0,1,1,1,1,1,0,0,0,1,0,0,0,0,0,0,0,0,0,0,1,0,0,0,0,0,1,0,1,0.8911825141455152,High
0,0,0,-0.2639803751859618,1,0,-0.1121590396009734,-0.3147801903592301,-0.2639803751859618,0,0,-0.1121590396009737,-0.1354605160078457,1,1,0,0,0,0,2,0,0,0,1,1,0,1,0,0,0,1,0,1,0,0,0,0,0,0,0,0,1,0,0,1,0,0,0.19674117559542595,Low
0,0,0,-0.7117434584104956,1,1,0.6444254711958629,-0.4373338346427415,-0.7117434584104957,0,0,0.6444254711958628,0.7248048434609072,1,0,1,0,0,0,2,0,1,1,0,0,0,1,1,0,0,1,0,0,0,1,0,0,0,0,0,0,0,0,1,0,0,0,0.6553439334884223,High
0,1,0,-1.1595065416350294,1,1,0.5116913464946635,-0.8740381471137932,-1.1595065416350294,1,0,0.5116913464946634,0.3941427188319979,0,0,0,0,1,0,1,1,1,1,1,1,0,0,1,0,0,0,0,0,0,0,0,0,0,1,0,0,0,0,0,1,0,1,0.9138715605575511,High
0,1,0,-0.8338606629262776,1,1,0.6527213539896879,-0.5877286129391022,-0.8338606629262776,0,0,0.6527213539896877,0.4980950378656025,1,1,1,0,0,0,3,1,1,1,1,1,0,0,1,0,0,1,0,1,0,1,0,0,0,0,0,0,0,0,0,1,0,0,0.6605090755017884,High
0,0,1,-1.281623746150811,1,1,-0.4987471777932165,-0.9870262008302422,-1.2816237461508115,1,0,-0.4987471777932167,-0.4975861929841225,0,0,0,1,0,0,1,1,0,1,0,1,0,0,0,0,0,0,0,0,0,0,0,1,0,0,0,0,0,0,0,0,1,1,0.5910207735161532,Medium
0,1,1,-0.4268033145403377,1,1,-0.2316197518320526,-0.4508704616608093,-0.4268033145403377,0,0,-0.2316197518320526,-0.2358880471652577,1,1,0,1,0,0,3,1,0,1,0,1,0,0,0,0,0,1,0,1,0,0,0,1,0,0,0,0,0,0,0,0,1,0,0.2105651693054518,Low
0,1,0,0.6722515261016999,0,0,-0.5070430605870415,0.0485147963379888,0.6722515261016998,0,1,-0.5070430605870417,-0.5213557266601873,0,1,0,0,1,1,3,1,0,0,0,1,1,0,0,0,0,0,0,1,0,0,0,0,0,1,0,1,0,1,1,0,0,0,0.13973336455002136,Low
0,0,0,-0.7931549280876836,1,0,-1.4992306427285067,-0.89231369055958,-0.7931549280876837,0,0,-1.499230642728507,-1.4722903082402474,0,0,0,0,0,0,0,0,0,0,0,1,0,0,0,1,1,0,1,0,1,0,1,0,1,0,1,0,0,1,0,0,1,0,0.05115701552560229,Low
0,1,0,1.3642490183577978,1,1,0.850163364482722,1.6812689605383473,1.3642490183577978,0,1,0.8501633644827217,0.9249838715145748,0,1,1,1,0,0,3,1,1,0,0,0,0,1,1,0,0,0,0,1,0,1,0,1,0,0,0,0,1,0,0,0,0,0,0.22839016476207596,Low
0,1,0,1.2014260790034217,0,1,-0.8604476676039847,0.0167245653020403,1.201426079003422,0,1,-0.860447667603985,-0.9012364188816168,0,0,0,1,1,0,2,1,0,0,0,1,1,0,0,0,0,0,0,0,0,0,0,1,0,1,0,0,0,1,0,0,0,0,0.09029999890704055,Low
0,1,1,1.3642490183577978,1,1,-0.0540878600441986,0.8294706720837589,1.3642490183577978,0,1,-0.054087860044199,-0.048237441839585,0,0,1,0,1,0,2,1,0,0,0,1,0,1,0,0,0,0,0,0,0,1,0,0,0,1,0,0,0,1,0,0,0,0,0.08307187706520357,Low
0,0,0,-1.2002122764736234,0,0,-0.986545086070124,-0.9611157364731304,-1.2002122764736236,1,0,-0.9865450860701244,-0.9470352116174796,0,0,0,0,1,0,1,0,0,1,0,0,1,0,0,0,0,0,0,0,0,0,0,0,0,1,0,0,0,0,1,0,0,1,0.7673682241387878,High
0,0,0,1.2421318138420157,1,0,0.1284215614199504,0.7950915885548901,1.242131813842016,0,1,0.1284215614199501,0.010633898024429,1,1,1,1,0,0,4,0,0,0,0,1,0,1,0,0,0,1,0,1,0,1,0,1,0,0,0,0,1,0,0,0,0,0,0.05990030599388517,Low
0,1,1,-0.7117434584104956,1,0,-1.5125040551986266,-0.8865655604481801,-0.7117434584104957,0,0,-1.5125040551986266,-1.5335799677137232,0,0,0,0,0,0,0,1,0,0,0,1,0,0,0,1,1,0,1,0,1,0,1,0,1,0,1,0,0,1,0,0,1,0,0.04102442850738665,Low
0,1,0,0.428017117070136,1,1,0.9679649001550364,0.7933144948944953,0.428017117070136,0,0,0.967964900155036,1.01185457451685,1,1,0,0,0,1,3,1,1,1,1,0,0,1,1,0,0,1,0,1,0,0,0,0,0,0,0,1,0,0,0,1,0,0,0.6190677580822269,High
1,0,0,1.3235432835192036,1,1,1.4640586912257691,2.110075078963201,1.323543283519204,0,1,1.4640586912257687,1.4697406090685454,1,0,1,1,1,1,5,0,1,0,1,1,0,1,1,0,0,1,0,0,0,1,0,1,0,1,0,1,0,1,0,1,0,0,0.2555042630376333,Low
0,0,0,-1.2409180113122174,1,1,0.689223238282518,-0.9344154527113984,-1.2409180113122176,1,0,0.689223238282518,0.6605033028809695,0,0,0,0,0,1,1,0,1,1,1,0,0,1,1,0,0,0,0,0,0,0,0,0,0,0,0,1,0,0,0,1,0,1,0.9364933367712964,High
0,0,0,-0.7524491932490895,1,0,-0.4921104715581564,-0.697601267892884,-0.7524491932490897,0,0,-0.4921104715581565,-0.471824610321001,1,0,0,0,0,0,1,0,0,1,0,0,0,0,0,0,0,1,0,0,0,0,0,0,0,0,0,0,0,0,0,0,0,0,0.2867126760803977,Low
0,1,1,1.4456604880349857,1,1,1.4640586912257691,2.2857440782073963,1.445660488034986,0,1,1.4640586912257687,1.5049111208009218,1,0,1,1,1,1,5,1,1,0,0,0,0,1,1,0,0,1,0,0,0,1,0,1,0,1,0,1,0,1,0,0,0,0,0.1317367507909329,Low
0,0,0,-0.5082147842175256,1,1,-1.5042081724048018,-0.8526472049053393,-0.5082147842175256,0,0,-1.5042081724048018,-1.5594715400141357,0,0,0,0,0,0,0,0,0,1,0,1,0,0,0,1,1,0,1,0,1,0,1,0,1,0,1,0,0,0,1,0,0,0,0.23214370737740683,Low
0,1,1,0.9978974048104516,1,0,0.0089608491888712,0.6092646341901671,0.997897404810452,0,1,0.0089608491888712,-0.0079088023891359,1,1,0,1,0,0,3,1,0,1,0,0,0,1,0,0,0,1,0,1,0,0,0,1,0,0,0,0,0,0,0,0,0,0,0.11020733263602207,Low
0,0,0,1.6084834273893616,1,1,-1.497571466169742,-0.3644510551386555,1.6084834273893618,0,1,-1.497571466169742,-1.4737131746080303,0,0,0,0,0,0,0,0,0,0,0,1,0,0,0,1,1,0,1,0,1,0,1,0,1,0,1,0,0,1,1,0,0,0,0.0190008313211021,Low
0,0,0,-1.0780950719578417,1,1,0.6460846477546283,-0.7648017355692885,-1.0780950719578417,1,0,0.6460846477546281,0.9194190258850936,0,1,0,0,0,1,2,0,1,1,1,1,0,0,1,0,0,0,0,1,0,0,0,0,0,0,0,1,0,0,0,1,0,1,0.9022877516250835,High
0,0,0,0.8350744654560759,1,1,0.2976575704139799,0.7279130603063916,0.835074465456076,0,1,0.2976575704139798,0.3224722745595926,0,1,1,1,0,1,4,0,1,0,0,1,0,1,0,0,0,0,0,1,0,1,0,1,0,0,0,1,0,1,0,0,0,0,0.08682674332237375,Low
0,1,1,0.9978974048104516,1,1,0.1715601519478401,0.7081895146188019,0.997897404810452,0,1,0.17156015194784,0.1229640180834378,1,0,0,0,1,1,3,1,0,0,0,0,0,0,0,0,0,1,0,0,0,0,0,0,0,1,0,1,1,0,0,0,0,1,0.14917619396995674,Low
0,0,0,-1.281623746150811,1,1,-1.4876164068171518,-1.0001020998622818,-1.2816237461508115,1,0,-1.4876164068171518,-1.483616678034972,0,0,0,0,0,0,0,0,0,1,0,1,0,0,0,1,1,0,1,0,1,0,1,0,1,0,1,0,0,0,0,0,1,1,0.5079126003441062,Medium
0,0,0,-0.7117434584104956,1,1,-0.5286123558509863,-0.6801594227075293,-0.7117434584104957,0,0,-0.5286123558509865,-0.4959317794186009,0,0,0,0,0,0,0,0,0,1,1,1,0,1,0,0,0,0,0,0,0,0,0,0,0,0,0,0,0,0,0,1,0,0,0.6259694837232015,High
1,0,0,0.305899912554354,1,1,0.473530285643069,0.4100546288027192,0.3058999125543541,0,0,0.473530285643069,0.5263717230563087,1,1,0,0,0,0,2,0,1,1,0,0,0,0,1,0,0,1,0,1,0,0,0,0,0,0,0,0,0,0,1,0,0,1,0.4176520135438738,Medium
0,0,0,1.5677776925507676,0,0,-0.364353876533252,0.6973733766610912,1.5677776925507678,0,1,-0.364353876533252,-0.3364556323421283,1,1,1,1,1,0,5,0,0,0,0,1,1,0,0,0,0,1,0,1,0,1,0,1,0,1,0,0,0,1,0,0,0,0,0.03239056564310376,Low
1,1,0,-0.7931549280876836,0,0,-0.6513914211995958,-0.777043936340896,-0.7931549280876837,0,0,-0.6513914211995961,-0.8036527026056108,0,0,0,0,1,1,2,1,0,1,1,0,1,0,0,0,0,0,0,0,0,0,0,0,0,1,0,1,0,0,0,1,0,0,0.7448688231569046,High
0,1,0,1.6084834273893616,1,1,0.8700734831879022,1.9037128200783615,1.6084834273893618,0,1,0.8700734831879023,0.9018179037852386,1,1,1,1,1,1,6,1,1,0,0,0,0,1,0,0,0,1,0,1,0,1,0,1,0,1,0,1,0,1,0,0,0,0,0.05057385096964703,Low
0,1,1,0.7943687306174818,1,1,1.0210585500355165,1.1745559336189093,0.7943687306174818,0,1,1.0210585500355165,1.0176975548061715,0,1,1,0,1,0,3,1,1,0,0,0,0,1,1,0,0,0,0,1,0,1,0,0,0,1,0,0,1,0,1,0,0,0,0.3831175539918915,Medium
0,1,0,1.2421318138420157,1,1,0.5382381714349038,1.283529072028541,1.242131813842016,0,1,0.5382381714349036,0.5952721394404049,1,0,1,0,0,0,2,1,1,0,0,0,0,0,1,0,0,1,0,0,0,1,0,0,0,0,0,0,1,0,1,0,0,0,0.19790503050363586,Low
0,0,0,-0.1418631706701798,1,0,-1.5207999379924515,-0.7765832083548677,-0.1418631706701799,0,0,-1.5207999379924515,-1.5445447362410762,0,0,0,0,0,0,0,0,0,0,0,1,0,0,0,1,1,0,1,0,1,0,1,0,1,0,1,0,1,0,0,0,1,0,0.07472848022693196,Low
0,0,0,-0.1418631706701798,1,0,1.1819986762357204,0.2542408118135503,-0.1418631706701799,0,0,1.1819986762357202,1.1358904836220438,0,0,1,0,1,1,3,0,1,1,0,0,0,1,1,0,0,0,0,0,0,1,0,0,0,1,0,1,0,0,0,0,0,0,0.7033626973144932,High
0,0,0,-1.2002122764736234,1,1,-1.466047111553207,-0.9794790376305416,-1.2002122764736236,1,0,-1.466047111553207,-1.4086165963979949,0,0,0,0,0,0,0,0,0,1,0,1,0,0,0,1,1,0,1,0,1,0,1,0,1,0,1,0,0,0,1,0,0,0,0.49424909995076133,Medium
0,1,1,-0.5489205190561197,1,0,-1.4710246412295018,-0.8268464376877579,-0.5489205190561197,0,0,-1.4710246412295018,-1.426060500834459,0,0,0,0,0,0,0,1,0,1,0,1,0,0,0,1,1,0,1,0,1,0,1,0,1,0,1,0,0,0,0,0,1,0,0.1550476729073871,Low
0,1,1,1.1607203441648275,1,1,1.1604293809717758,1.7297112173550309,1.1607203441648275,0,1,1.160429380971776,1.2368087758935535,0,0,1,0,1,1,3,1,1,0,1,1,0,1,1,0,0,0,0,0,0,1,0,0,0,1,0,1,1,0,0,1,0,0,0.5465701797134633,Medium
0,0,0,-0.9152721326034656,1,0,-0.3543988171806622,-0.7531080204953338,-0.9152721326034656,0,0,-0.3543988171806623,-0.2196447139765006,0,0,1,1,0,0,2,0,0,1,1,0,0,0,0,0,0,0,0,0,0,1,0,1,0,0,0,0,0,0,0,1,0,0,0.4203419549561914,Medium
0,1,0,1.4049547531963915,1,1,1.4856279864897142,2.2137388758195544,1.4049547531963915,0,1,1.4856279864897142,1.478400922743217,0,1,1,1,1,1,5,1,1,0,0,0,0,1,1,0,0,0,0,1,0,1,0,1,0,1,0,1,1,0,1,0,0,0,0.3553234926889309,Medium
0,0,0,0.387311382231542,1,1,-1.5058673489635668,-0.640602634192819,0.387311382231542,0,0,-1.5058673489635668,-1.4873981947561643,0,0,0,0,0,0,0,0,0,0,0,1,0,0,0,1,1,0,1,0,1,0,1,0,1,0,1,0,1,0,0,0,1,0,0.07342155076961783,Low
0,0,0,-1.281623746150811,1,1,0.3573879265295195,-0.9757054560306913,-1.2816237461508115,1,0,0.3573879265295195,0.3560912068250023,0,1,0,0,0,0,1,0,1,1,1,0,0,0,1,0,0,0,0,1,0,0,0,0,0,0,0,0,0,0,0,1,0,1,0.8747396916198933,High
0,0,0,-1.1188008067964357,1,1,0.6328112352845081,-0.822546309818161,-1.1188008067964357,1,0,0.632811235284508,0.6621577164464909,0,0,0,0,1,0,1,0,1,1,1,0,0,1,1,0,0,0,0,0,0,0,0,0,0,1,0,0,0,0,0,1,0,0,0.9324250986787929,High
0,0,0,-0.5082147842175256,1,0,-1.5075265255223318,-0.832024142673599,-0.5082147842175256,0,0,-1.5075265255223318,-1.4817141024346223,0,0,0,0,0,0,0,0,0,0,0,0,0,0,0,1,1,0,1,0,1,0,1,0,1,0,1,0,1,0,0,0,1,0,0.09123864049680405,Low
1,0,0,-1.281623746150811,1,1,0.1516500332426604,-0.9784259450910484,-1.2816237461508115,1,0,0.1516500332426602,0.1509439247003288,0,0,0,0,0,0,0,0,0,1,0,1,0,0,1,0,0,0,0,0,0,0,0,0,0,0,0,0,0,0,0,0,0,1,0.8800698761561656,High
0,0,0,-1.0780950719578417,1,1,0.465234402849244,-0.7917433530379874,-1.0780950719578417,1,0,0.465234402849244,0.5808157161416806,1,1,0,0,0,0,2,0,1,1,1,1,0,0,1,0,0,1,0,1,0,0,0,0,0,0,0,0,0,0,0,1,0,0,0.8222223167800827,High
0,0,0,0.0616655035227901,1,1,1.3744631570524597,0.5484485400344397,0.0616655035227902,0,0,1.374463157052459,1.30538397887677,0,1,1,0,1,1,4,0,1,1,1,1,0,1,1,0,0,0,0,1,0,1,0,0,0,1,0,1,0,0,0,1,0,1,0.7916203834631749,High
0,0,0,-0.4675090493789317,1,0,-1.5042081724048018,-0.8376186967896563,-0.4675090493789317,0,0,-1.5042081724048018,-1.5335642113940515,0,0,0,0,0,0,0,0,0,0,0,1,0,0,0,1,1,0,1,0,1,0,1,0,1,0,1,0,0,1,0,0,1,0,0.04110433301725271,Low
0,0,0,0.5501343215859179,1,0,1.4507852787556494,1.1425463083039,0.550134321585918,0,0,1.4507852787556497,1.3782310662189745,0,1,1,1,1,1,5,0,1,0,1,1,0,1,1,0,0,0,0,1,0,1,0,1,0,1,0,1,0,1,0,1,0,0,0.2410879704953531,Low
0,1,1,0.0616655035227901,1,1,1.087425612386116,0.4873472333159328,0.0616655035227902,0,0,1.087425612386116,1.1698680441715483,0,1,0,0,1,1,3,1,1,1,0,1,0,1,1,0,0,0,0,1,0,0,0,0,0,1,0,1,0,0,0,0,0,0,0.701476287920535,High
0,0,1,-0.1418631706701798,0,1,-0.6613464805521857,-0.4637489058416938,-0.1418631706701799,0,0,-0.6613464805521859,-0.7310867006972172,1,1,1,1,0,0,4,1,0,1,0,1,1,0,0,0,0,1,0,1,0,1,0,1,0,0,0,0,0,0,0,0,1,0,0.2377533185888924,Low
0,1,1,-0.2232746403473677,1,1,0.5216464058472539,-0.0393087335701558,-0.2232746403473678,0,0,0.5216464058472537,0.559338977078151,1,1,0,0,0,0,2,1,1,0,0,1,0,0,1,0,0,1,0,1,0,0,0,0,0,0,0,0,1,0,1,0,0,0,0.26084771278207947,Low
0,1,1,1.6084834273893616,1,0,0.8252757161012472,1.8477892183456963,1.6084834273893618,0,1,0.8252757161012468,0.8432470679725381,1,1,1,1,1,1,6,1,1,0,0,0,0,1,0,0,0,1,0,1,0,1,0,1,0,1,0,1,0,1,1,0,0,0,0.030368653751279506,Low
0,0,0,0.387311382231542,1,0,-0.3444437578280723,0.0683260997372031,0.387311382231542,0,0,-0.3444437578280726,-0.2145633008823983,1,0,1,0,0,0,2,0,0,1,0,0,0,0,0,0,0,1,0,0,0,1,0,0,0,0,0,0,0,0,1,0,0,0,0.16385203758353004,Low
1,0,0,-0.2232746403473677,1,1,0.435369224791474,-0.0718887840107241,-0.2232746403473678,0,0,0.4353692247914736,0.4683462309744652,0,0,1,0,0,0,1,0,1,1,1,0,0,1,1,0,0,0,0,0,0,1,0,0,0,0,0,0,0,0,0,1,0,1,0.7727341183016854,High
0,1,0,1.3642490183577978,1,1,0.0388260272466407,0.9342314403354178,1.3642490183577978,0,1,0.0388260272466406,0.0714568729386792,1,1,1,0,0,0,3,1,0,0,0,1,0,1,0,0,0,1,0,1,0,1,0,0,0,0,0,0,0,1,1,0,0,0,0.046613671374360635,Low
0,0,0,-1.2409180113122174,1,1,0.3524103968532244,-0.935951212664826,-1.2409180113122176,1,0,0.352410396853224,0.6025988280877148,0,0,0,0,0,0,0,0,1,1,1,0,0,1,1,0,0,0,0,0,0,0,0,0,0,0,0,0,0,0,0,1,0,1,0.9177917971526086,High
0,0,0,-0.0197459661543978,1,1,1.0376503156231662,0.3879177460454578,-0.0197459661543979,0,0,1.0376503156231662,1.1429716589261942,0,0,0,1,1,1,3,0,1,1,1,1,0,0,1,0,0,0,0,0,0,0,0,1,0,1,0,1,0,0,0,1,0,1,0.7182593583785665,High
1,0,0,-0.7524491932490895,1,1,0.3325002781480446,-0.5540077122474164,-0.7524491932490897,0,0,0.3325002781480446,0.3016137315603281,0,0,0,0,0,0,0,0,1,1,1,1,0,1,1,0,0,0,0,0,0,0,0,0,0,0,0,0,0,0,0,1,0,1,0.8258208349259594,High
0,0,0,-0.5489205190561197,1,0,0.8302532457775423,-0.270703879695862,-0.5489205190561197,0,0,0.8302532457775423,0.781188418765858,0,0,1,1,1,0,3,0,1,1,0,1,0,0,1,0,0,0,0,0,0,1,0,1,0,1,0,0,0,0,0,0,1,0,0.5595639428490793,Medium
0,0,1,0.631545791263106,1,1,-0.0175859757513685,0.3229551000154761,0.631545791263106,0,1,-0.0175859757513687,-0.0563058413305282,1,1,1,0,0,0,3,1,0,0,0,1,0,1,0,0,0,1,0,1,0,1,0,0,0,0,0,0,1,0,0,0,0,0,0.12569320479170082,Low
0,0,0,-1.1595065416350294,1,1,0.2976575704139799,-0.8856879833319359,-1.1595065416350294,1,0,0.2976575704139798,0.1745193180090112,0,0,1,0,0,0,1,0,1,1,1,1,0,0,1,0,0,0,0,0,0,1,0,0,0,0,0,0,0,0,0,1,0,1,0.8870918777967296,High
1,1,0,0.9978974048104516,1,1,0.8269348926600121,1.1522654748663057,0.997897404810452,0,1,0.8269348926600116,0.7104549826399625,0,1,0,0,0,1,2,1,1,1,1,1,0,1,1,0,0,0,0,1,0,0,0,0,0,0,0,1,0,0,0,1,0,0,0.7111895233842472,High
0,1,1,1.0386031396490458,1,1,0.3407961609418696,0.8782200808911279,1.0386031396490456,0,1,0.3407961609418696,0.3048614350374727,0,1,0,1,1,1,4,1,1,0,0,1,0,0,0,0,0,0,0,1,0,0,0,1,0,1,0,1,1,0,1,0,0,0,0.13403272652338907,Low
1,1,0,0.9571916699718578,1,1,0.1168073255085957,0.7523755224217005,0.957191669971858,0,1,0.1168073255085957,0.223029087198054,1,1,1,1,0,0,4,1,0,0,0,0,0,1,0,0,0,1,0,1,0,1,0,1,0,0,0,0,1,0,1,0,0,0,0.11804393814143717,Low
0,1,1,1.4863662228735797,1,0,-1.4992306427285067,-0.4054119670393564,1.4863662228735797,0,1,-1.499230642728507,-1.4891313899200438,0,0,0,0,0,0,0,1,0,0,0,0,0,0,0,1,1,0,1,0,1,0,1,0,1,0,1,0,0,1,0,0,0,0,0.011839853711496904,Low
0,1,1,-0.9152721326034656,0,0,-0.372649759327077,-0.7803129110989059,-0.9152721326034656,0,0,-0.372649759327077,-0.4247919961011738,1,1,1,1,0,1,5,1,0,0,0,1,1,0,0,0,0,1,0,1,0,1,0,1,0,0,0,1,0,1,1,0,0,0,0.10256012405758189,Low
0,1,1,-1.2002122764736234,1,1,0.5000771105833088,-0.903042070805666,-1.2002122764736236,1,0,0.5000771105833086,0.5127090243610434,0,1,0,1,0,0,2,1,1,1,1,0,0,0,1,0,0,0,0,1,0,0,0,1,0,0,0,0,0,0,0,1,0,0,0.8078691438399163,High
0,0,0,0.1023712383613841,1,0,-1.2851968666478226,-0.5899225557297129,0.102371238361384,0,0,-1.285196866647823,-1.2459483521080463,0,0,0,0,0,0,0,0,0,0,0,1,0,1,0,1,1,0,1,0,1,0,1,0,1,0,1,0,1,0,0,0,0,0,0.0840215243013567,Low
0,1,1,-0.8745663977648716,1,1,-1.5158224083161569,-0.929808172851116,-0.8745663977648717,0,0,-1.5158224083161569,-1.606344084350026,0,0,0,0,0,0,0,1,0,1,0,0,0,0,0,1,1,0,1,0,1,0,1,0,1,0,1,0,0,0,0,0,1,1,0.23893196347383952,Low
0,1,0,0.9571916699718578,1,1,1.1819986762357204,1.410975208735114,0.957191669971858,0,1,1.1819986762357202,1.109883387615763,1,0,0,0,1,1,3,1,1,0,1,1,0,1,1,0,0,1,0,0,0,0,0,0,0,1,0,1,1,0,0,1,0,0,0.5316571644656181,Medium
0,1,1,0.7536629957788878,1,1,-1.3266762806169474,-0.472612434715761,0.753662995778888,0,1,-1.326676280616948,-1.3557078017829816,0,0,0,0,0,0,0,1,0,0,0,1,0,1,0,1,1,0,1,0,1,0,1,0,1,0,1,0,0,1,0,0,1,0,0.038205998157622316,Low
1,0,0,0.143076973199978,1,1,0.8601184238353119,0.3893657482872607,0.1430769731999781,0,0,0.8601184238353115,0.78026446265178,1,0,0,0,1,0,2,0,1,1,1,1,0,1,1,0,0,1,0,0,0,0,0,0,0,1,0,0,0,0,0,1,0,1,0.7097371742427697,High
0,0,1,-1.1188008067964357,1,0,-1.4760021709057969,-0.9620152530172806,-1.1188008067964357,1,0,-1.476002170905797,-1.4412636907576202,0,0,0,0,0,0,0,1,0,0,0,1,0,0,0,1,1,0,1,0,1,0,1,0,1,0,1,0,0,1,0,0,1,0,0.09693506268985506,Low
0,1,1,-1.281623746150811,1,0,-1.477661347464562,-0.999970463294845,-1.2816237461508115,1,0,-1.477661347464562,-1.4736901966418428,0,0,0,0,0,0,0,1,0,0,0,1,0,0,0,1,1,0,1,0,1,0,1,0,1,0,1,0,1,0,0,0,1,0,0.22716010785142843,Low
1,1,0,-1.0373893371192475,1,1,0.3142493360016298,-0.7772852700478632,-1.0373893371192475,0,0,0.3142493360016297,0.3466374150220218,0,0,0,0,0,0,0,1,1,1,0,1,0,1,1,0,0,0,0,0,0,0,0,0,0,0,0,0,0,0,0,0,1,1,0.8055417200212348,High
0,1,0,1.4863662228735797,1,1,-0.3743089358858421,0.6604054406393016,1.4863662228735797,0,1,-0.3743089358858423,-0.3243283317600821,1,1,0,0,0,0,2,1,0,0,0,1,0,0,0,0,0,1,0,1,0,0,0,0,0,0,0,0,1,0,1,0,0,0,0.07249422649544264,Low
0,1,1,-0.4268033145403377,1,1,0.0852829708920607,-0.3314102767120589,-0.4268033145403377,0,0,0.0852829708920605,0.1735793103013284,1,0,1,1,1,0,4,1,0,0,0,1,0,0,0,0,0,1,0,0,0,1,0,1,0,1,0,0,1,0,0,0,0,1,0.17009858652846063,Low
0,0,0,1.2421318138420157,1,0,-1.3515639289984225,-0.2988741051273029,1.242131813842016,0,1,-1.3515639289984227,-1.2987950482867066,0,0,0,0,0,0,0,0,0,0,0,0,0,1,0,1,1,0,1,0,1,0,1,0,1,0,1,0,0,1,0,0,1,0,0.023220539739515187,Low
0,1,1,0.9164859351332638,1,1,0.3590471030882844,0.8621823590917639,0.9164859351332636,0,1,0.3590471030882843,0.416702903816383,1,1,0,1,0,1,4,1,1,0,0,0,0,1,0,0,0,1,0,1,0,0,0,1,0,0,0,1,1,0,0,0,0,0,0.10369138183845479,Low
0,0,0,-1.2002122764736234,1,0,-0.2448931643021727,-0.9380793371717184,-1.2002122764736236,1,0,-0.2448931643021731,-0.3679904636849338,0,0,1,0,1,0,2,0,0,1,1,0,0,0,0,0,0,0,0,0,0,1,0,0,0,1,0,0,0,0,0,1,0,0,0.7596107596620255,High
0,1,1,1.4049547531963915,1,0,0.5448748776699633,1.3599221599976044,1.4049547531963915,0,1,0.5448748776699632,0.5174335685730306,1,1,1,0,1,1,5,1,1,0,0,1,0,0,0,0,0,1,0,1,0,1,0,0,0,1,0,1,0,1,1,0,0,0,0.03329229349983085,Low
0,0,0,-1.2002122764736234,0,0,-1.3167212212643575,-0.983077103807143,-1.2002122764736236,1,0,-1.3167212212643578,-1.4990578713131733,0,0,0,0,0,0,0,0,0,1,1,0,1,0,0,0,0,0,0,0,0,0,0,0,0,0,0,0,0,0,0,1,0,1,0.7753052700929346,High
0,0,0,-1.281623746150811,1,0,-1.4992306427285067,-1.0002556758576244,-1.2816237461508115,1,0,-1.499230642728507,-1.495197572993623,0,0,0,0,0,0,0,0,0,1,0,1,0,0,0,1,1,0,1,0,1,0,1,0,1,0,1,0,0,0,0,0,1,0,0.4236838933303814,Medium
0,0,0,-0.6710377235719016,1,1,0.8003880677197722,-0.3732926445848165,-0.6710377235719017,0,0,0.800388067719772,0.8470384323935249,0,0,0,1,0,1,2,0,1,1,0,1,0,1,1,0,0,0,0,0,0,0,0,1,0,0,0,1,0,0,1,0,0,1,0.7371721653166726,High
0,0,1,1.2014260790034217,1,1,1.29814103534927,1.882914242423373,1.201426079003422,0,1,1.2981410353492695,1.3685389407446638,0,0,1,1,1,1,4,1,1,0,1,1,0,1,1,0,0,0,0,0,0,1,0,1,0,1,0,1,0,1,0,1,0,0,0.26668300758477453,Low
0,0,0,-0.9966836022806536,1,1,0.018915908541461,-0.7574300877928367,-0.9966836022806536,0,0,0.0189159085414609,0.2218769063220656,1,1,1,0,0,0,3,0,0,1,0,0,0,1,0,0,0,1,0,1,0,1,0,0,0,0,0,0,0,0,0,0,0,0,0.4497550650120972,Medium
0,0,1,-0.9559778674420596,1,0,-1.4876164068171518,-0.925442226697801,-0.9559778674420596,0,0,-1.4876164068171518,-1.4492416406180242,0,0,0,0,0,0,0,1,0,0,0,1,0,0,0,1,1,0,1,0,1,0,1,0,1,0,1,0,1,0,0,0,1,0,0.10064410704319332,Low
0,1,0,-1.0780950719578417,1,0,-1.5075265255223318,-0.9447269838272686,-1.0780950719578417,1,0,-1.5075265255223318,-1.3418885825886249,0,0,0,0,0,0,0,1,0,1,0,0,0,0,0,1,1,0,1,0,1,0,1,0,1,0,1,0,0,0,0,0,0,1,0.39584059418539586,Medium
0,0,0,-0.1825689055087738,1,0,-0.1967770440979879,-0.2829680198953756,-0.1825689055087737,0,0,-0.196777044097988,-0.1935877003195359,1,0,1,0,0,0,2,0,0,0,0,0,0,1,0,0,0,1,0,0,0,1,0,0,0,0,0,0,1,0,0,0,1,0,0.15753593905774488,Low
0,0,0,-0.2639803751859618,1,0,-1.5108448786398618,-0.7783164231594502,-0.2639803751859618,0,0,-1.510844878639862,-1.479862431867058,0,0,0,0,0,0,0,0,0,0,0,1,0,0,0,1,1,0,1,0,1,0,1,0,1,0,1,0,1,0,0,0,1,0,0.08099415414475963,Low
0,1,1,0.224488442877166,1,1,1.2019087949409006,0.7272329380413022,0.224488442877166,0,0,1.2019087949409009,1.296581781624916,0,0,1,0,1,1,3,1,1,1,0,1,0,1,1,0,0,0,0,0,0,1,0,0,0,1,0,1,0,0,1,0,0,0,0.7012009493652197,High
0,0,0,-0.5896262538947137,1,1,-0.4854737653230966,-0.6081761597475936,-0.5896262538947137,0,0,-0.4854737653230969,-0.4698288098292608,0,0,0,0,0,0,0,0,0,1,1,0,0,1,0,0,0,0,0,0,0,0,0,0,0,0,0,0,0,0,0,1,0,0,0.5925306598755364,Medium
0,1,1,-1.2002122764736234,0,1,-1.1259159170063835,-0.9672148974310278,-1.2002122764736236,1,0,-1.1259159170063835,-1.1003442020224774,0,0,0,1,0,0,1,1,0,1,0,0,1,0,0,0,0,0,0,0,0,0,0,1,0,0,0,0,0,0,0,0,1,1,0.6805204554067275,High
0,1,0,-1.2002122764736234,0,0,-1.3250171040581826,-0.9745865452074798,-1.2002122764736236,1,0,-1.3250171040581826,-1.2856385213608923,0,0,0,0,0,0,0,1,0,1,0,1,1,0,0,0,0,0,0,0,0,0,0,0,0,0,0,0,0,0,0,0,1,0,0.7246498720215454,High
0,1,0,1.5270719577121736,1,0,0.266133215797445,1.3015413423394546,1.5270719577121736,0,1,0.266133215797445,0.3402797400345176,0,1,1,1,1,0,4,1,1,0,0,1,0,1,0,0,0,0,0,1,0,1,0,1,0,1,0,0,0,1,0,0,0,0,0.042441929327531235,Low
0,1,1,1.4049547531963915,1,1,0.1466725035663652,1.0328711082012731,1.4049547531963915,0,1,0.1466725035663651,0.1493388966143749,1,1,1,1,0,0,4,1,0,0,0,1,0,1,0,0,0,1,0,1,0,1,0,1,0,0,0,0,1,0,1,0,0,0,0.06471507416634796,Low
0,0,1,1.5677776925507676,1,0,-1.3465863993221274,-0.2829022016116573,1.5677776925507678,0,1,-1.3465863993221274,-1.377594400244506,0,0,0,0,0,0,0,1,0,0,0,1,0,1,0,1,1,0,1,0,1,0,1,0,1,0,1,0,0,1,0,0,1,0,0.015217717748150799,Low
0,0,1,-0.6710377235719016,1,1,0.1383766207725403,-0.5334065894435823,-0.6710377235719017,0,0,0.1383766207725401,0.0924190448200037,1,1,0,0,0,1,3,1,0,1,1,1,0,1,0,0,0,1,0,1,0,0,0,0,0,0,0,1,0,0,0,1,0,0,0.5178588572383866,Medium
0,1,1,-0.9152721326034656,1,1,0.018915908541461,-0.7382330883749934,-0.9152721326034656,0,0,0.0189159085414609,-0.1074754742341388,0,1,0,1,0,1,3,1,0,1,1,0,0,0,0,0,0,0,0,1,0,0,0,1,0,0,0,1,0,0,0,1,0,0,0.49059050029383183,Medium
0,0,0,-1.281623746150811,1,1,0.8601184238353119,-0.9690578093751409,-1.2816237461508115,1,0,0.8601184238353115,0.8573785171780346,0,1,0,0,0,1,2,0,1,1,0,1,0,1,1,0,0,0,0,1,0,0,0,0,0,0,0,1,0,0,1,0,0,1,0.9038082557498781,High
0,1,1,-0.8338606629262776,1,1,-0.2863725782712976,-0.7330773228170584,-0.8338606629262776,0,0,-0.2863725782712979,-0.4152791180994251,0,0,0,0,1,0,1,1,0,1,0,1,0,0,0,0,0,0,0,0,0,0,0,0,0,1,0,0,0,0,0,0,1,0,0.49105527400033666,Medium
0,0,0,-1.1188008067964357,1,0,-0.367672229650782,-0.8949244824804067,-1.1188008067964357,1,0,-0.3676722296507821,-0.4294243540846342,1,0,0,1,0,0,2,0,0,1,0,0,0,0,0,0,0,1,0,0,0,0,0,1,0,0,0,0,0,0,1,0,0,1,0.44023567794518065,Medium
1,1,0,0.305899912554354,1,1,1.1372009091490658,0.7735251309231871,0.3058999125543541,0,0,1.1372009091490658,1.2115884615562005,0,1,0,1,1,1,4,1,1,0,0,0,0,0,1,0,0,0,0,1,0,0,0,1,0,1,0,1,1,0,1,0,0,1,0.41892804822657065,Medium
1,1,0,-0.4675090493789317,1,1,0.0006649663950462,-0.4210328397085044,-0.4675090493789317,0,0,0.0006649663950462,-0.037659221769129,1,1,0,0,0,1,3,1,0,1,0,1,0,0,0,0,0,1,0,1,0,0,0,0,0,0,0,1,0,0,0,0,0,0,0.41259784720342396,Medium
0,0,0,-0.9559778674420596,1,1,0.1101706192735356,-0.7557626912719726,-0.9559778674420596,0,0,0.1101706192735354,-0.0275489166464972,1,0,1,1,0,1,4,0,0,1,0,1,0,0,0,0,0,1,0,0,0,1,0,1,0,0,0,1,0,0,0,0,0,0,0.4131069945654731,Medium
0,1,0,-1.0373893371192475,1,1,-0.4854737653230966,-0.8531079328913675,-1.0373893371192475,0,0,-0.4854737653230969,-0.4701701967554793,1,0,0,0,0,0,1,1,0,1,0,0,0,0,0,0,0,1,0,0,0,0,0,0,0,0,0,0,0,0,0,0,0,0,0.4148355929935355,Medium
0,0,0,0.224488442877166,1,0,-1.4892755833759168,-0.7113353497621068,0.224488442877166,0,0,-1.4892755833759168,-1.5581523628816274,0,0,0,0,0,0,0,0,0,0,0,0,0,0,0,1,1,0,1,0,1,0,1,0,1,0,1,0,1,0,0,0,1,0,0.055965142957397504,Low
0,0,0,-1.281623746150811,1,1,-0.4788370590880366,-0.9867629276953688,-1.2816237461508115,1,0,-0.4788370590880367,-0.4777332301978638,0,0,1,0,0,0,1,0,0,1,1,1,0,0,0,0,0,0,0,0,0,1,0,0,0,0,0,0,0,0,0,1,0,1,0.7786285530670042,High
0,0,0,-1.0373893371192475,1,1,0.3308411015892797,-0.7936740226937248,-1.0373893371192475,0,0,0.3308411015892796,0.1700878531013643,0,0,1,0,0,0,1,0,1,1,1,1,0,0,1,0,0,0,0,0,0,1,0,0,0,0,0,0,0,0,0,1,0,0,0.7786592346120071,High
0,0,0,-1.2409180113122174,1,1,0.1997661534468453,-0.9483908682875886,-1.2409180113122176,1,0,0.1997661534468453,0.1335725822623523,0,0,0,0,0,0,0,0,1,1,1,0,0,0,1,0,0,0,0,0,0,0,0,0,0,0,0,0,0,0,0,1,0,1,0.8856299688812145,High
0,0,0,0.9571916699718578,1,1,-1.5058673489635668,-0.5347887734016671,0.957191669971858,0,1,-1.5058673489635668,-1.510235010580239,0,0,0,0,0,0,0,0,0,0,0,0,0,0,0,1,1,0,1,0,1,0,1,0,1,0,1,0,0,1,0,0,0,0,0.028198523815668685,Low
0,1,0,-1.0780950719578417,1,0,-0.4838145887643315,-0.87090080892322,-1.0780950719578417,1,0,-0.4838145887643316,-0.4140383079252836,0,0,0,0,0,0,0,1,0,1,1,0,0,1,0,0,0,0,0,0,0,0,0,0,0,0,0,0,0,0,0,1,0,0,0.7501649695096105,High
0,0,0,1.2421318138420157,1,0,-0.2117096331268729,0.5283739635003522,1.242131813842016,0,1,-0.2117096331268732,-0.3086153990556598,0,0,1,0,0,1,2,0,0,0,0,0,0,0,0,0,0,0,0,0,0,1,0,0,0,0,0,1,1,0,1,0,0,0,0.1199496514902346,Low
0,0,0,1.2828375486806096,1,1,1.512174811429954,2.0929842646243437,1.2828375486806096,0,1,1.5121748114299538,1.5061412867701376,0,1,1,1,1,1,5,0,1,0,0,0,0,1,1,0,0,0,0,1,0,1,0,1,0,1,0,1,0,1,1,0,0,0,0.19558684555287878,Low
0,1,0,-0.1418631706701798,0,1,-0.6314813024944159,-0.4242798750386081,-0.1418631706701799,0,0,-0.6314813024944161,-0.6284560108912417,0,0,0,0,1,1,2,1,0,1,1,1,1,0,0,0,0,0,0,0,0,0,0,0,0,1,0,1,0,0,0,1,0,0,0.7044137078827863,High
0,0,0,-0.0197459661543978,1,1,0.6875640617237531,0.1601426055242592,-0.0197459661543979,0,0,0.6875640617237533,0.6062178577622932,0,0,0,0,0,1,1,0,1,1,0,1,0,1,1,0,0,0,0,0,0,0,0,0,0,0,0,1,0,0,0,0,0,0,0.6999244430173424,High
1,0,0,-1.2409180113122174,1,1,0.634470411843273,-0.927285138641914,-1.2409180113122176,1,0,0.6344704118432727,0.9293455072782228,0,0,0,0,0,1,1,0,1,1,1,0,0,1,1,0,0,0,0,0,0,0,0,0,0,0,0,1,0,0,0,1,0,0,0.9487856235774897,High
0,1,0,1.1200146093262338,1,1,0.9779199595076268,1.4527917583241532,1.1200146093262338,0,1,0.9779199595076268,0.9452003039478042,0,1,0,0,1,1,3,1,1,0,1,1,0,0,1,0,0,0,0,1,0,0,0,0,0,1,0,1,1,0,0,1,0,1,0.4848552078960597,Medium
0,0,0,-0.4268033145403377,1,0,0.003983319512576,-0.3825291437332873,-0.4268033145403377,0,0,0.0039833195125757,-0.0016381264107276,1,1,1,0,0,0,3,0,0,1,0,1,0,1,0,0,0,1,0,1,0,1,0,0,0,0,0,0,0,0,0,0,1,0,0.28747072234051657,Low
0,0,0,-0.8745663977648716,0,1,-0.9716124970412392,-0.8223927338228184,-0.8745663977648717,0,0,-0.9716124970412396,-0.8699796464597026,0,1,0,1,0,0,2,0,0,1,1,1,1,0,0,0,0,0,0,1,0,0,0,1,0,0,0,0,0,0,0,1,0,0,0.5728204167522855,Medium
1,1,0,0.9978974048104516,1,1,0.8534817176002523,1.2726909946429243,0.997897404810452,0,1,0.8534817176002525,0.869772106519749,0,1,1,0,1,0,3,1,1,0,1,1,0,0,1,0,0,0,0,1,0,1,0,0,0,1,0,0,1,0,0,1,0,0,0.461762013554043,Medium
0,0,0,-1.281623746150811,1,1,-0.6895524820511906,-0.9895492350394444,-1.2816237461508115,1,0,-0.6895524820511909,-0.6878437530191019,0,0,0,0,0,0,0,0,0,1,0,1,0,0,0,0,0,0,0,0,0,0,0,0,0,0,0,0,0,0,0,0,1,1,0.7107684753698167,High
0,0,0,1.2014260790034217,1,1,-1.5174815848749217,-0.5158769865466031,1.201426079003422,0,1,-1.517481584874922,-1.5490193820526066,0,0,0,0,0,0,0,0,0,0,0,0,0,0,0,1,1,0,1,0,1,0,1,0,1,0,1,0,0,1,1,0,0,0,0.02412434581113071,Low
0,1,0,0.590840056424512,1,1,1.1222683201201809,0.9804139360777724,0.5908400564245119,0,0,1.1222683201201806,1.0430600396913583,1,1,1,0,1,0,4,1,1,1,1,0,0,1,1,0,0,1,0,1,0,1,0,0,0,1,0,0,0,0,0,1,0,1,0.587652675546467,Medium
0,1,1,1.1607203441648275,1,0,0.7688637131032373,1.4161529137209552,1.1607203441648275,0,1,0.7688637131032369,0.8491878139520099,1,1,1,1,1,1,6,1,1,0,0,0,0,1,0,0,0,1,0,1,0,1,0,1,0,1,0,1,0,1,0,0,1,0,0.04140642159350782,Low
0,0,0,-1.2002122764736234,1,1,0.1732193285066055,-0.9237090118932186,-1.2002122764736236,1,0,0.1732193285066053,-0.0067768352127264,0,0,0,0,0,0,0,0,0,1,1,0,0,0,1,0,0,0,0,0,0,0,0,0,0,0,0,0,0,0,0,1,0,0,0.8898562577104127,High
0,1,1,1.2828375486806096,1,0,0.5349198183173736,1.244411072071953,1.2828375486806096,0,1,0.5349198183173732,0.5063067885319678,1,1,0,0,0,0,2,1,1,1,1,1,0,0,1,0,0,1,0,1,0,0,0,0,0,0,0,0,0,0,0,1,0,0,0.2672167851652856,Low
0,1,1,-1.0780950719578417,1,1,0.9663057235962716,-0.7813001853546807,-1.0780950719578417,1,0,0.9663057235962712,0.7120658590063911,0,1,1,0,1,0,3,1,1,1,0,0,0,1,1,0,0,0,0,1,0,1,0,0,0,1,0,0,0,0,0,0,1,0,0.86678768659372,High
0,1,1,0.9571916699718578,1,0,-1.4892755833759168,-0.5305983426716008,0.957191669971858,0,1,-1.4892755833759168,-1.5045922785978347,0,0,0,0,0,0,0,1,0,0,0,0,0,0,0,1,1,0,1,0,1,0,1,0,1,0,1,0,0,1,0,0,1,0,0.01682403967828176,Low
0,1,1,-0.2232746403473677,1,0,-0.5004063543519814,-0.4226344179456501,-0.2232746403473678,0,0,-0.5004063543519816,-0.5112504235438005,0,1,0,0,0,0,1,1,0,1,0,0,0,0,0,0,0,0,0,1,0,0,0,0,0,0,0,0,0,0,0,0,1,0,0.2274180379338087,Low
0,1,0,0.5501343215859179,0,0,-0.6430955384057709,-0.1040739247489824,0.550134321585918,0,0,-0.6430955384057712,-0.665365307835385,1,1,0,0,1,0,3,1,0,1,1,0,1,0,0,0,0,1,0,1,0,0,0,0,0,1,0,0,0,0,0,1,0,0,0.3110459289405609,Medium
1,0,0,-1.281623746150811,1,0,-0.6580281274346557,-0.9891323859092284,-1.2816237461508115,1,0,-0.6580281274346558,-0.6564098952741922,0,0,0,0,0,0,0,0,0,1,1,1,0,0,0,0,0,0,0,0,0,0,0,0,0,0,0,0,0,0,0,1,0,1,0.7447224952323109,High
0,0,0,-0.8745663977648716,1,0,-1.477661347464562,-0.9073641381031692,-0.8745663977648717,0,0,-1.477661347464562,-1.452483622756521,0,0,0,0,0,0,0,0,0,0,0,1,0,0,0,1,1,0,1,0,1,0,1,0,1,0,1,0,0,1,0,0,1,0,0.053379878750361626,Low
0,1,0,-0.0197459661543978,1,1,1.1255866732377109,0.3714631751158778,-0.0197459661543979,0,0,1.1255866732377102,1.1041963409842823,0,1,0,0,1,1,3,1,1,1,0,1,0,1,1,0,0,0,0,1,0,0,0,0,0,1,0,1,0,0,1,0,0,0,0.7483407922788488,High
0,0,0,-1.1595065416350294,1,0,0.4287325185564139,-0.8776362132903947,-1.1595065416350294,1,0,0.4287325185564137,0.326311762645614,0,0,0,0,1,0,1,0,1,1,1,1,0,0,1,0,0,0,0,0,0,0,0,0,0,1,0,0,0,0,0,1,0,1,0.8833920916119316,High
0,0,0,-0.3453918448631497,1,1,-0.3079418735352424,-0.3943764348025849,-0.3453918448631498,0,0,-0.3079418735352426,-0.2177834987152888,1,0,0,0,0,0,1,0,0,1,0,1,0,1,0,0,0,1,0,0,0,0,0,0,0,0,0,0,0,0,0,0,0,1,0.38167194392315607,Medium
0,0,0,0.1023712383613841,1,1,1.4607403381082391,0.757421590840105,0.102371238361384,0,0,1.4607403381082391,1.6569329589150974,1,0,1,1,1,1,5,0,1,0,1,1,0,1,1,0,0,1,0,0,0,1,0,1,0,1,0,1,0,1,0,1,0,0,0.3327951849218747,Medium
0,0,1,0.5501343215859179,1,1,1.336302096200865,1.1072896476587868,0.550134321585918,0,0,1.336302096200865,1.3204344879626018,1,1,0,1,1,1,5,1,1,0,0,0,0,0,1,0,0,1,0,1,0,0,0,1,0,1,0,1,1,0,0,0,0,1,0.21519911478012566,Low
0,1,1,-1.281623746150811,1,1,0.1682417988303103,-0.9782065508119872,-1.2816237461508115,1,0,0.1682417988303102,0.1674880603555444,0,0,0,0,0,0,0,1,0,1,1,1,0,0,1,0,0,0,0,0,0,0,0,0,0,0,0,0,0,0,0,1,0,1,0.8838123125731631,High
0,1,0,1.6084834273893616,1,1,1.5005605755185991,2.4492586343916085,1.6084834273893618,0,1,1.5005605755185991,1.4731880110110598,1,0,1,1,1,1,5,1,1,0,0,0,0,1,1,0,0,1,0,0,0,1,0,1,0,1,0,1,0,1,1,0,0,0,0.14180105059702608,Low
1,1,0,1.2421318138420157,1,1,1.2798900932028552,1.834164833616004,1.242131813842016,0,1,1.279890093202855,1.254358991304851,0,1,1,0,1,1,4,1,1,1,1,0,0,1,1,0,0,0,0,1,0,1,0,0,0,1,0,1,0,0,0,1,0,0,0.7439423801790257,High
0,1,0,-0.4675090493789317,1,1,0.7157700632227577,-0.2152848848050367,-0.4675090493789317,0,0,0.7157700632227576,0.7011546076337849,0,0,0,0,0,1,1,1,1,1,1,0,0,1,1,0,0,0,0,0,0,0,0,0,0,0,0,1,0,0,0,1,0,1,0.8193213217066045,High
0,1,1,0.183782708038572,0,1,-0.8206274301936248,-0.3396156227489428,0.1837827080385721,0,0,-0.820627430193625,-0.7846045896620385,1,0,1,1,0,0,3,1,0,0,1,1,1,0,0,0,0,1,0,0,0,1,0,1,0,0,0,0,1,0,0,1,0,0,0.1769401235198281,Low
0,0,0,0.9164859351332638,1,1,1.1936129121470758,1.4272542642414452,0.9164859351332636,0,1,1.1936129121470758,1.1914497364268066,1,1,0,0,1,1,4,0,1,0,0,1,0,0,1,0,0,1,0,1,0,0,0,0,0,1,0,1,1,0,0,0,1,0,0.3293236043148867,Medium
0,1,0,-0.7524491932490895,1,1,0.0554177928342907,-0.5791283571999084,-0.7524491932490897,0,0,0.0554177928342905,0.1663063363801717,0,0,0,1,1,0,2,1,0,1,0,1,0,1,0,0,0,0,0,0,0,0,0,1,0,1,0,0,0,0,1,0,0,0,0.5453735471815775,Medium
0,1,1,0.8350744654560759,1,0,0.2296313315046148,0.6707169717551718,0.835074465456076,0,1,0.2296313315046147,0.2410938563461074,1,0,0,1,0,1,3,1,1,1,1,1,0,1,0,0,0,1,0,0,0,0,0,1,0,0,0,1,0,0,0,1,0,0,0.23250484899725754,Low
0,1,1,0.7129572609402939,1,1,0.6377887649608033,0.8183693215632689,0.7129572609402941,0,1,0.6377887649608032,0.607165009528554,0,1,1,1,1,1,5,1,1,0,0,0,0,1,0,0,0,0,0,1,0,1,0,1,0,1,0,1,1,0,1,0,0,0,0.20828914380081506,Low
1,1,0,0.224488442877166,1,1,1.250024915145085,0.7502693373427141,0.224488442877166,0,0,1.2500249151450846,1.3422958406722223,0,1,1,0,1,1,4,1,1,1,1,1,0,1,1,0,0,0,0,1,0,1,0,0,0,1,0,1,0,0,0,1,0,0,0.8189234141415852,High
1,0,0,-0.1011574358315858,1,1,1.1537926747367158,0.2931174780631712,-0.1011574358315858,0,0,1.1537926747367158,1.1241251310589608,0,1,0,0,1,1,3,0,1,1,1,0,0,1,1,0,0,0,0,1,0,0,0,0,0,1,0,1,0,0,0,1,0,1,0.8298085750005275,High
0,0,0,-0.1825689055087738,1,1,-0.1669118660402181,-0.282858322755845,-0.1825689055087737,0,0,-0.1669118660402183,-0.1932922693256926,1,1,0,1,0,0,3,0,0,0,1,0,0,0,0,0,0,1,0,1,0,0,0,1,0,0,0,0,1,0,0,1,0,0,0.15007795533921173,Low
1,1,0,0.5501343215859179,0,1,-0.1669118660402181,0.2269920423541659,0.550134321585918,0,0,-0.1669118660402183,-0.1226457273197255,0,1,1,1,1,1,5,1,0,0,0,1,1,0,0,0,0,0,0,1,0,1,0,1,0,1,0,1,1,0,0,0,0,1,0.28135189940631905,Low
0,0,0,1.4049547531963915,1,0,-1.472683817788267,-0.4194532008992647,1.4049547531963915,0,1,-1.472683817788267,-1.4852463988607096,0,0,0,0,0,0,0,0,0,0,1,0,0,0,0,1,1,0,1,0,1,0,1,0,1,0,1,0,1,0,0,1,0,0,0.0481575498055083,Low
0,0,0,-1.281623746150811,1,0,-0.6298221259356508,-0.9887594156348246,-1.2816237461508115,1,0,-0.6298221259356508,-0.6282848646603256,0,0,0,0,0,0,0,0,0,1,0,0,0,0,0,0,0,0,0,0,0,0,0,0,0,0,0,0,0,0,0,0,1,1,0.6197945118919457,High
0,1,0,0.7129572609402939,1,0,-1.497571466169742,-0.5643411827911926,0.7129572609402941,0,1,-1.497571466169742,-1.4781902015400614,0,0,0,0,0,0,0,1,0,0,1,1,0,0,0,1,1,0,1,0,1,0,1,0,1,0,1,0,0,1,0,1,0,0,0.036630040905323534,Low
0,1,0,0.9571916699718578,1,1,1.097380671738706,1.3037572245579714,0.957191669971858,0,1,1.0973806717387058,0.9655062609246228,1,0,0,0,1,1,3,1,1,0,1,0,0,1,1,0,0,1,0,0,0,0,0,0,0,1,0,1,1,0,0,1,0,0,0.5302475629410842,Medium
0,0,0,-1.281623746150811,1,0,-1.4925939364934466,-1.000167918146,-1.2816237461508115,1,0,-1.492593936493447,-1.4885799187315367,0,0,0,0,0,0,0,0,0,1,0,1,0,0,0,1,1,0,1,0,1,0,1,0,1,0,1,0,0,0,0,0,1,0,0.4228635188634054,Medium
0,1,0,-1.2002122764736234,0,0,-0.989863439187654,-0.964560226654389,-1.2002122764736236,1,0,-0.9898634391876542,-1.033616188213108,1,0,0,1,0,0,2,1,0,1,0,1,1,0,0,0,0,1,0,0,0,0,0,1,0,0,0,0,0,0,0,0,1,0,0.575272799376033,Medium
0,1,0,1.6084834273893616,1,1,1.4806504568134191,2.573830706042481,1.6084834273893618,0,1,1.480650456813419,1.603656903025385,1,1,1,0,1,1,5,1,1,0,1,0,0,1,1,0,0,1,0,1,0,1,0,0,0,1,0,1,0,1,0,1,0,0,0.22371784158268743,Low
0,0,0,0.631545791263106,1,1,-0.151979277011333,0.261985429864406,0.631545791263106,0,1,-0.1519792770113331,-0.15208949338437,1,0,1,1,0,0,3,0,0,0,0,0,0,0,0,0,0,1,0,0,0,1,0,1,0,0,0,0,1,0,1,0,0,1,0.09773583717721543,Low
0,0,0,-0.9559778674420596,0,0,-0.84219672545757,-0.8452536177009814,-0.9559778674420596,0,0,-0.8421967254575701,-0.7773659092867685,1,1,1,0,0,0,3,0,0,0,0,1,1,0,0,0,0,1,0,1,0,1,0,0,0,0,0,0,1,0,0,0,1,0,0.24066012168742154,Low
0,0,0,-0.5489205190561197,1,0,0.1549683863601902,-0.3970091661513177,-0.5489205190561197,0,0,0.15496838636019,0.2799011084128252,0,0,0,0,1,1,2,0,0,1,0,1,0,1,0,0,0,0,0,0,0,0,0,0,0,1,0,1,0,0,0,0,1,0,0.5767269360121483,Medium
0,1,1,0.5501343215859179,1,0,0.5332606417586087,0.678812620652525,0.550134321585918,0,0,0.5332606417586084,0.618028032861818,1,0,1,1,1,1,5,1,1,0,0,1,0,0,0,0,0,1,0,0,0,1,0,1,0,1,0,1,0,1,0,0,1,0,0.038494211231095234,Low
0,1,0,0.9571916699718578,1,1,1.4043283351102296,1.6384212578377213,0.957191669971858,0,1,1.4043283351102294,1.4161566989329415,0,1,0,1,1,1,4,1,1,0,1,1,0,1,1,0,0,0,0,1,0,0,0,1,0,1,0,1,1,0,0,1,0,0,0.5112724362271912,Medium
0,0,0,0.1023712383613841,1,0,0.6046052337855035,0.2409455185024496,0.102371238361384,0,0,0.6046052337855033,0.544174394745296,0,0,0,0,1,0,1,0,1,1,1,1,0,1,1,0,0,0,0,0,0,0,0,0,0,1,0,0,0,0,0,1,0,0,0.6940968437896762,High
0,0,0,-0.3046861100245557,1,0,-1.497571466169742,-0.8004094270608995,-0.3046861100245557,0,0,-1.497571466169742,-1.519749070305963,0,0,0,0,0,0,0,0,0,0,0,0,0,0,0,1,1,0,1,0,1,0,1,0,1,0,1,0,0,1,1,0,0,0,0.035784912273661484,Low
0,0,0,-0.4675090493789317,1,1,0.1234440317436557,-0.3537226748925693,-0.4675090493789317,0,0,0.1234440317436556,0.204042721993735,0,0,0,0,0,0,0,0,0,1,1,0,0,0,1,0,0,0,0,0,0,0,0,0,0,0,0,0,0,0,0,1,0,0,0.724331937764639,High
0,1,1,1.5677776925507676,1,0,-1.3134028681468275,-0.1982379493219919,1.5677776925507678,0,1,-1.3134028681468275,-1.287673527718482,0,0,0,0,0,0,0,1,0,0,0,1,0,1,0,1,1,0,1,0,1,0,1,0,1,0,1,0,0,1,1,0,0,0,0.015994736136306333,Low
0,1,0,-1.281623746150811,1,1,0.4785078153193637,-0.9741038777935456,-1.2816237461508115,1,0,0.4785078153193635,0.4768633971080759,0,0,0,0,1,0,1,1,1,1,0,0,0,0,1,0,0,0,0,0,0,0,0,0,0,1,0,0,0,0,0,0,0,1,0.8871252858061377,High
0,0,0,1.2014260790034217,1,0,0.6494030008721581,1.2697949901593182,1.201426079003422,0,1,0.649403000872158,0.6228253681307042,0,1,1,1,1,1,5,0,1,0,0,0,0,1,0,0,0,0,0,1,0,1,0,1,0,1,0,1,0,1,0,0,0,0,0.06398184108917856,Low
0,1,1,0.8350744654560759,1,1,0.458597696614184,0.7209802010880618,0.835074465456076,0,1,0.4585976966141838,0.3126082238670488,0,0,1,1,1,1,4,1,1,0,0,1,0,1,0,0,0,0,0,0,0,1,0,1,0,1,0,1,1,0,0,0,1,0,0.22078380532339706,Low
0,0,0,-1.2409180113122174,1,1,0.3308411015892797,-0.9492245665480205,-1.2409180113122176,1,0,0.3308411015892796,0.102138724517443,0,0,0,0,0,0,0,0,1,1,0,0,0,1,1,0,0,0,0,0,0,0,0,0,0,0,0,0,0,0,0,0,1,0,0.8792005190971466,High
1,1,0,1.6084834273893616,1,1,0.9331221924209716,1.9463411284999277,1.6084834273893618,0,1,0.9331221924209712,0.9464640920881336,1,1,1,1,0,0,4,1,1,0,0,1,0,1,1,0,0,1,0,1,0,1,0,1,0,0,0,0,0,1,0,0,0,0,0.08664714893172888,Low
0,1,0,-0.3453918448631497,1,1,0.488462874671954,-0.1626302578303809,-0.3453918448631498,0,0,0.4884628746719539,0.5103652718098876,0,0,1,0,0,0,1,1,1,1,0,0,0,1,1,0,0,0,0,0,0,1,0,0,0,0,0,0,0,0,0,0,1,0,0.6854037456191895,High
0,0,0,0.346605647392948,1,1,-0.3062826969764773,-0.0271104116543604,0.3466056473929479,0,0,-0.3062826969764773,-0.3429187003830459,0,0,1,0,0,0,1,0,0,1,0,1,0,1,0,0,0,0,0,0,0,1,0,0,0,0,0,0,0,0,0,0,0,0,0.3547893355124229,Medium
0,0,1,-1.2409180113122174,1,1,0.9712832532725666,-0.9238845273164672,-1.2409180113122176,1,0,0.9712832532725666,1.0575625586061437,0,0,0,0,1,1,2,1,1,1,0,0,0,1,1,0,0,0,0,0,0,0,0,0,0,1,0,1,0,0,0,0,0,1,0.9185697753600159,High
0,0,0,-1.2409180113122174,1,1,0.0935788536858857,-0.9577370645755898,-1.2409180113122176,1,0,0.0935788536858855,-0.2188175071937396,0,0,0,0,0,0,0,0,0,1,1,1,0,0,1,0,0,0,0,0,0,0,0,0,0,0,0,0,0,0,0,1,0,1,0.8978761530545994,High
1,1,0,-0.2232746403473677,1,1,1.0160810203592212,0.0925252887176385,-0.2232746403473678,0,0,1.016081020359221,0.9275379072714488,0,1,1,0,0,1,3,1,1,1,1,1,0,1,1,0,0,0,0,1,0,1,0,0,0,0,0,1,0,0,0,1,0,1,0.805244172198294,High
1,1,0,0.8350744654560759,1,1,1.2267964433223757,1.4260914745624214,0.835074465456076,0,1,1.2267964433223757,1.3158383669292637,0,1,0,0,1,1,3,1,1,1,1,1,0,1,1,0,0,0,0,1,0,0,0,0,0,1,0,1,0,0,0,1,0,1,0.7885031989788847,High
0,0,0,0.0616655035227901,1,1,-0.0175859757513685,-0.0924021491029337,0.0616655035227902,0,0,-0.0175859757513687,-0.1159519107963108,1,1,0,1,0,0,3,0,0,0,0,0,0,1,0,0,0,1,0,1,0,0,0,1,0,0,0,0,1,0,0,0,1,1,0.1241516222975726,Low
0,0,0,-1.281623746150811,1,1,0.665994766459808,-0.9716247224401552,-1.2816237461508115,1,0,0.6659947664598078,0.6638121300120123,0,1,0,0,0,1,2,0,1,1,1,1,0,0,1,0,0,0,0,1,0,0,0,0,0,0,0,1,0,0,0,1,0,0,0.9095168868434041,High
0,1,1,0.631545791263106,1,0,-1.5058673489635668,-0.6213178770633515,0.631545791263106,0,1,-1.5058673489635668,-1.53976333841486,0,0,0,0,0,0,0,1,0,0,0,0,0,0,0,1,1,0,1,0,1,0,1,0,1,0,1,0,0,1,0,0,1,0,0.021052231473451092,Low
1,0,0,-1.2002122764736234,1,1,0.3358186312655745,-0.8964821818617402,-1.2002122764736236,1,0,0.3358186312655741,0.6775989097246922,0,0,0,0,0,0,0,0,1,1,0,0,0,1,1,0,0,0,0,0,0,0,0,0,0,0,0,0,0,0,1,0,0,1,0.8997280509064706,High
0,1,1,1.5677776925507676,1,0,-0.0292002116627238,0.9625113629063892,1.5677776925507678,0,1,-0.0292002116627241,-0.0548558022107476,1,1,1,1,0,0,4,1,0,0,0,0,0,0,0,0,0,1,0,1,0,1,0,1,0,0,0,0,0,1,1,0,0,0,0.012964682779994319,Low
0,0,0,-0.3453918448631497,1,1,0.697519121076343,-0.0843284396334865,-0.3453918448631498,0,0,0.697519121076343,0.7563903557826562,0,1,1,1,0,0,3,0,1,1,1,1,0,0,1,0,0,0,0,1,0,1,0,1,0,0,0,0,0,0,0,1,0,0,0.5957712634067686,Medium
1,1,0,-1.1188008067964357,1,0,0.1699009753890752,-0.8761443321927795,-1.1188008067964357,1,0,0.1699009753890749,-0.1461887516673431,0,0,0,0,0,0,0,1,0,1,1,0,0,0,1,0,0,0,0,0,0,0,0,0,0,0,0,0,0,0,0,1,0,0,0.8660683557364832,High
1,0,0,-0.9966836022806536,1,1,0.3590471030882844,-0.7429061865189941,-0.9966836022806536,0,0,0.3590471030882843,0.3587796288689748,0,0,0,0,0,0,0,0,1,1,1,0,0,1,1,0,0,0,0,0,0,0,0,0,0,0,0,0,0,0,0,1,0,1,0.8418899180620739,High
0,0,0,-0.7117434584104956,1,1,-1.497571466169742,-0.8731605699975489,-0.7117434584104957,0,0,-1.497571466169742,-1.466190188478145,0,0,0,0,0,0,0,0,0,1,0,1,0,0,0,1,1,0,1,0,1,0,1,0,1,0,1,0,0,0,0,0,1,0,0.25879932882645595,Low
1,0,0,-1.2409180113122174,1,1,0.3242043953542197,-0.936346122367136,-1.2409180113122176,1,0,0.3242043953542197,0.5877091059980207,0,1,0,0,0,0,1,0,1,1,1,1,0,0,1,0,0,0,0,1,0,0,0,0,0,0,0,0,0,0,0,1,0,1,0.8967230298518898,High
0,1,1,-0.7931549280876836,1,1,-1.3250171040581826,-0.8630245543049277,-0.7931549280876837,0,0,-1.3250171040581826,-1.3023947613193796,0,0,0,0,0,0,0,1,0,0,0,0,0,1,0,1,1,0,1,0,1,0,1,0,1,0,1,0,0,1,0,0,0,0,0.07772684701581124,Low
1,1,0,-0.6303319887333076,1,1,0.6776090023711627,-0.3667766344967028,-0.6303319887333076,0,0,0.6776090023711623,0.6997226362283335,1,0,1,0,0,0,2,1,1,1,0,0,0,1,1,0,0,1,0,0,0,1,0,0,0,0,0,0,0,0,0,0,0,1,0.679430941932533,High
0,1,0,-0.3453918448631497,1,1,-0.2183463393619327,-0.4179174409458372,-0.3453918448631498,0,0,-0.2183463393619328,-0.291749571873815,1,0,0,1,0,0,2,1,0,0,1,1,0,1,0,0,0,1,0,0,0,0,0,1,0,0,0,0,1,0,0,1,0,0,0.25404873037578,Low
0,1,1,0.7129572609402939,1,0,-1.472683817788267,-0.539308295550325,0.7129572609402941,0,1,-1.472683817788267,-1.4404364839748591,0,0,0,0,0,0,0,1,0,0,0,0,0,0,0,1,1,0,1,0,1,0,1,0,1,0,1,0,0,1,1,0,0,0,0.01993610339766957,Low
0,0,0,0.9978974048104516,1,1,0.3125901594428645,0.8854820315280493,0.997897404810452,0,1,0.3125901594428643,0.357513421995363,1,0,1,0,1,1,4,0,1,0,0,1,0,0,0,0,0,1,0,0,0,1,0,0,0,1,0,1,0,1,0,0,0,0,0.08241856190491045,Low
1,0,0,-1.2002122764736234,0,0,-1.3150620447055927,-0.9748059394865408,-1.2002122764736236,1,0,-1.3150620447055927,-1.291153233245964,0,0,0,0,0,0,0,0,0,1,1,0,1,0,0,0,0,0,0,0,0,0,0,0,0,0,0,0,0,0,0,1,0,1,0.8057681940265883,High
0,0,0,0.183782708038572,1,1,0.8700734831879022,0.4694665995724559,0.1837827080385721,0,0,0.8700734831879023,0.8643538824813148,1,0,0,0,1,0,2,0,1,1,1,1,0,1,1,0,0,1,0,0,0,0,0,0,0,1,0,0,0,0,0,1,0,0,0.6719658088547886,High
0,1,0,1.5677776925507676,1,0,-1.3051069853530026,-0.1803792550064212,1.5677776925507678,0,1,-1.3051069853530026,-1.26870602571377,0,0,0,0,0,0,0,1,0,0,0,0,0,1,0,1,1,0,1,0,1,0,1,0,1,0,1,0,0,1,1,0,0,0,0.018975396004730985,Low
0,1,1,1.6084834273893616,1,1,0.0520994397167609,1.1023532763799129,1.6084834273893618,0,1,0.0520994397167607,0.0625247108096767,1,0,1,1,0,0,3,1,0,0,0,1,0,1,0,0,0,1,0,0,0,1,0,1,0,0,0,0,0,1,1,0,0,0,0.02792830443888194,Low
0,0,1,0.7943687306174818,1,0,-1.3051069853530026,-0.4233584190665517,0.7943687306174818,0,1,-1.3051069853530026,-1.2995313532252075,0,0,0,0,0,0,0,1,0,0,0,1,0,1,0,1,1,0,1,0,1,0,1,0,1,0,1,0,0,1,1,0,0,0,0.025365857514339393,Low
0,0,0,-1.1595065416350294,1,1,-1.4959122896109769,-0.9812780707188422,-1.1595065416350294,1,0,-1.4959122896109769,-1.6275506582353478,0,0,0,0,0,0,0,0,0,1,1,1,0,0,0,1,1,0,1,0,1,0,1,0,1,0,1,0,0,0,0,1,0,0,0.5766279858005319,Medium
0,0,0,-0.9559778674420596,1,1,0.1516500332426604,-0.7222831242872539,-0.9559778674420596,0,0,0.1516500332426602,0.2529660945741582,1,0,1,1,1,0,4,0,0,1,0,1,0,0,0,0,0,1,0,0,0,1,0,1,0,1,0,0,0,0,0,0,1,0,0.4108747541213713,Medium
1,1,0,-1.0373893371192475,1,1,0.3291819250305144,-0.7959996020517721,-1.0373893371192475,0,0,0.3291819250305142,0.145035304823466,0,0,0,0,0,0,0,1,1,1,1,1,0,1,1,0,0,0,0,0,0,0,0,0,0,0,0,0,0,0,0,1,0,0,0.8531422589851968,High
0,1,1,0.631545791263106,1,1,0.1715601519478401,0.412051116742175,0.631545791263106,0,1,0.17156015194784,0.0836644397024521,1,1,1,0,0,1,4,1,0,0,0,0,0,0,0,0,0,1,0,1,0,1,0,0,0,0,0,1,0,1,1,0,0,0,0.058489627342061666,Low
0,1,0,0.590840056424512,1,1,-0.2100504565681078,0.1860750093092772,0.5908400564245119,0,0,-0.2100504565681079,-0.231401610378292,0,1,0,0,1,0,2,1,0,1,0,0,0,0,0,0,0,0,0,1,0,0,0,0,0,1,0,0,0,0,0,0,0,0,0.29082780237176875,Low
1,0,0,-1.1595065416350294,1,0,0.2594965095623849,-0.8694966855372291,-1.1595065416350294,1,0,0.2594965095623848,0.4797586208477388,0,1,0,0,0,0,1,0,1,1,1,0,0,0,1,0,0,0,0,1,0,0,0,0,0,0,0,0,0,0,0,1,0,0,0.8525764365979327,High
0,0,0,0.590840056424512,1,1,1.2865267994379153,1.0668114031720202,0.5908400564245119,0,0,1.2865267994379153,1.1816787763088892,1,0,1,1,1,1,5,0,1,0,1,0,0,0,1,0,0,1,0,0,0,1,0,1,0,1,0,1,1,0,0,1,0,0,0.3637767381491587,Medium
0,1,0,-0.3453918448631497,0,0,-1.188964626239453,-0.7070352218925099,-0.3453918448631498,0,0,-1.188964626239453,-1.200160487142278,0,0,1,0,0,0,1,1,0,1,1,1,1,0,0,0,0,0,0,0,0,1,0,0,0,0,0,0,0,0,0,1,0,0,0.5183304136723665,Medium
0,0,0,-1.281623746150811,1,1,-0.4804962356468015,-0.9867848671232752,-1.2816237461508115,1,0,-0.4804962356468015,-0.4793876437633853,0,0,1,0,0,0,1,0,0,1,0,0,0,0,0,0,0,0,0,0,0,1,0,0,0,0,0,0,0,0,0,0,1,1,0.7002260163020029,High
0,0,0,-1.281623746150811,0,1,-0.6729607164635407,-0.9893298407603832,-1.2816237461508115,1,0,-0.6729607164635409,-0.6712996173638863,0,1,0,1,0,1,3,0,0,1,0,1,1,0,0,0,0,0,0,1,0,0,0,1,0,0,0,1,0,0,0,0,1,1,0.771350320900737,High
0,1,1,-1.281623746150811,1,0,-1.5158224083161569,-1.0004750701366856,-1.2816237461508115,1,0,-1.5158224083161569,-1.5117417086488385,0,0,0,0,0,0,0,1,0,1,1,0,0,0,0,1,1,0,1,0,1,0,1,0,1,0,1,0,0,0,0,1,0,0,0.46646596333694335,Medium
0,0,0,0.631545791263106,1,1,1.4325343366092342,1.21461732897546,0.631545791263106,0,1,1.4325343366092338,1.3444999113762888,0,1,1,0,1,1,4,0,1,0,0,1,0,1,1,0,0,0,0,1,0,1,0,0,0,1,0,1,0,1,0,0,0,0,0.3230480768223194,Medium
0,0,0,-0.2232746403473677,1,0,-1.4876164068171518,-0.7620593070810252,-0.2232746403473678,0,0,-1.4876164068171518,-1.4592293965876544,0,0,0,0,0,0,0,0,0,0,0,1,0,0,0,1,1,0,1,0,1,0,1,0,1,0,1,0,1,0,0,0,0,0,0.07794869881767645,Low
0,1,0,1.1200146093262338,1,0,-0.168571042598983,0.5195762529100033,1.1200146093262338,0,1,-0.1685710425989831,-0.2276686197692801,1,1,0,1,0,0,3,1,0,0,0,0,0,0,0,0,0,1,0,1,0,0,0,1,0,0,0,0,0,1,0,0,0,0,0.020563479269007177,Low
0,0,0,-0.2639803751859618,1,1,-0.2946684610651225,-0.3273953614052414,-0.2639803751859618,0,0,-0.2946684610651228,-0.1720485083222647,0,1,1,0,0,0,2,0,0,0,0,0,0,0,0,0,0,0,0,1,0,1,0,0,0,0,0,0,1,0,0,0,1,0,0.1984158766648386,Low
1,0,0,0.7536629957788878,1,0,-1.5042081724048018,-0.5842183044741251,0.753662995778888,0,1,-1.5042081724048018,-1.520727445073338,0,0,0,0,0,0,0,0,0,0,0,0,0,0,0,1,1,0,1,0,1,0,1,0,1,0,1,0,0,1,1,0,0,0,0.027026527685388442,Low
0,0,0,-1.1595065416350294,1,1,0.4668935794080089,-0.8759029984858122,-1.1595065416350294,1,0,0.4668935794080088,0.3589864305646648,0,0,0,0,1,0,1,0,1,1,1,0,0,0,1,0,0,0,0,0,0,0,0,0,0,1,0,0,0,0,0,1,0,1,0.9101277433163116,High
1,0,0,-0.2639803751859618,1,1,0.0371668506878758,-0.2838675364395259,-0.2639803751859618,0,0,0.0371668506878755,-0.0458040270147733,0,0,0,1,0,1,2,0,0,1,1,0,0,1,0,0,0,0,0,0,0,0,0,1,0,0,0,1,0,0,0,1,0,0,0.5795547434074576,Medium
0,0,0,0.346605647392948,1,1,1.3794406867287543,0.8701463714216804,0.3466056473929479,0,0,1.3794406867287543,1.30733865544952,1,1,1,1,1,0,5,0,1,1,1,0,0,1,1,0,0,1,0,1,0,1,0,1,0,1,0,0,0,0,0,1,0,0,0.5362898540696142,Medium
0,1,0,1.4456604880349857,1,0,1.6581823486012734,2.4327382451783106,1.445660488034986,0,1,1.6581823486012737,1.6679195162273106,1,1,1,1,1,1,6,1,1,0,0,0,0,1,1,0,0,1,0,1,0,1,0,1,0,1,0,1,0,1,0,0,0,0,0.10213496542113956,Low
0,1,1,0.5094285867473239,1,0,-0.3411254047105422,0.1116125909959513,0.509428586747324,0,0,-0.3411254047105425,-0.2709682992535694,1,0,0,1,0,0,2,1,0,0,0,1,0,0,0,0,0,1,0,0,0,0,0,1,0,0,0,0,0,1,0,0,0,0,0.023038788487400083,Low
0,1,1,-0.4268033145403377,1,1,0.1516500332426604,-0.3515287321019587,-0.4268033145403377,0,0,0.1516500332426602,0.1046203448657254,0,1,0,0,1,1,3,1,0,0,0,0,0,0,0,0,0,0,0,1,0,0,0,0,0,1,0,1,1,0,0,0,0,1,0.29902971693787495,Low
0,0,0,-0.8338606629262776,1,1,0.4984179340245439,-0.5510897683359042,-0.8338606629262776,0,0,0.4984179340245439,0.7283342590673533,0,0,0,0,0,1,1,0,1,1,0,1,0,0,1,0,0,0,0,0,0,0,0,0,0,0,0,1,0,0,0,0,0,0,0.7527442829278265,High
0,0,0,-1.281623746150811,1,0,-0.6961891882862504,-0.989636992751069,-1.2816237461508115,1,0,-0.6961891882862504,-0.694461407281188,0,0,0,0,0,0,0,0,0,1,0,0,0,0,0,0,0,0,0,0,0,0,0,0,0,0,0,0,0,0,1,0,0,0,0.6288486981678707,High
0,0,0,-1.0373893371192475,1,1,0.9679649001550364,-0.7011993340694855,-1.0373893371192475,0,0,0.967964900155036,1.1662811643404174,0,0,0,0,1,1,2,0,1,1,1,1,0,1,1,0,0,0,0,0,0,0,0,0,0,1,0,1,0,0,0,1,0,0,0.9042735850501645,High
0,0,0,-1.281623746150811,1,1,-1.4842980536996218,-1.0000582210064697,-1.2816237461508115,1,0,-1.484298053699622,-1.480307850903929,0,0,0,0,0,0,0,0,0,1,0,0,0,0,0,1,1,0,1,0,1,0,1,0,1,0,1,0,0,0,0,0,0,1,0.4982527142534708,Medium
0,0,0,-0.7931549280876836,0,1,-1.3615189883510124,-0.8769341515973993,-0.7931549280876837,0,0,-1.3615189883510126,-1.3830792382840464,0,0,0,0,0,0,0,0,0,1,1,0,1,0,0,0,0,0,0,0,0,0,0,0,0,0,0,0,0,0,0,1,0,1,0.656468084274227,High
0,0,0,0.7536629957788878,1,0,-1.4760021709057969,-0.5514188597544958,0.753662995778888,0,1,-1.476002170905797,-1.4722304199663825,0,0,0,0,0,0,0,0,0,0,0,1,0,0,0,1,1,0,1,0,1,0,1,0,1,0,1,0,0,1,0,0,1,0,0.023638157632006846,Low
0,1,1,-1.1595065416350294,1,0,-0.6679831867872458,-0.9344812709951168,-1.1595065416350294,1,0,-0.6679831867872461,-0.7453346244209761,0,0,0,0,0,0,0,1,0,1,1,1,0,0,0,0,0,0,0,0,0,0,0,0,0,0,0,0,0,0,0,1,0,0,0.6570538498714372,High
0,0,0,-0.2639803751859618,1,1,0.642766294637098,-0.0077817756690807,-0.2639803751859618,0,0,0.6427662946370977,0.7549321386976614,0,0,1,1,0,0,2,0,1,1,0,1,0,1,1,0,0,0,0,0,0,1,0,1,0,0,0,0,0,0,0,0,1,0,0.6117373516210823,High
0,0,0,-0.3453918448631497,1,1,0.7970697146022425,-0.0994227660328879,-0.3453918448631498,0,0,0.7970697146022425,0.7089638335710381,0,0,1,0,1,0,2,0,1,1,0,0,0,1,1,0,0,0,0,0,0,1,0,0,0,1,0,0,0,0,1,0,0,0,0.7394063555573165,High
1,1,0,1.1607203441648275,1,1,0.9712832532725666,1.5779342551005853,1.1607203441648275,0,1,0.9712832532725666,1.0491820046430915,1,1,1,1,0,0,4,1,1,1,0,0,0,1,1,0,0,1,0,1,0,1,0,1,0,0,0,0,0,0,1,0,0,0,0.37235996575619396,Medium
0,0,0,1.6084834273893616,1,1,1.6581823486012734,2.7193329919157807,1.6084834273893618,0,1,1.6581823486012737,1.7560467747828714,1,1,1,1,1,1,6,0,1,0,1,0,0,1,1,0,0,1,0,1,0,1,0,1,0,1,0,1,0,1,0,1,0,0,0.17167455221368125,Low
0,0,0,0.9164859351332638,1,1,0.6411071180783331,1.00505191361633,0.9164859351332636,0,1,0.641107118078333,0.6125854699741358,1,0,1,0,0,0,2,0,1,0,0,0,0,1,1,0,0,1,0,0,0,1,0,0,0,0,0,0,1,0,1,0,0,0,0.29219093003743424,Low
0,0,0,-0.8338606629262776,1,0,0.5564891135813186,-0.6321778938768743,-0.8338606629262776,0,0,0.5564891135813186,0.2187748808867127,1,0,1,0,0,0,2,0,1,1,0,1,0,0,1,0,0,1,0,0,0,1,0,0,0,0,0,0,0,0,0,0,0,1,0.4972532434056049,Medium
0,1,1,1.2828375486806096,1,0,0.9447364283323268,1.5458368720739517,1.2828375486806096,0,1,0.9447364283323272,0.8614628506679163,1,0,1,0,0,1,3,1,1,0,0,1,0,1,1,0,0,1,0,0,0,1,0,0,0,0,0,1,0,1,0,0,0,0,0.10638537919911681,Low
1,0,0,0.183782708038572,1,1,1.0492645515345211,0.562072924764132,0.1837827080385721,0,0,1.0492645515345207,1.0530911705912207,0,0,0,0,1,1,2,0,1,1,1,0,0,1,1,0,0,0,0,0,0,0,0,0,0,1,0,1,0,0,0,1,0,1,0.8199384450438202,High
0,1,0,1.6084834273893616,1,1,0.7887738318084175,1.756192106837701,1.6084834273893618,0,1,0.7887738318084175,0.7473140591384755,1,1,1,1,1,1,6,1,1,0,0,1,0,1,0,0,0,1,0,1,0,1,0,1,0,1,0,1,0,1,1,0,0,0,0.053823686705024784,Low
0,0,0,-0.8745663977648716,1,0,-1.5075265255223318,-0.9094045048984368,-0.8745663977648717,0,0,-1.5075265255223318,-1.4664709374468394,0,0,0,0,0,0,0,0,0,0,0,1,0,0,0,1,1,0,1,0,1,0,1,0,1,0,1,0,1,0,0,0,1,0,0.11816335189831792,Low
1,1,0,0.7943687306174818,1,1,1.465717867784534,1.4693340869653575,0.7943687306174818,0,1,1.4657178677845335,1.4451725676205505,1,1,1,0,1,1,5,1,1,1,1,0,0,1,1,0,0,1,0,1,0,1,0,0,0,1,0,1,0,0,0,1,0,0,0.7292617748598381,High
0,1,1,1.0386031396490458,1,1,-0.6912116586099555,0.0498969802960736,1.0386031396490456,0,1,-0.6912116586099556,-0.7720762230016046,0,0,0,0,0,0,0,1,0,0,0,0,0,0,0,0,0,0,0,0,0,0,0,0,0,0,0,0,1,0,0,0,1,0,0.11488542675377438,Low
0,0,0,-1.1595065416350294,1,0,-0.3228744625641272,-0.912103054530888,-1.1595065416350294,1,0,-0.3228744625641272,-0.3234591652129783,1,1,0,0,0,0,2,0,0,1,1,0,0,0,0,0,0,1,0,1,0,0,0,0,0,0,0,0,0,0,0,1,0,0,0.5725994039170051,Medium
0,1,1,0.224488442877166,1,0,-1.480979700582092,-0.6801155438517171,0.224488442877166,0,0,-1.480979700582092,-1.4961989285727544,0,0,0,0,0,0,0,1,0,0,0,0,0,0,0,1,1,0,1,0,1,0,1,0,1,0,1,0,1,0,0,0,1,0,0.047599101099848364,Low
0,0,1,-1.2002122764736234,1,0,-1.462728758435677,-0.9823092238304292,-1.2002122764736236,1,0,-1.462728758435677,-1.4797563797154216,0,0,0,0,0,0,0,1,0,1,0,1,0,0,0,1,1,0,1,0,1,0,1,0,1,0,1,0,0,0,0,0,1,0,0.351942112006989,Medium
0,0,0,1.2014260790034217,1,1,0.9082345440394968,1.5059729315685555,1.201426079003422,0,1,0.9082345440394964,0.9100795944668264,1,1,0,0,0,1,3,0,1,0,0,1,0,1,1,0,0,1,0,1,0,0,0,0,0,0,0,1,1,0,0,0,0,0,0.3049119887755878,Medium
0,0,0,-0.9966836022806536,1,0,-0.3543988171806622,-0.812454172981352,-0.9966836022806536,0,0,-0.3543988171806623,-0.2967817464689432,1,0,0,1,0,0,2,0,0,0,0,0,0,0,0,0,0,1,0,0,0,0,0,1,0,0,0,0,1,0,0,0,0,0,0.14791319898063257,Low
0,1,1,-0.6710377235719016,1,0,-1.4992306427285067,-0.8714054157650604,-0.6710377235719017,0,0,-1.499230642728507,-1.500574417081568,0,0,0,0,0,0,0,1,0,1,1,1,0,0,0,1,1,0,1,0,1,0,1,0,1,0,1,0,0,0,0,1,0,0,0.22630726926145353,Low
0,0,0,-0.9966836022806536,1,0,-0.7094626007563706,-0.8617520674863735,-0.9966836022806536,0,0,-0.7094626007563709,-0.7614651566848114,0,0,0,0,0,0,0,0,0,1,0,1,0,0,0,0,0,0,0,0,0,0,0,0,0,0,0,0,0,0,0,0,1,0,0.4166409233767626,Medium
0,0,0,-1.281623746150811,1,0,-1.497571466169742,-1.0002337364297182,-1.2816237461508115,1,0,-1.497571466169742,-1.4935431594281017,0,0,0,0,0,0,0,0,0,1,0,1,0,0,0,1,1,0,1,0,1,0,1,0,1,0,1,0,0,0,0,0,1,1,0.4234787600848741,Medium
0,1,1,0.7943687306174818,0,0,-0.4887921184406264,0.111744227563388,0.7943687306174818,0,1,-0.4887921184406264,-0.5235477597046148,0,1,1,1,1,0,4,1,0,0,0,1,1,0,0,0,0,0,0,1,0,1,0,1,0,1,0,0,0,1,0,0,1,0,0.06116265379600796,Low
0,1,0,1.6084834273893616,1,1,-1.2918335728828827,-0.2296332706556305,1.6084834273893618,0,1,-1.291833572882883,-1.3325135723840027,0,0,0,0,0,0,0,1,0,0,0,0,0,1,0,1,1,0,1,0,1,0,1,0,1,0,1,0,0,1,0,0,1,0,0.02525544277233074,Low
1,0,0,-0.6710377235719016,1,0,0.1566275629189556,-0.5511336471917164,-0.6710377235719017,0,0,0.1566275629189554,0.0088711597611648,0,0,0,0,0,0,0,0,0,1,1,1,0,0,1,0,0,0,0,0,0,0,0,0,0,0,0,0,0,0,0,1,0,0,0.7105794217035876,High
0,0,0,-0.5896262538947137,1,1,0.8186390098661871,-0.2923800344670953,-0.5896262538947137,0,0,0.8186390098661867,0.8531505713994799,0,0,1,0,1,0,2,0,1,0,0,1,0,1,1,0,0,0,0,0,0,1,0,0,0,1,0,0,1,0,1,0,0,0,0.6254489313854108,High
0,0,0,-1.281623746150811,1,0,-1.4826388771408567,-1.0000362815785633,-1.2816237461508115,1,0,-1.482638877140857,-1.4786534373384077,0,0,0,0,0,0,0,0,0,1,0,1,0,0,0,1,1,0,1,0,1,0,1,0,1,0,1,0,0,0,0,0,1,1,0.42163375578689516,Medium
0,1,1,1.6084834273893616,1,1,0.3474328671769296,1.395749245768276,1.6084834273893618,0,1,0.3474328671769295,0.3698090526391184,0,1,1,0,1,1,4,1,1,0,0,1,0,0,0,0,0,0,0,1,0,1,0,0,0,1,0,1,0,1,0,0,0,0,0.05794770740366988,Low
0,1,0,0.6722515261016999,1,0,-1.4677062881119718,-0.5560700184705905,0.6722515261016998,0,1,-1.467706288111972,-1.4517776577842203,0,0,0,0,0,0,0,1,0,0,0,0,0,0,0,1,1,0,1,0,1,0,1,0,1,0,1,0,1,0,1,0,0,0,0.05662358096037429,Low
0,0,0,-1.281623746150811,1,0,-0.6945300117274855,-0.9896150533231628,-1.2816237461508115,1,0,-0.6945300117274857,-0.6928069937156666,0,0,0,0,0,0,0,0,0,1,1,1,0,0,0,0,0,0,0,0,0,0,0,0,0,0,0,0,0,0,0,1,0,0,0.7173998115402292,High
0,1,0,0.7536629957788878,1,1,0.9480547814498568,1.0180839337925571,0.753662995778888,0,1,0.9480547814498566,0.8484252202352123,1,1,1,0,1,0,4,1,1,0,1,0,0,0,1,0,0,1,0,1,0,1,0,0,0,1,0,0,1,0,0,1,0,0,0.37113344979655305,Medium
1,1,0,1.6084834273893616,1,1,1.0724930233572312,2.1210009140604416,1.6084834273893618,0,1,1.072493023357231,1.1293916809092048,0,1,0,0,1,1,3,1,1,0,0,1,0,1,1,0,0,0,0,1,0,0,0,0,0,1,0,1,1,0,1,0,0,0,0.4467180135650884,Medium
1,1,0,1.6084834273893616,1,0,0.412140752968764,1.3588910068860172,1.6084834273893618,0,1,0.4121407529687638,0.3312060694436156,0,1,1,1,1,0,4,1,1,0,0,1,0,1,0,0,0,0,0,1,0,1,0,1,0,1,0,0,0,1,1,0,0,0,0.043112052695427436,Low
0,0,0,-0.6710377235719016,1,0,-1.5224591145512167,-0.8655914673699422,-0.6710377235719017,0,0,-1.5224591145512167,-1.4731731924026172,0,0,0,0,0,0,0,0,0,0,0,0,0,0,0,1,1,0,1,0,1,0,1,0,1,0,1,0,1,0,0,0,1,0,0.10192115226244529,Low
0,1,1,-0.6710377235719016,1,0,0.6626764133422782,-0.3953856484862658,-0.6710377235719017,0,0,0.662676413342278,0.7429137786135119,1,1,0,1,1,1,5,1,1,1,1,1,0,1,0,0,0,1,0,1,0,0,0,1,0,1,0,1,0,0,0,1,0,0,0.42983693221619235,Medium
0,0,0,-1.281623746150811,1,0,-1.5025489958460367,-1.0002995547134366,-1.2816237461508115,1,0,-1.502548995846037,-1.4985064001246662,0,0,0,0,0,0,0,0,0,1,0,1,0,0,0,1,1,0,1,0,1,0,1,0,1,0,1,0,0,0,0,0,0,0,0.42361382232520917,Medium
0,1,0,-0.9152721326034656,1,1,0.6859048851649877,-0.6518136818528396,-0.9152721326034656,0,0,0.6859048851649873,0.5441980292248038,0,0,0,0,1,0,1,1,1,1,1,1,0,1,1,0,0,0,0,0,0,0,0,0,0,1,0,0,0,0,0,1,0,1,0.8595183619027603,High
0,1,0,0.9978974048104516,1,1,1.1886353824707805,1.617227770480422,0.997897404810452,0,1,1.1886353824707805,1.3255775562206362,0,0,1,0,1,1,3,1,1,0,0,0,0,1,1,0,0,0,0,0,0,1,0,0,0,1,0,1,1,0,1,0,0,0,0.5234320968323676,Medium
0,1,1,-0.0197459661543978,1,1,0.858459247276547,0.3179090315970716,-0.0197459661543979,0,0,0.8584592472765467,0.977995606189341,1,1,0,0,0,1,3,1,1,0,1,1,0,0,1,0,0,1,0,1,0,0,0,0,0,0,0,1,1,0,0,1,0,0,0.38486371654016316,Medium
0,0,0,1.6084834273893616,1,1,1.2068863246171952,2.1772316677837926,1.6084834273893618,0,1,1.206886324617195,1.1882842082485343,1,1,1,0,1,0,4,0,1,0,0,0,0,1,1,0,0,1,0,1,0,1,0,0,0,1,0,0,0,1,0,0,0,0,0.11473925776251577,Low
1,1,0,1.0386031396490458,1,1,1.090743965503646,1.3863372311965565,1.0386031396490456,0,1,1.0907439655036455,0.9654858863733228,0,1,0,0,1,1,3,1,1,0,0,0,0,1,1,0,0,0,0,1,0,0,0,0,0,1,0,1,1,0,0,0,0,0,0.5174423287790925,Medium
0,0,0,-0.3860975797017437,1,1,0.2926800407376848,-0.2381457686831999,-0.3860975797017437,0,0,0.2926800407376846,0.3783898244472491,0,0,0,1,1,1,3,0,1,0,0,0,0,1,0,0,0,0,0,0,0,0,0,1,0,1,0,1,1,0,0,0,1,0,0.36104397015791667,Medium
1,0,0,-0.3046861100245557,1,1,0.8153206567486573,-0.0452762579606167,-0.3046861100245557,0,0,0.8153206567486572,0.7579813501614997,0,1,0,0,1,0,2,0,1,1,1,1,0,1,1,0,0,0,0,1,0,0,0,0,0,1,0,0,0,0,0,1,0,1,0.8062418227403414,High
0,1,1,-0.0197459661543978,1,1,-1.5091857020810966,-0.7129369279992526,-0.0197459661543979,0,0,-1.5091857020810968,-1.451200512235534,0,0,0,0,0,0,0,1,0,1,0,1,0,0,0,1,1,0,1,0,1,0,1,0,1,0,1,0,0,0,1,0,0,0,0.15607749900177728,Low
0,0,0,1.4863662228735797,1,0,1.296481858790505,2.0751036308808666,1.4863662228735797,0,1,1.296481858790505,1.2217571107321092,0,0,1,1,1,1,4,0,1,0,1,0,0,1,1,0,0,0,0,0,0,1,0,1,0,1,0,1,0,1,0,1,0,0,0.20214029205381176,Low
0,1,1,1.6084834273893616,1,1,1.478991280254654,2.437718495312996,1.6084834273893618,0,1,1.478991280254654,1.4611016007962772,1,1,1,1,1,1,6,1,1,0,0,0,0,0,1,0,0,1,0,1,0,1,0,1,0,1,0,1,0,1,1,0,0,0,0.07874256067737098,Low
0,0,0,0.7129572609402939,0,1,-0.9799083798350644,-0.2415244405807402,0.7129572609402941,0,1,-0.9799083798350644,-0.9913293774783768,1,0,0,1,0,0,2,0,0,0,0,1,1,0,0,0,0,1,0,0,0,0,0,1,0,0,0,0,1,0,0,0,1,0,0.1369343130263648,Low
0,1,1,-0.1825689055087738,1,0,1.3661672742586346,0.2404847905164215,-0.1825689055087737,0,0,1.366167274258634,1.216149916101139,1,1,0,0,1,1,4,1,1,0,1,1,0,1,1,0,0,1,0,1,0,0,0,0,0,1,0,1,1,0,0,1,0,1,0.4665248527604882,Medium
0,1,0,-0.9152721326034656,1,0,-1.4876164068171518,-0.9280091397628154,-0.9152721326034656,0,0,-1.4876164068171518,-1.538543208410288,0,0,0,0,0,0,0,1,0,0,0,0,0,0,0,1,1,0,1,0,1,0,1,0,1,0,1,0,1,0,0,0,1,0,0.11876848129998749,Low
0,1,1,1.0386031396490458,1,1,0.9878750188602166,1.373853696717982,1.0386031396490456,0,1,0.9878750188602166,0.94925551880812,0,1,0,1,1,0,3,1,1,0,0,1,0,1,1,0,0,0,0,1,0,0,0,1,0,1,0,0,1,0,1,0,0,0,0.29155939116026003,Low
1,1,0,-1.0373893371192475,1,1,0.3474328671769296,-0.7750255089735342,-1.0373893371192475,0,0,0.3474328671769295,0.370980928914696,0,0,0,0,0,0,0,1,1,1,1,1,0,1,1,0,0,0,0,0,0,0,0,0,0,0,0,0,0,0,0,1,0,0,0.8555246026519303,High
0,0,1,-1.1595065416350294,1,0,-0.5169981199396313,-0.9125418430890102,-1.1595065416350294,1,0,-0.5169981199396314,-0.3317312330405861,1,0,0,0,0,0,1,1,0,1,1,1,0,0,0,0,0,1,0,0,0,0,0,0,0,0,0,0,0,0,0,1,0,1,0.5703952758316344,Medium
0,1,1,0.0616655035227901,1,1,-0.1370466879824483,-0.1128935747672373,0.0616655035227902,0,0,-0.1370466879824486,-0.1613996246256384,1,1,1,0,0,0,3,1,0,0,0,0,0,0,0,0,0,1,0,1,0,1,0,0,0,0,0,0,1,0,0,0,1,0,0.10321281437634944,Low
0,1,1,1.5270719577121736,1,1,1.6664782313950983,2.6110838546270503,1.5270719577121736,0,1,1.6664782313950983,1.7509981873547518,1,1,1,1,1,1,6,1,1,0,0,0,0,1,1,0,0,1,0,1,0,1,0,1,0,1,0,1,0,1,1,0,0,0,0.11164235921901426,Low
1,1,1,1.5677776925507676,1,1,0.26447403923868,1.246297862871878,1.5677776925507678,0,1,0.2644740392386799,0.2465503875078635,0,1,1,1,0,1,4,1,1,0,0,1,0,1,0,0,0,0,0,1,0,1,0,1,0,0,0,1,1,0,0,0,0,0,0.11971610624100912,Low
0,0,0,-0.4675090493789317,1,0,1.29150432911421,-0.0370050936400146,-0.4675090493789317,0,0,1.2915043291142094,1.3413338758922704,1,0,1,0,1,1,4,0,1,1,0,1,0,1,1,0,0,1,0,0,0,1,0,0,0,1,0,1,0,0,0,0,1,0,0.6886700265600315,High
0,0,0,0.9571916699718578,1,1,-0.1552976301288631,0.4315113892948916,0.957191669971858,0,1,-0.1552976301288632,-0.2090387412975319,1,0,1,1,0,0,3,0,0,0,0,0,0,0,0,0,0,1,0,0,0,1,0,1,0,0,0,0,1,0,1,0,0,0,0.07970529383079605,Low
0,0,1,1.5677776925507676,1,1,0.3972081639398794,1.4143758200605605,1.5677776925507678,0,1,0.3972081639398793,0.4250639413875913,1,1,1,1,1,0,5,1,1,0,0,1,0,0,0,0,0,1,0,1,0,1,0,1,0,1,0,0,0,1,1,0,0,0,0.02195333960983362,Low
0,1,1,-0.7524491932490895,1,1,0.7406577116042327,-0.4566624706280215,-0.7524491932490897,0,0,0.7406577116042324,0.8259446594331249,0,0,1,0,0,1,2,1,1,1,1,0,0,1,1,0,0,0,0,0,0,1,0,0,0,0,0,1,0,0,0,1,0,1,0.8288831714960051,High
0,1,1,0.346605647392948,1,0,-1.5075265255223318,-0.6586807227874509,0.3466056473929479,0,0,-1.5075265255223318,-1.5045187811310736,0,0,0,0,0,0,0,1,0,0,0,1,0,0,0,1,1,0,1,0,1,0,1,0,1,0,1,0,1,0,0,0,0,0,0.04602640214909096,Low
0,0,0,-1.2002122764736234,1,0,0.3142493360016298,-0.9142311790377804,-1.2002122764736236,1,0,0.3142493360016297,0.2314587182223782,0,0,0,0,0,0,0,0,1,1,0,0,0,1,1,0,0,0,0,0,0,0,0,0,0,0,0,0,0,0,0,0,0,1,0.8373606345788054,High
0,1,1,1.0386031396490458,1,0,-1.474342994347032,-0.4861490617338287,1.0386031396490456,0,1,-1.474342994347032,-1.4690121996634713,0,0,0,0,0,0,0,1,0,0,0,0,0,0,0,1,1,0,1,0,1,0,1,0,1,0,1,0,0,1,1,0,0,0,0.015948479023080237,Low
0,1,1,1.6084834273893616,0,0,0.0255526147765211,0.9986894795235592,1.6084834273893618,0,1,0.0255526147765211,-0.0460461794276755,1,1,1,1,1,1,6,1,0,0,0,0,1,0,0,0,0,1,0,1,0,1,0,1,0,1,0,1,0,1,0,0,0,0,0.03406731510369013,Low
0,0,0,-0.7931549280876836,1,0,0.8120023036311275,-0.5120595260909406,-0.7931549280876837,0,0,0.8120023036311277,0.7334247623458809,0,1,1,1,0,0,3,0,1,1,1,0,0,1,1,0,0,0,0,1,0,1,0,1,0,0,0,0,0,0,0,1,0,1,0.6507896009259323,High
0,1,1,0.428017117070136,1,1,0.4718711090843041,0.5560615215178586,0.428017117070136,0,0,0.4718711090843039,0.5957888001552191,1,0,1,1,1,1,5,1,1,0,0,1,0,0,0,0,0,1,0,0,0,1,0,1,0,1,0,1,0,1,1,0,0,0,0.05992859388572729,Low
0,0,0,0.346605647392948,0,1,-0.4506310575890316,-0.0983916129213009,0.3466056473929479,0,0,-0.4506310575890317,-0.474020887563035,0,0,1,0,1,1,3,0,0,0,1,1,1,0,0,0,0,0,0,0,0,1,0,0,0,1,0,1,1,0,0,1,0,0,0.44363139201865565,Medium
0,0,0,-1.2409180113122174,1,0,0.1682417988303103,-0.9417651610599442,-1.2409180113122176,1,0,0.1682417988303102,0.3833890306561082,0,0,0,0,0,0,0,0,0,1,0,0,0,0,1,0,0,0,0,0,0,0,0,0,0,0,0,0,0,0,0,0,0,1,0.8098167544934953,High
0,0,0,-1.281623746150811,1,0,-1.480979700582092,-1.000014342150657,-1.2816237461508115,1,0,-1.480979700582092,-1.4769990237728858,0,0,0,0,0,0,0,0,0,1,0,0,0,0,0,1,1,0,1,0,1,0,1,0,1,0,1,0,0,0,1,0,0,0,0.4141327643418878,Medium
0,0,0,-1.1595065416350294,1,1,0.4967587574657789,-0.8666226204815293,-1.1595065416350294,1,0,0.4967587574657788,0.53394066511857,0,0,0,0,0,1,1,0,1,1,1,1,0,0,1,0,0,0,0,0,0,0,0,0,0,0,0,1,0,0,0,1,0,1,0.9151297055226533,High
0,0,0,-1.281623746150811,1,1,-1.494253113052212,-1.000189857573906,-1.2816237461508115,1,0,-1.494253113052212,-1.4902343322970584,0,0,0,0,0,0,0,0,0,1,0,1,0,0,0,1,1,0,1,0,1,0,1,0,1,0,1,0,0,0,0,0,1,0,0.5087525252826024,Medium
0,1,0,1.6084834273893616,1,1,1.6316355236610331,2.5392980465182697,1.6084834273893618,0,1,1.6316355236610327,1.5674895842457883,1,1,1,1,1,1,6,1,1,0,0,1,0,1,1,0,0,1,0,1,0,1,0,1,0,1,0,1,0,1,1,0,0,0,0.131149304805977,Low
0,1,1,1.4863662228735797,1,1,-0.0258818585451935,0.8577286552268244,1.4863662228735797,0,1,-0.0258818585451936,-0.108679120045576,1,0,1,1,0,0,3,1,0,0,0,0,0,1,0,0,0,1,0,0,0,1,0,1,0,0,0,0,0,1,1,0,0,0,0.02973503807798899,Low
0,1,1,-0.2232746403473677,0,1,-0.6331404790531808,-0.4620156910371114,-0.2232746403473678,0,0,-0.6331404790531808,-0.6212382883627339,0,1,1,0,0,1,3,1,0,0,0,1,1,0,0,0,0,0,0,1,0,1,0,0,0,0,0,1,1,0,1,0,0,0,0.30634317277303,Medium
0,0,1,-0.7524491932490895,1,1,-0.1702302191577481,-0.6469870077134962,-0.7524491932490897,0,0,-0.1702302191577484,-0.1992008892025554,0,0,1,0,1,0,2,1,0,1,0,0,0,0,0,0,0,0,0,0,0,1,0,0,0,1,0,0,0,0,1,0,0,0,0.46901007026637526,Medium
0,0,0,-0.5489205190561197,1,1,-0.6613464805521857,-0.6289966768304888,-0.5489205190561197,0,0,-0.6613464805521859,-0.6408235779990153,0,0,0,0,0,0,0,0,0,1,0,1,0,0,0,0,0,0,0,0,0,0,0,0,0,0,0,0,0,0,0,0,0,0,0.4234915967359083,Medium
0,1,0,-0.5896262538947137,1,1,1.0293544328293414,-0.2430163216783555,-0.5896262538947137,0,0,1.0293544328293414,1.0599522670896748,0,0,1,0,1,1,3,1,1,1,0,0,0,0,1,0,0,0,0,0,0,1,0,0,0,1,0,1,0,0,1,0,0,0,0.7727147661088366,High
0,1,1,-1.1188008067964357,1,1,0.8435266582476619,-0.8182681213764703,-1.1188008067964357,1,0,0.8435266582476615,0.7266798455018318,1,0,1,0,0,1,3,1,1,1,0,1,0,0,1,0,0,1,0,0,0,1,0,0,0,0,0,1,0,0,0,0,1,0,0.8054069718569512,High
0,1,1,-0.1825689055087738,1,0,1.1753619700006603,0.2192474243033103,-0.1825689055087737,0,0,1.17536197000066,1.1589544756931076,0,1,1,0,1,1,4,1,1,0,0,1,0,0,1,0,0,0,0,1,0,1,0,0,0,1,0,1,1,0,0,0,0,0,0.3932706642267974,Medium
0,0,0,-0.1011574358315858,1,0,0.3225452187954548,0.0040655154002168,-0.1011574358315858,0,0,0.3225452187954546,0.3975618402007427,1,1,1,1,1,0,5,0,1,0,0,0,0,0,0,0,0,1,0,1,0,1,0,1,0,1,0,0,1,0,1,0,0,0,0.09583334588431493,Low
1,0,0,1.5677776925507676,1,0,1.29814103534927,2.244059165185794,1.5677776925507678,0,1,1.2981410353492695,1.3062605302232084,0,0,1,0,1,1,3,0,1,0,0,0,0,1,1,0,0,0,0,0,0,1,0,0,0,1,0,1,0,1,0,0,0,0,0.1943843588229029,Low
0,0,0,-1.281623746150811,1,1,-0.364353876533252,-0.9852491071698476,-1.2816237461508115,1,0,-0.364353876533252,-0.3635786941768761,1,0,0,1,0,0,2,0,0,1,1,1,0,0,0,0,0,1,0,0,0,0,0,1,0,0,0,0,0,0,0,1,0,1,0.6514843751241036,High
0,1,1,1.5677776925507676,1,1,1.0708338467984662,2.023238823310831,1.5677776925507678,0,1,1.0708338467984662,1.0717299311108917,1,0,0,0,1,1,3,1,1,0,1,1,0,1,1,0,0,1,0,0,0,0,0,0,0,1,0,1,0,1,0,1,0,0,0.22092999278184988,Low
0,1,1,-0.0197459661543978,1,0,-0.0822938615432033,-0.1113578148138099,-0.0197459661543979,0,0,-0.0822938615432033,-0.0335748882792476,0,1,1,0,0,0,2,1,0,1,0,0,0,1,0,0,0,0,0,1,0,1,0,0,0,0,0,0,0,0,0,0,0,0,0.2566557138300523,Low
1,0,0,1.5270719577121736,1,1,0.3507512202944595,1.2783294276147936,1.5270719577121736,0,1,0.3507512202944593,0.3152744607156344,0,1,1,1,1,0,4,0,1,0,0,0,0,1,0,0,0,0,0,1,0,1,0,1,0,1,0,0,0,1,0,0,0,0,0.06050995868468746,Low
0,0,0,-1.281623746150811,1,1,-0.3212152860053623,-0.9846786820442888,-1.2816237461508115,1,0,-0.3212152860053625,-0.3205639414733156,0,0,0,0,0,1,1,0,0,1,1,1,0,0,0,0,0,0,0,0,0,0,0,0,0,0,0,1,0,0,0,1,0,0,0.8282478811480123,High
0,1,1,-1.281623746150811,1,1,0.2014253300056102,-0.9777677622538652,-1.2816237461508115,1,0,0.20142533000561,0.2005763316659756,0,0,0,0,0,0,0,1,1,1,1,1,0,0,1,0,0,0,0,0,0,0,0,0,0,0,0,0,0,0,0,1,0,1,0.8744857508498189,High
1,0,0,-1.1595065416350294,1,0,-0.5369082386448113,-0.9300056277022712,-1.1595065416350294,1,0,-0.5369082386448114,-0.6609595325793766,0,0,0,0,0,0,0,0,0,1,0,0,0,1,0,0,0,0,0,0,0,0,0,0,0,0,0,0,0,0,0,0,1,0,0.7112563648478513,High
1,1,0,0.428017117070136,1,1,0.9746016063900964,0.7256752386599687,0.428017117070136,0,0,0.974601606390096,0.8932369693423624,0,1,0,1,1,0,3,1,1,1,1,1,0,1,1,0,0,0,0,1,0,0,0,1,0,1,0,0,0,0,0,1,0,0,0.6677880377309503,High
0,1,0,1.6084834273893616,1,0,0.9082345440394968,1.9396934818443765,1.6084834273893618,0,1,0.9082345440394964,0.93950176833323,1,1,1,1,1,1,6,1,1,0,0,1,0,1,0,0,0,1,0,1,0,1,0,1,0,1,0,1,0,1,1,0,0,0,0.03721371900774267,Low
1,1,1,1.6084834273893616,1,1,1.6598415251600385,2.587564787911704,1.6084834273893618,0,1,1.6598415251600385,1.6180411098589476,1,1,1,1,1,1,6,1,1,0,0,1,0,1,1,0,0,1,0,1,0,1,0,1,0,1,0,1,0,1,0,0,0,0,0.12348686964374163,Low
1,1,0,-1.1595065416350294,1,1,0.3142493360016298,-0.8743891779602909,-1.1595065416350294,1,0,0.3142493360016297,0.3875250645699121,0,0,0,0,0,0,0,1,1,1,0,1,0,1,1,0,0,0,0,0,0,0,0,0,0,0,0,0,0,0,0,0,1,1,0.9009787368156904,High
0,0,0,-0.3453918448631497,1,0,-1.3382905165283026,-0.7433449750771163,-0.3453918448631498,0,0,-1.3382905165283026,-1.3142460892647023,0,0,0,0,0,0,0,0,0,0,0,0,0,1,0,1,1,0,1,0,1,0,1,0,1,0,1,0,1,0,0,0,0,0,0.10962879933854097,Low
1,1,0,-1.281623746150811,1,1,1.0011484313303365,-0.967192958003122,-1.2816237461508115,1,0,1.0011484313303358,0.9980036702473672,0,0,0,0,1,1,2,1,1,1,1,1,0,1,1,0,0,0,0,0,0,0,0,0,0,1,0,1,0,0,0,1,0,1,0.9627881586204835,High
0,0,0,-1.281623746150811,1,0,-1.5290958207862766,-1.0006505855599344,-1.2816237461508115,1,0,-1.5290958207862766,-1.524977017173011,0,0,0,0,0,0,0,0,0,1,1,0,0,0,0,1,1,0,1,0,1,0,1,0,1,0,1,0,0,0,0,1,0,0,0.5119034594148184,Medium
1,0,0,-0.7524491932490895,1,1,1.0177401969179862,-0.4502122788236262,-0.7524491932490897,0,0,1.0177401969179858,0.860687344309078,0,0,0,0,1,1,2,0,1,1,1,1,0,1,1,0,0,0,0,0,0,0,0,0,0,1,0,1,0,0,0,1,0,0,0.8952640102703335,High
1,1,0,0.143076973199978,1,1,0.6361295884020379,0.3169217573412968,0.1430769731999781,0,0,0.6361295884020378,0.6285179739475525,0,0,0,0,0,1,1,1,1,1,1,1,0,1,1,0,0,0,0,0,0,0,0,0,0,0,0,1,0,0,0,1,0,1,0.7937254370750166,High
0,1,1,0.305899912554354,1,1,0.5398973479936687,0.435701820024958,0.3058999125543541,0,0,0.5398973479936687,0.5747219595086765,0,0,1,0,0,0,1,1,1,1,1,1,0,1,1,0,0,0,0,0,0,1,0,0,0,0,0,0,0,0,0,1,0,0,0.6296693465357686,High
1,0,0,1.4049547531963915,1,1,1.3313245665245697,2.137938152403956,1.4049547531963915,0,1,1.3313245665245694,1.3930875067898292,1,1,0,1,1,1,5,0,1,0,1,1,0,0,1,0,0,1,0,1,0,0,0,1,0,1,0,1,0,1,0,1,0,0,0.16794563522034242,Low
0,1,1,1.4863662228735797,1,1,0.903257014363202,1.834823016453187,1.4863662228735797,0,1,0.9032570143632024,0.9591609169699044,0,1,0,1,1,0,3,1,1,0,0,1,0,0,1,0,0,0,0,1,0,0,0,1,0,1,0,0,0,1,0,0,1,0,0.08509318181431466,Low
0,0,0,-1.281623746150811,1,0,-1.4710246412295018,-0.9998827055832208,-1.2816237461508115,1,0,-1.4710246412295018,-1.4670725423797564,0,0,0,0,0,0,0,0,0,1,0,1,0,0,0,1,1,0,1,0,1,0,1,0,1,0,1,0,0,0,0,0,1,0,0.4202002607348049,Medium
0,0,1,-0.9152721326034656,0,0,-0.8189682536348599,-0.8283821976411854,-0.9152721326034656,0,0,-0.8189682536348601,-0.7872740083069477,1,1,0,1,0,0,3,1,0,0,0,0,1,0,0,0,0,1,0,1,0,0,0,1,0,0,0,0,1,0,0,0,1,0,0.14777899225766258,Low
0,1,1,0.9164859351332638,1,0,-0.2448931643021727,0.3278037135827257,0.9164859351332636,0,1,-0.2448931643021731,-0.3159616637365011,1,1,0,1,0,0,3,1,0,0,0,1,0,0,0,0,0,1,0,1,0,0,0,1,0,0,0,0,0,1,0,0,0,1,0.020427877245868895,Low
0,1,1,1.4456604880349857,1,1,1.600111169044499,2.4382011627269304,1.445660488034986,0,1,1.600111169044499,1.6739775894304707,1,1,1,1,1,1,6,1,1,0,1,1,0,1,1,0,0,1,0,1,0,1,0,1,0,1,0,1,0,1,0,1,0,1,0.169521075084767,Low
1,1,1,1.3642490183577978,1,1,1.1471559685016557,1.9845596119123643,1.3642490183577978,0,1,1.1471559685016557,1.2715083128747269,0,0,1,0,1,1,3,1,1,1,0,1,0,1,1,0,0,0,0,0,0,1,0,0,0,1,0,1,0,0,1,0,0,1,0.6431922222196715,High
0,0,0,-1.0373893371192475,1,1,0.1649234457127805,-0.7907121999264004,-1.0373893371192475,0,0,0.1649234457127804,0.2019944004364227,0,0,0,0,0,0,0,0,0,1,0,0,0,0,1,0,0,0,0,0,0,0,0,0,0,0,0,0,0,0,0,0,1,0,0.7188630503234624,High
0,1,1,-0.9152721326034656,1,0,-1.4859572302583868,-0.9120372362471698,-0.9152721326034656,0,0,-1.485957230258387,-1.4181019008403184,0,0,0,0,0,0,0,1,0,0,0,0,0,0,0,1,1,0,1,0,1,0,1,0,1,0,1,0,0,1,0,0,1,0,0.045316103215241925,Low
0,0,0,-1.281623746150811,0,0,-1.1873054496806883,-0.9961310634112764,-1.2816237461508115,1,0,-1.1873054496806883,-1.18416782267557,0,0,0,1,0,0,1,0,0,1,0,1,1,0,0,0,0,0,0,0,0,0,0,1,0,0,0,0,0,0,0,0,1,0,0.6692199871694823,High
0,1,1,0.9164859351332638,1,0,-1.5125040551986266,-0.502888845226188,0.9164859351332636,0,1,-1.5125040551986266,-1.4548900424881883,0,0,0,0,0,0,0,1,0,0,0,1,0,0,0,1,1,0,1,0,1,0,1,0,1,0,1,0,0,1,0,0,0,0,0.01827615314394646,Low
0,1,0,0.5094285867473239,1,1,1.420920100697879,1.1335950217182087,0.509428586747324,0,0,1.420920100697879,1.4416070942825483,0,1,1,0,1,1,4,1,1,1,0,1,0,1,1,0,0,0,0,1,0,1,0,0,0,1,0,1,0,0,0,0,0,0,0.6681472290744217,High
0,1,0,-0.9152721326034656,1,1,0.0952380302446506,-0.7223270031430661,-0.9152721326034656,0,0,0.0952380302446503,0.0124695092661742,0,0,1,0,1,1,3,1,0,1,0,0,0,0,0,0,0,0,0,0,0,1,0,0,0,1,0,1,0,0,1,0,0,0,0.6435253824384637,High
0,1,0,1.4863662228735797,1,1,1.6946842328941032,2.5816192029491494,1.4863662228735797,0,1,1.694684232894103,1.7753142989523452,1,1,1,1,1,1,6,1,1,0,1,0,0,1,1,0,0,1,0,1,0,1,0,1,0,1,0,1,0,1,0,1,0,0,0.18526269945658927,Low
1,0,0,-1.281623746150811,1,1,0.667653943018573,-0.9716027830122492,-1.2816237461508115,1,0,0.6676539430185726,0.6654665435775339,0,0,0,0,0,1,1,0,1,1,1,0,0,1,1,0,0,0,0,0,0,0,0,0,0,0,0,1,0,0,0,1,0,1,0.9473199646446652,High
0,0,0,0.0209597686841961,1,0,-1.3017886322354726,-0.6464385220158435,0.0209597686841961,0,0,-1.3017886322354728,-1.320381206236845,0,0,0,0,0,0,0,0,0,0,0,0,0,1,0,1,1,0,1,0,1,0,1,0,1,0,1,0,0,1,1,0,0,0,0.03876447286111151,Low
0,0,0,0.5094285867473239,1,0,0.5548299370225537,0.5789224053960217,0.509428586747324,0,0,0.5548299370225536,0.5121207884266356,1,0,1,1,1,1,5,0,1,0,0,0,0,0,0,0,0,1,0,0,0,1,0,1,0,1,0,1,0,1,0,0,0,0,0.04376076915548408,Low
0,0,0,-1.281623746150811,1,0,-0.6696423633460107,-0.9892859619045712,-1.2816237461508115,1,0,-0.6696423633460108,-0.6679907902328431,0,0,0,0,0,0,0,0,0,1,0,0,0,0,0,0,0,0,0,0,0,0,0,0,0,0,0,0,0,0,0,0,1,0,0.6245344874480299,High
0,0,0,-0.0604517009929918,1,1,0.2030845065643751,-0.0575623375880364,-0.0604517009929917,0,0,0.2030845065643748,0.1655134377128251,0,1,0,1,1,0,3,0,1,1,1,1,0,1,0,0,0,0,0,1,0,0,0,1,0,1,0,0,0,0,0,1,0,0,0.45931475914182424,Medium
0,1,1,0.7129572609402939,1,1,-1.4793205240233267,-0.5969212332317608,0.7129572609402941,0,1,-1.479320524023327,-1.5273262844360518,0,0,0,0,0,0,0,1,0,0,0,1,0,0,0,1,1,0,1,0,1,0,1,0,1,0,1,0,1,0,0,0,1,0,0.0640614518774719,Low
0,0,0,0.9978974048104516,1,1,0.7506127709568226,1.134494538262359,0.997897404810452,0,1,0.7506127709568222,0.6869448951299191,1,1,0,1,0,0,3,0,1,1,0,0,0,1,1,0,0,1,0,1,0,0,0,1,0,0,0,0,0,0,0,0,0,0,0.3477608773153563,Medium
0,0,0,-1.281623746150811,1,1,0.3092718063253347,-0.9763416994399684,-1.2816237461508115,1,0,0.3092718063253345,0.308113213424877,0,0,0,0,0,0,0,0,1,1,0,1,0,1,1,0,0,0,0,0,0,0,0,0,0,0,0,0,0,0,0,0,1,1,0.889698908698534,High
0,0,0,-1.2409180113122174,1,1,0.3607062796470494,-0.938386489162404,-1.2409180113122176,1,0,0.360706279647049,0.5107788752012681,0,0,1,0,0,0,1,0,1,1,1,0,0,0,1,0,0,0,0,0,0,1,0,0,0,0,0,0,0,0,0,1,0,1,0.8893734213093349,High
0,0,0,-1.2002122764736234,1,1,1.3412796258771595,-0.8670833484675574,-1.2002122764736236,1,0,1.341279625877159,1.416570302324322,0,1,1,0,1,1,4,0,1,1,0,1,0,1,1,0,0,0,0,1,0,1,0,0,0,1,0,1,0,0,0,0,0,1,0.9241835518140263,High
1,1,0,1.4049547531963915,1,1,0.9862158423014517,1.6584738949439026,1.4049547531963915,0,1,0.986215842301452,0.8534523715523942,0,0,0,0,1,1,2,1,1,1,0,1,0,1,1,0,0,0,0,0,0,0,0,0,0,1,0,1,0,0,1,0,0,0,0.6708316330646077,High
1,0,0,0.387311382231542,1,1,1.32136950717198,0.8881586417325941,0.387311382231542,0,0,1.3213695071719798,1.2573920828416405,0,1,1,0,1,1,4,0,1,1,0,0,0,1,1,0,0,0,0,1,0,1,0,0,0,1,0,1,0,0,0,0,0,1,0.7106186308898549,High
0,1,0,1.5270719577121736,1,1,-1.2918335728828827,-0.1282950531573241,1.5270719577121736,0,1,-1.291833572882883,-1.2000265584250691,0,0,0,0,0,0,0,1,0,0,0,0,0,1,0,1,1,0,1,0,1,0,1,0,1,0,1,0,0,1,0,0,0,0,0.02723920200759975,Low
0,1,0,1.5677776925507676,1,0,-1.462728758435677,-0.3332970675119841,1.5677776925507678,0,1,-1.462728758435677,-1.4311181743290555,0,0,0,0,0,0,0,1,0,0,1,1,0,0,0,1,1,0,1,0,1,0,1,0,1,0,1,0,1,0,0,1,0,0,0.046452993185221204,Low
0,0,0,-0.9559778674420596,1,1,0.3623654562058142,-0.6909536212373337,-0.9559778674420596,0,0,0.3623654562058141,0.5154663803035792,0,0,0,0,0,0,0,0,1,1,1,1,0,1,1,0,0,0,0,0,0,0,0,0,0,0,0,0,0,0,0,1,0,0,0.8238436247059925,High
0,1,1,1.6084834273893616,0,0,-0.6530505977583607,0.3687865649113329,1.6084834273893618,0,1,-0.6530505977583609,-0.7057665666455855,1,1,1,1,0,0,4,1,0,0,0,1,1,0,0,0,0,1,0,1,0,1,0,1,0,0,0,0,0,1,1,0,0,0,0.01912284287782364,Low
0,1,1,0.8350744654560759,1,1,1.3379612727596295,1.437894886775907,0.835074465456076,0,1,1.3379612727596295,1.3326322253868226,0,1,1,0,1,1,4,1,1,0,1,1,0,1,1,0,0,0,0,1,0,1,0,0,0,1,0,1,1,0,0,1,0,0,0.5594785009384636,Medium
1,0,0,-0.5489205190561197,1,1,1.3296653899658049,-0.1281634165898875,-0.5489205190561197,0,0,1.3296653899658046,1.3469107837760457,1,1,0,1,1,1,5,0,1,1,0,0,0,0,1,0,0,1,0,1,0,0,0,1,0,1,0,1,0,0,0,0,1,0,0.6298041325259007,High
0,0,0,-0.9559778674420596,1,0,0.9779199595076268,-0.6327702584303391,-0.9559778674420596,0,0,0.9779199595076268,1.002966910943932,0,0,0,0,1,1,2,0,1,1,1,0,0,1,1,0,0,0,0,0,0,0,0,0,0,1,0,1,0,0,0,1,0,1,0.8562434351378511,High
0,1,1,1.6084834273893616,1,0,1.3462571555534548,2.330939299693976,1.6084834273893618,0,1,1.3462571555534546,1.3492678393602573,1,1,0,1,1,1,5,1,1,0,0,1,0,0,1,0,0,1,0,1,0,0,0,1,0,1,0,1,0,1,0,0,0,0,0.057188809944585826,Low
0,1,1,-0.5082147842175256,0,1,-0.8471742551338649,-0.6467456740065289,-0.5082147842175256,0,0,-0.8471742551338651,-0.7831379743931438,1,0,1,1,0,0,3,1,0,0,0,1,1,0,0,0,0,1,0,0,0,1,0,1,0,0,0,0,0,1,1,0,0,0,0.09348217738071625,Low
0,1,1,0.428017117070136,1,0,-1.4909347599346818,-0.6500146487645388,0.428017117070136,0,0,-1.490934759934682,-1.5192827565288902,0,0,0,0,0,0,0,1,0,0,0,0,0,0,0,1,1,0,1,0,1,0,1,0,1,0,1,0,1,0,0,0,1,0,0.04175227242706765,Low
0,0,0,0.7129572609402939,1,1,0.4868036981131887,0.7568511657145461,0.7129572609402941,0,1,0.4868036981131885,0.5143854967741049,0,1,0,1,1,1,4,0,1,0,0,0,0,1,0,0,0,0,0,1,0,0,0,1,0,1,0,1,0,1,0,0,1,0,0.11684302692440372,Low
0,1,0,0.9164859351332638,1,1,0.8252757161012472,1.1672939829819884,0.9164859351332636,0,1,0.8252757161012468,0.8350288939201712,1,0,0,0,1,0,2,1,1,1,0,0,0,1,1,0,0,1,0,0,0,0,0,0,0,1,0,0,0,0,0,0,0,0,0.5415914313581485,Medium
0,1,0,-1.2409180113122174,1,1,0.9712832532725666,-0.9354246663950796,-1.2409180113122176,1,0,0.9712832532725666,0.6224517908739734,0,0,0,1,1,1,3,1,1,1,1,1,0,0,1,0,0,0,0,0,0,0,0,1,0,1,0,1,0,0,0,1,0,1,0.9190163710839253,High
0,1,1,-0.9559778674420596,1,0,-1.4793205240233267,-0.9250692564233972,-0.9559778674420596,0,0,-1.479320524023327,-1.446116637216483,0,0,0,0,0,0,0,1,0,0,0,0,0,0,0,1,1,0,1,0,1,0,1,0,1,0,1,0,0,1,0,0,1,0,0.04618107104731794,Low
0,0,0,-0.9152721326034656,0,1,-1.029683676598014,-0.8779653047089863,-0.9152721326034656,0,0,-1.0296836765980142,-1.1611714741148202,0,0,0,0,0,1,1,0,0,1,0,1,1,0,0,0,0,0,0,0,0,0,0,0,0,0,0,1,0,0,0,0,1,1,0.6671994281312855,High
0,0,0,1.5677776925507676,1,0,0.412140752968764,1.4263986265531072,1.5677776925507678,0,1,0.4121407529687638,0.4378332179214761,1,1,1,1,1,0,5,0,1,0,0,0,0,0,0,0,0,1,0,1,0,1,0,1,0,1,0,0,0,1,1,0,0,0,0.01873680736870415,Low
0,1,0,-0.0197459661543978,1,0,0.6377887649608033,0.12576352199539,-0.0197459661543979,0,0,0.6377887649608032,0.525203293475659,0,1,0,0,0,1,2,1,1,1,0,0,0,0,1,0,0,0,0,1,0,0,0,0,0,0,0,1,0,0,0,0,0,1,0.5153997854917858,Medium
1,1,0,-1.2002122764736234,1,1,1.359530568023575,-0.8620811589049651,-1.2002122764736236,1,0,1.359530568023575,1.5423057333039605,0,1,1,0,1,1,4,1,1,1,1,1,0,1,1,0,0,0,0,1,0,1,0,0,0,1,0,1,0,0,0,1,0,1,0.9558889079653056,High
1,1,0,-0.6710377235719016,1,1,0.3109309828840996,-0.4919191312731347,-0.6710377235719017,0,0,0.3109309828840992,0.287950048095083,0,1,0,0,0,0,1,1,1,1,0,1,0,0,1,0,0,0,0,1,0,0,0,0,0,0,0,0,0,0,1,0,0,1,0.6726374577742454,High
0,0,0,-0.3046861100245557,1,0,0.1599459160364854,-0.250102756892028,-0.3046861100245557,0,0,0.1599459160364852,0.140157148253128,0,0,0,0,0,0,0,0,0,1,1,1,0,0,1,0,0,0,0,0,0,0,0,0,0,0,0,0,0,0,0,1,0,0,0.6262089416612079,High
0,0,0,0.224488442877166,1,1,0.1831743878591953,0.1308754086975129,0.224488442877166,0,0,0.1831743878591953,0.1131536358878887,0,0,0,0,0,0,0,0,1,0,0,1,0,0,1,0,0,0,0,0,0,0,0,0,0,0,0,0,1,0,0,0,0,1,0.33511494318899465,Medium
0,0,0,0.305899912554354,1,0,-1.4859572302583868,-0.6557627788759388,0.3058999125543541,0,0,-1.485957230258387,-1.4829135522696253,0,0,0,0,0,0,0,0,0,0,0,0,0,0,0,1,1,0,1,0,1,0,1,0,1,0,1,0,0,1,0,0,1,0,0.023661176278031302,Low
0,1,1,1.1607203441648275,1,1,-1.3515639289984225,-0.3747845256824316,1.1607203441648275,0,1,-1.3515639289984227,-1.3647701166560298,0,0,0,0,0,0,0,1,0,0,0,0,0,1,0,1,1,0,1,0,1,0,1,0,1,0,1,0,0,1,0,0,1,0,0.028605986956783618,Low
0,1,1,-0.3046861100245557,1,0,-1.4892755833759168,-0.7807078208012158,-0.3046861100245557,0,0,-1.4892755833759168,-1.4603225350324285,0,0,0,0,0,0,0,1,0,0,0,0,0,0,0,1,1,0,1,0,1,0,1,0,1,0,1,0,1,0,0,0,1,0,0.06773258051199471,Low
0,0,1,0.631545791263106,1,1,1.0144218438004564,1.0217258788249712,0.631545791263106,0,1,1.0144218438004562,1.0414664932915902,0,1,1,1,1,0,4,1,1,0,0,0,0,0,1,0,0,0,0,1,0,1,0,1,0,1,0,0,0,1,0,0,1,1,0.1327463102630257,Low
0,0,0,-1.2002122764736234,1,1,0.1533092098014253,-0.9113790534099866,-1.2002122764736236,1,0,0.153309209801425,0.3031499727283126,0,0,0,0,0,0,0,0,0,1,0,0,0,0,1,0,0,0,0,0,0,0,0,0,0,0,0,0,0,0,0,0,0,1,0.8539851630360831,High
0,0,0,1.2421318138420157,1,0,1.4375118662855293,1.966108553043329,1.242131813842016,0,1,1.4375118662855293,1.412289835480195,1,1,1,0,1,1,5,0,1,1,0,0,0,1,1,0,0,1,0,1,0,1,0,0,0,1,0,1,0,0,1,0,0,0,0.4526125170653891,Medium
1,0,0,0.183782708038572,1,1,0.3756388686759344,0.2379178774514071,0.1837827080385721,0,0,0.3756388686759342,0.3924435913863274,0,0,0,0,0,0,0,0,1,1,1,0,0,1,1,0,0,0,0,0,0,0,0,0,0,0,0,0,0,0,0,1,0,1,0.7097351001123859,High
0,0,0,-1.281623746150811,1,1,-0.5020655309107466,-0.9870700796860544,-1.2816237461508115,1,0,-0.5020655309107469,-0.5008950201151657,1,0,0,0,0,0,1,0,0,1,0,1,0,0,0,0,0,1,0,0,0,0,0,0,0,0,0,0,0,0,1,0,0,0,0.6303587389237996,High
0,1,1,-0.6303319887333076,1,0,0.5282831120823135,-0.3942447982351483,-0.6303319887333076,0,0,0.5282831120823133,0.5778799430499215,0,0,0,0,1,0,1,1,1,1,1,1,0,0,1,0,0,0,0,0,0,0,0,0,0,1,0,0,0,0,0,1,0,1,0.6844004671510763,High
0,0,0,-1.2002122764736234,1,1,0.1466725035663652,-0.9249595592838666,-1.2002122764736236,1,0,0.1466725035663651,-0.0382106929576361,0,0,0,1,1,1,3,0,0,1,1,1,0,0,0,0,0,0,0,0,0,0,0,1,0,1,0,1,0,0,0,1,0,1,0.8193110975404974,High
0,1,0,-0.4675090493789317,1,1,0.7008374741938728,-0.210809241512191,-0.4675090493789317,0,0,0.7008374741938724,0.7172260536988513,0,0,0,1,1,0,2,1,1,1,1,0,0,0,1,0,0,0,0,0,0,0,0,1,0,1,0,0,0,0,0,1,0,0,0.7090329542580092,High
0,1,1,1.4049547531963915,0,0,-0.9550207314535892,0.0592870554398871,1.4049547531963915,0,1,-0.9550207314535896,-0.9464261240361432,1,1,0,0,0,0,2,1,0,0,0,0,1,0,0,0,0,1,0,1,0,0,0,0,0,0,0,0,0,1,0,0,0,0,0.02727075339602077,Low
0,1,1,0.0616655035227901,1,1,-1.4876164068171518,-0.7096240743854305,0.0616655035227902,0,0,-1.4876164068171518,-1.4848818178203709,0,0,0,0,0,0,0,1,0,0,0,0,0,0,0,1,1,0,1,0,1,0,1,0,1,0,1,0,1,0,0,0,0,0,0.07343361303142397,Low
0,0,0,-0.5896262538947137,1,1,0.8551408941590172,-0.3080667254199615,-0.5896262538947137,0,0,0.8551408941590172,0.7874335881023734,0,0,1,0,0,1,2,0,1,1,0,1,0,1,1,0,0,0,0,0,0,1,0,0,0,0,0,1,0,0,1,0,0,1,0.7745023277099278,High
0,1,1,1.6084834273893616,1,0,0.7887738318084175,1.8437962424667849,1.6084834273893618,0,1,0.7887738318084175,0.8390650781263589,1,1,1,1,1,1,6,1,1,0,0,1,0,1,0,0,0,1,0,1,0,1,0,1,0,1,0,1,0,1,1,0,0,0,0.032109026035381676,Low
0,1,1,-0.5896262538947137,1,0,1.0028076078891015,-0.227900055851048,-0.5896262538947137,0,0,1.0028076078891015,1.1232795419032502,0,0,1,0,1,1,3,1,1,1,0,1,0,0,1,0,0,0,0,0,0,1,0,0,0,1,0,1,0,0,0,0,1,1,0.6734409334358163,High
0,0,0,-1.2002122764736234,1,0,0.3341594547068096,-0.9171710623771988,-1.2002122764736236,1,0,0.3341594547068094,0.1575615789624151,0,0,0,0,0,0,0,0,1,1,0,1,0,1,1,0,0,0,0,0,0,0,0,0,0,0,0,0,0,0,0,0,1,1,0.8393118434254316,High
0,0,0,-1.281623746150811,1,1,-0.4970880012344514,-0.987004261402336,-1.2816237461508115,1,0,-0.4970880012344514,-0.4959317794186009,0,0,0,0,0,0,0,0,0,1,0,0,0,1,0,0,0,0,0,0,0,0,0,0,0,0,0,0,0,0,0,0,0,1,0.7623643038555046,High
0,0,0,-0.9152721326034656,1,1,0.2395863908572052,-0.6604139375920334,-0.9152721326034656,0,0,0.239586390857205,0.4793450174563584,0,0,0,0,1,1,2,0,1,1,0,1,0,1,0,0,0,0,0,0,0,0,0,0,0,1,0,1,0,0,1,0,0,1,0.6905157988346987,High
0,0,0,-0.9152721326034656,1,1,-1.461069581876912,-0.90054097602437,-0.9152721326034656,0,0,-1.4610695818769122,-1.3314106300069886,0,0,0,0,0,0,0,0,0,1,0,0,0,0,0,1,1,0,1,0,1,0,1,0,1,0,1,0,0,0,0,0,1,0,0.27845136345507726,Low
0,1,1,-0.1418631706701798,1,0,-1.4909347599346818,-0.7719539890666793,-0.1418631706701799,0,0,-1.490934759934682,-1.532507451333316,0,0,0,0,0,0,0,1,0,0,1,0,0,0,0,1,1,0,1,0,1,0,1,0,1,0,1,0,1,0,0,1,0,0,0.08560453420090443,Low
1,1,0,0.0616655035227901,1,1,0.9729424298313316,0.4029023753053286,0.0616655035227902,0,0,0.9729424298313314,0.9825786967100048,0,1,1,0,0,1,3,1,1,1,1,0,0,1,1,0,0,0,0,1,0,1,0,0,0,0,0,1,0,0,0,1,0,1,0.7749887727958006,High
1,1,0,-1.0373893371192475,1,1,1.2284556198811405,-0.7013967889206405,-1.0373893371192475,0,0,1.2284556198811405,1.1641540611847472,0,0,1,0,1,1,3,1,1,1,1,1,0,1,1,0,0,0,0,0,0,1,0,0,0,1,0,1,0,0,0,1,0,1,0.9139090007226608,High
0,1,1,1.4863662228735797,1,0,0.7290434756928779,1.70897845798376,1.4863662228735797,0,1,0.7290434756928781,0.8216287979578515,1,0,1,1,1,1,5,1,1,0,0,1,0,1,0,0,0,1,0,0,0,1,0,1,0,1,0,1,0,1,0,0,0,0,0.037685250980792735,Low
0,0,0,0.143076973199978,1,0,-0.3477621109456021,-0.17807561507628,0.1430769731999781,0,0,-0.3477621109456021,-0.4083397723107095,1,0,0,0,0,0,1,0,0,0,0,0,0,1,0,0,0,1,0,0,0,0,0,0,0,0,0,0,1,0,0,0,1,0,0.12781175965852382,Low
0,1,0,1.6084834273893616,1,0,0.697519121076343,1.6904615808310055,1.6084834273893618,0,1,0.697519121076343,0.6784720724398281,0,1,1,1,1,1,5,1,1,0,0,1,0,1,0,0,0,0,0,1,0,1,0,1,0,1,0,1,0,1,0,0,0,0,0.052264006987489,Low
0,0,0,0.387311382231542,1,1,-1.469365464670737,-0.5885184323437221,0.387311382231542,0,0,-1.4693654646707373,-1.393884437505017,0,0,0,0,0,0,0,0,0,0,0,0,0,0,0,1,1,0,1,0,1,0,1,0,1,0,1,0,1,0,0,0,1,0,0.07053381801265143,Low
0,0,0,0.387311382231542,1,1,1.1305642029140055,0.8771889277795407,0.387311382231542,0,0,1.1305642029140055,1.237696683252098,1,1,1,0,0,1,4,0,1,0,1,1,0,1,1,0,0,1,0,1,0,1,0,0,0,0,0,1,1,0,0,1,0,0,0.45100153845340357,Medium
0,0,0,1.4049547531963915,0,0,-0.6978483648450156,0.3500941723353299,1.4049547531963915,0,1,-0.6978483648450158,-0.6191238582004974,1,0,0,1,1,0,3,0,0,0,1,1,1,0,0,0,0,1,0,0,0,0,0,1,0,1,0,0,0,1,0,1,0,0,0.05840959620676325,Low
1,0,0,-0.4675090493789317,1,1,1.0111034906829266,-0.1203310408274075,-0.4675090493789317,0,0,1.0111034906829268,1.042121365327942,0,0,0,0,1,1,2,0,1,1,0,0,0,1,1,0,0,0,0,0,0,0,0,0,0,1,0,1,0,0,0,0,0,0,0.8292315332777751,High
0,0,0,-0.3860975797017437,1,1,0.9480547814498568,0.0185235983903412,-0.3860975797017437,0,0,0.9480547814498566,1.2199108811010204,0,0,0,0,1,1,2,0,1,1,1,0,0,1,1,0,0,0,0,0,0,0,0,0,0,1,0,1,0,0,0,1,0,0,0.8598310798717118,High
0,0,0,-0.7117434584104956,1,0,0.7058150038701679,-0.4515725233538047,-0.7117434584104957,0,0,0.7058150038701679,0.6532238831926745,1,0,0,0,1,0,2,0,1,1,1,0,0,0,1,0,0,1,0,0,0,0,0,0,0,1,0,0,0,0,0,1,0,1,0.643206868159761,High
1,1,0,0.0616655035227901,1,0,-0.0242226819864286,-0.0847014099078903,0.0616655035227902,0,0,-0.0242226819864286,-0.0988725236934265,0,0,1,1,1,0,3,1,0,0,0,0,0,0,0,0,0,0,0,0,0,1,0,1,0,1,0,0,1,0,0,0,0,0,0.16586166043542122,Low
1,1,0,-1.0373893371192475,1,1,1.1388600857078308,-0.7169299038781639,-1.0373893371192475,0,0,1.1388600857078306,0.9968219462719948,0,0,1,0,1,1,3,1,1,1,1,1,0,1,1,0,0,0,0,0,0,1,0,0,0,1,0,1,0,0,0,1,0,1,0.9165745131888019,High
0,0,1,-0.9559778674420596,1,0,-1.477661347464562,-0.9281407763302522,-0.9559778674420596,0,0,-1.477661347464562,-1.471851959346819,0,0,0,0,0,0,0,1,0,1,0,1,0,0,0,1,1,0,1,0,1,0,1,0,1,0,1,0,0,0,0,0,1,0,0.18709982951675175,Low
0,1,0,0.0616655035227901,1,0,-1.3349721634107723,-0.6665789168336493,0.0616655035227902,0,0,-1.3349721634107727,-1.3894124232452736,0,0,0,0,0,0,0,1,0,1,1,0,0,1,0,1,1,0,1,0,1,0,1,0,1,0,1,0,0,0,0,1,0,0,0.22384384180157546,Low
0,0,0,-1.281623746150811,0,1,-0.9749308501587692,-0.9933228166392948,-1.2816237461508115,1,0,-0.9749308501587696,-0.9724028862888102,0,0,0,0,0,1,1,0,0,1,1,1,1,0,0,0,0,0,0,0,0,0,0,0,0,0,0,1,0,0,0,1,0,1,0.8820091567395085,High
0,0,0,-0.3046861100245557,1,0,1.4590811615494743,0.2236572493124378,-0.3046861100245557,0,0,1.4590811615494743,1.569173409608031,0,1,1,1,1,1,5,0,1,0,1,0,0,1,1,0,0,0,0,1,0,1,0,1,0,1,0,1,0,1,0,1,0,0,0.35116826649522664,Medium
0,1,0,1.6084834273893616,1,1,1.6780924673064532,2.6386178366492143,1.6084834273893618,0,1,1.678092467306453,1.6715108371779568,1,1,1,1,1,1,6,1,1,0,0,0,0,1,1,0,0,1,0,1,0,1,0,1,0,1,0,1,0,1,0,0,0,0,0.1252637096998916,Low
0,0,0,-1.281623746150811,1,0,-1.472683817788267,-0.9999046450111266,-1.2816237461508115,1,0,-1.472683817788267,-1.4687269559452782,0,0,0,0,0,0,0,0,0,1,1,1,0,0,0,1,1,0,1,0,1,0,1,0,1,0,1,0,0,0,0,1,0,1,0.5135097244231758,Medium
0,1,0,1.1200146093262338,1,1,1.1571110278542456,1.6175568618990137,1.1200146093262338,0,1,1.1571110278542454,1.1522777352322529,0,1,0,0,1,1,3,1,1,1,1,0,0,1,1,0,0,0,0,1,0,0,0,0,0,1,0,1,0,0,0,1,0,0,0.7226402655730437,High
0,1,0,0.428017117070136,1,1,0.6411071180783331,0.5440606544532184,0.428017117070136,0,0,0.641107118078333,0.5747431206124215,1,0,1,1,0,0,3,1,1,0,0,1,0,0,1,0,0,1,0,0,0,1,0,1,0,0,0,0,1,0,0,0,0,0,0.19856950113938077,Low
0,0,0,-1.2002122764736234,1,0,-1.4511145225243218,-0.9860828054302796,-1.2002122764736236,1,0,-1.4511145225243225,-1.574609424138658,0,0,0,0,0,0,0,0,0,0,0,1,0,0,0,1,1,0,1,0,1,0,1,0,1,0,1,0,1,0,0,0,1,0,0.24315277649716993,Low
1,1,0,1.6084834273893616,1,1,0.6361295884020379,1.6157578288107128,1.6084834273893618,0,1,0.6361295884020378,0.6002320975703711,1,1,1,0,1,1,5,1,1,0,0,1,0,1,0,0,0,1,0,1,0,1,0,0,0,1,0,1,0,1,1,0,0,0,0.08091826609221396,Low
0,0,0,-1.2409180113122174,1,0,-0.6497322446408307,-0.9696501739286058,-1.2409180113122176,1,0,-0.6497322446408308,-0.6679907902328431,0,0,0,0,0,0,0,0,0,1,1,1,0,0,0,0,0,0,0,0,0,0,0,0,0,0,0,0,0,0,0,1,0,1,0.7065978220587666,High
0,0,0,-0.9152721326034656,1,1,1.127245849796476,-0.5416338749083722,-0.9152721326034656,0,0,1.127245849796476,1.375044521829731,1,0,1,0,1,1,4,0,1,0,1,1,0,0,1,0,0,1,0,0,0,1,0,0,0,1,0,1,1,0,0,1,0,0,0.6851960513234986,High
0,0,0,-1.0373893371192475,1,1,1.0990398482974708,-0.6960655079394565,-1.0373893371192475,0,0,1.0990398482974706,1.2215858463878526,0,0,1,0,1,1,3,0,1,1,0,1,0,1,1,0,0,0,0,0,0,1,0,0,0,1,0,1,0,0,0,0,0,1,0.8679006433070494,High
0,1,0,0.0209597686841961,1,1,-0.4473127044715016,-0.2371365549995189,0.0209597686841961,0,0,-0.4473127044715016,-0.3850860705286563,0,0,0,1,0,0,1,1,0,0,0,0,0,0,0,0,0,0,0,0,0,0,0,1,0,0,0,0,1,0,0,0,1,0,0.1512020038848993,Low
0,0,0,-0.0604517009929918,1,1,0.5382381714349038,0.1497213772688586,-0.0604517009929917,0,0,0.5382381714349036,0.6697359979401705,0,1,0,0,0,0,1,0,1,1,1,1,0,1,1,0,0,0,0,1,0,0,0,0,0,0,0,0,0,0,0,1,0,0,0.6923448595820829,High
1,0,0,0.224488442877166,1,0,0.9895341954189816,0.5939728529396109,0.224488442877166,0,0,0.9895341954189814,1.0321368343360229,0,0,0,0,1,1,2,0,1,1,1,1,0,1,1,0,0,0,0,0,0,0,0,0,0,1,0,1,0,0,0,1,0,0,0.7710684508073078,High
0,0,0,-0.3453918448631497,1,1,0.6444254711958629,-0.158527584811939,-0.3453918448631498,0,0,0.6444254711958628,0.5232559108412431,1,0,0,1,0,0,2,0,1,1,1,0,0,1,1,0,0,1,0,0,0,0,0,1,0,0,0,0,0,0,0,1,0,0,0.609831983056213,High
0,0,0,-0.1825689055087738,1,1,-0.1785261019515731,-0.2864783283603526,-0.1825689055087737,0,0,-0.1785261019515734,-0.2030414921225163,0,0,1,0,1,0,2,0,0,1,0,0,0,0,0,0,0,0,0,0,0,1,0,0,0,1,0,0,0,0,0,0,0,0,0.43061709905237766,Medium
0,1,1,1.6084834273893616,0,0,-0.8770394331916347,0.2034510362109135,1.6084834273893618,0,1,-0.8770394331916348,-0.8789285198368421,1,1,1,0,0,0,3,1,0,0,0,1,1,0,0,0,0,1,0,1,0,1,0,0,0,0,0,0,0,1,1,0,0,0,0.026146263652163087,Low
0,1,0,-0.5082147842175256,1,0,-1.5158224083161569,-0.8442663434452066,-0.5082147842175256,0,0,-1.5158224083161569,-1.5278722409126737,0,0,0,0,0,0,0,1,0,1,0,0,0,0,0,1,1,0,1,0,1,0,1,0,1,0,1,0,0,0,0,0,0,0,0.17713535147227924,Low
0,0,0,1.1200146093262338,1,0,0.4668935794080089,1.0977459965196306,1.1200146093262338,0,1,0.4668935794080088,0.4989773917672147,1,0,1,1,1,1,5,0,1,0,0,1,0,0,0,0,0,1,0,0,0,1,0,1,0,1,0,1,1,0,0,0,1,0,0.09387370415316354,Low
1,0,0,-1.1595065416350294,1,1,0.8053655973960674,-0.8570131510586545,-1.1595065416350294,1,0,0.8053655973960674,0.7150989505431806,0,0,1,0,1,0,2,0,1,1,1,0,0,1,1,0,0,0,0,0,0,1,0,0,0,1,0,0,0,0,0,1,0,1,0.9424404834763419,High
0,1,0,0.5501343215859179,1,0,-0.3295111687991873,0.0766192034857113,0.550134321585918,0,0,-0.3295111687991874,-0.369153348582438,1,0,0,0,0,0,1,1,0,1,0,0,0,1,0,0,0,1,0,0,0,0,0,0,0,0,0,0,0,0,0,0,0,0,0.19255808398003668,Low
0,1,1,1.6084834273893616,1,0,0.5763992322864984,1.542699533883378,1.6084834273893618,0,1,0.576399232286498,0.523715470164999,1,1,1,1,1,0,5,1,1,0,0,1,0,1,0,0,0,1,0,1,0,1,0,1,0,1,0,0,0,1,0,0,0,0,0.02145010764543944,Low
1,0,0,0.346605647392948,1,1,1.6017703456032637,1.0487771934332004,0.3466056473929479,0,0,1.6017703456032637,1.635880978631875,1,1,1,0,1,1,5,0,1,1,1,0,0,1,1,0,0,1,0,1,0,1,0,0,0,1,0,1,0,0,0,1,0,1,0.7125598756296077,High
1,1,0,1.3235432835192036,1,1,1.1886353824707805,1.91983829958935,1.323543283519204,0,1,1.1886353824707805,1.2490418394279692,1,0,0,0,1,1,3,1,1,0,1,1,0,1,1,0,0,1,0,0,0,0,0,0,0,1,0,1,1,0,0,1,0,0,0.51739906091892,Medium
0,1,1,0.428017117070136,0,0,-1.1823279200043932,-0.4718226153111411,0.428017117070136,0,0,-1.1823279200043932,-1.2067909663157252,0,1,0,0,0,0,1,1,0,1,0,1,1,0,0,0,0,0,0,1,0,0,0,0,0,0,0,0,0,0,1,0,0,0,0.23339658110851108,Low
0,0,1,-0.4675090493789317,1,0,-0.002653386722484,-0.4223492053828708,-0.4675090493789317,0,0,-0.0026533867224841,-0.042386117670619,1,0,1,0,0,1,3,1,0,0,0,0,0,0,0,0,0,1,0,0,0,1,0,0,0,0,0,1,1,0,0,0,1,0,0.15054544893771704,Low
0,1,1,0.8757802002946699,1,0,-1.477661347464562,-0.5303789483925396,0.8757802002946699,0,1,-1.477661347464562,-1.4804304000569306,0,0,0,0,0,0,0,1,0,0,0,1,0,0,0,1,1,0,1,0,1,0,1,0,1,0,1,0,0,1,1,0,0,0,0.018426406288030696,Low
1,1,0,1.1607203441648275,1,1,1.309755271260625,1.8015189648917171,1.1607203441648275,0,1,1.3097552712606253,1.3255775562206362,0,1,1,0,1,1,4,1,1,0,0,0,0,1,1,0,0,0,0,1,0,1,0,0,0,1,0,1,1,0,1,0,0,1,0.5028035275947829,Medium
0,0,0,-0.5082147842175256,0,1,-0.3295111687991873,-0.4974917459612858,-0.5082147842175256,0,0,-0.3295111687991874,-0.2203892000809853,1,1,1,1,1,0,5,0,0,1,0,1,1,0,0,0,0,1,0,1,0,1,0,1,0,1,0,0,0,0,1,0,0,0,0.4102704813794128,Medium
0,0,0,1.4863662228735797,1,1,1.336302096200865,2.231992479837435,1.4863662228735797,0,1,1.336302096200865,1.3932166963414525,0,1,0,1,1,1,4,0,1,0,0,1,0,1,1,0,0,0,0,1,0,0,0,1,0,1,0,1,1,0,0,0,0,0,0.33959259046456725,Medium
1,0,0,-1.281623746150811,1,0,-0.6547097743171256,-0.9890885070534162,-1.2816237461508115,1,0,-0.6547097743171256,-0.653101068143149,0,0,0,0,0,0,0,0,0,1,1,1,0,0,0,0,0,0,0,0,0,0,0,0,0,0,0,0,0,0,0,1,0,0,0.7444029173269584,High
1,1,0,0.0209597686841961,1,1,0.9497139580086216,0.3317966894616371,0.0209597686841961,0,0,0.9497139580086212,0.914982189504831,1,1,0,1,0,1,4,1,1,0,1,1,0,0,1,0,0,1,0,1,0,0,0,1,0,0,0,1,1,0,0,1,0,0,0.40048509161222223,Medium
0,0,1,-0.5489205190561197,1,0,-1.462728758435677,-0.80378809895844,-0.5489205190561197,0,0,-1.462728758435677,-1.334545308341661,0,0,0,0,0,0,0,1,0,0,0,1,0,0,0,1,1,0,1,0,1,0,1,0,1,0,1,0,0,1,1,0,0,0,0.03515982288061678,Low
0,0,0,-1.2409180113122174,1,0,0.4668935794080089,-0.9458897735062922,-1.2409180113122176,1,0,0.4668935794080088,0.2278741554970814,0,0,0,0,1,0,1,0,1,1,1,1,0,0,1,0,0,0,0,0,0,0,0,0,0,1,0,0,0,0,0,1,0,1,0.8850239861264549,High
0,1,1,-0.7931549280876836,1,1,-0.0590653897204936,-0.6505192556063794,-0.7931549280876837,0,0,-0.0590653897204938,-0.0697293924238546,1,0,1,0,0,1,3,1,0,1,0,0,0,0,0,0,0,1,0,0,0,1,0,0,0,0,0,1,0,0,0,0,1,0,0.4118221059711043,Medium
0,0,0,-1.281623746150811,1,1,-0.634799655611946,-0.9888252339185428,-1.2816237461508115,1,0,-0.6347996556119463,-0.6332481053568905,0,0,0,0,0,0,0,0,0,1,0,1,0,0,0,0,0,0,0,0,0,0,0,0,0,0,0,0,0,0,0,0,1,0,0.7050356826193942,High
0,1,1,0.9164859351332638,1,0,-0.3062826969764773,0.3652762564463558,0.9164859351332636,0,1,-0.3062826969764773,-0.2645846024653951,1,1,0,0,0,0,2,1,0,1,1,0,0,0,0,0,0,1,0,1,0,0,0,0,0,0,0,0,0,0,0,1,0,0,0.15544025952806365,Low
0,0,0,-0.4268033145403377,1,1,1.0011484313303365,-0.0599976140856143,-0.4268033145403377,0,0,1.0011484313303358,1.1038861384407472,0,0,0,0,1,1,2,0,1,1,1,1,0,1,1,0,0,0,0,0,0,0,0,0,0,1,0,1,0,0,0,1,0,0,0.8610477192980811,High
1,1,0,-0.2232746403473677,1,1,0.3507512202944595,-0.177878160225125,-0.2232746403473678,0,0,0.3507512202944593,0.1723287518991076,0,0,0,0,0,0,0,1,1,1,1,1,0,1,1,0,0,0,0,0,0,0,0,0,0,0,0,0,0,0,0,1,0,1,0.7709546339777945,High
1,1,0,-0.7931549280876836,1,1,0.8003880677197722,-0.4958243494404218,-0.7931549280876837,0,0,0.800388067719772,0.8275990729986464,0,1,0,1,0,1,3,1,1,1,0,1,0,0,1,0,0,0,0,1,0,0,0,1,0,0,0,1,0,0,0,0,0,1,0.6971337081549402,High
0,1,1,-0.2639803751859618,1,0,-0.4838145887643315,-0.4447274218470995,-0.2639803751859618,0,0,-0.4838145887643316,-0.5123486524918535,0,0,1,0,0,0,1,1,0,0,0,1,0,0,0,0,0,0,0,0,0,1,0,0,0,0,0,0,1,0,0,0,1,0,0.14767424698439696,Low
0,1,1,0.1023712383613841,1,0,-1.4876164068171518,-0.7213836077431036,0.102371238361384,0,0,-1.4876164068171518,-1.5291839545253376,0,0,0,0,0,0,0,1,0,0,0,1,0,0,0,1,1,0,1,0,1,0,1,0,1,0,1,0,0,1,0,0,1,0,0.023508065089528855,Low
1,0,0,0.9571916699718578,1,0,1.32136950717198,1.554195794106178,0.957191669971858,0,1,1.3213695071719798,1.3027407403965623,0,1,1,0,1,1,4,0,1,1,1,0,0,1,1,0,0,0,0,1,0,1,0,0,0,1,0,1,0,0,0,1,0,0,0.7005239984944256,High
0,0,0,-1.281623746150811,1,1,1.0127626672416914,-0.9670393820077792,-1.2816237461508115,1,0,1.0127626672416914,1.0095845652060185,0,0,0,0,1,1,2,0,1,1,1,1,0,1,1,0,0,0,0,0,0,0,0,0,0,1,0,1,0,0,0,1,0,1,0.9549658850348995,High
1,1,0,-1.281623746150811,1,0,0.3109309828840996,-0.976319760012062,-1.2816237461508115,1,0,0.3109309828840992,0.3097676269903985,0,0,0,0,0,0,0,1,1,1,1,1,0,1,1,0,0,0,0,0,0,0,0,0,0,0,0,0,0,0,0,1,0,0,0.9096903153229838,High
0,0,0,-0.3860975797017437,1,1,0.8518225410414869,-0.15626782373761,-0.3860975797017437,0,0,0.8518225410414865,0.6468364082092695,0,0,0,1,1,0,2,0,1,1,1,1,0,1,1,0,0,0,0,0,0,0,0,1,0,1,0,0,0,0,0,1,0,1,0.7561387828916085,High
0,0,0,-1.0373893371192475,1,0,0.3490920437356946,-0.7979741505633217,-1.0373893371192475,0,0,0.3490920437356946,0.1237642732667604,0,0,0,0,0,0,0,0,1,1,0,0,0,1,1,0,0,0,0,0,0,0,0,0,0,0,0,0,0,0,0,0,1,1,0.6889959640916778,High
0,1,0,-0.4268033145403377,1,1,1.3163919774956847,-0.052121359467322,-0.4268033145403377,0,0,1.3163919774956845,1.1308831598053948,1,1,0,1,1,1,5,1,1,1,1,1,0,0,1,0,0,1,0,1,0,0,0,1,0,1,0,1,0,0,0,1,0,0,0.6722528063755123,High
0,1,0,0.9571916699718578,1,0,-0.180185278510338,0.4782423707348986,0.957191669971858,0,1,-0.1801852785103381,-0.1461119396089439,0,1,1,0,0,0,2,1,0,0,0,1,0,1,0,0,0,0,0,1,0,1,0,0,0,0,0,0,0,1,1,0,0,0,0.06199176061197164,Low
0,1,0,1.5677776925507676,1,1,0.5846951150803233,1.5503783336505153,1.5677776925507678,0,1,0.584695115080323,0.5695105567772831,1,0,1,1,1,1,5,1,1,0,1,1,0,0,0,0,0,1,0,0,0,1,0,1,0,1,0,1,0,1,0,1,0,0,0.0621386533200709,Low
0,1,1,1.0793088744876398,1,0,-1.4959122896109769,-0.4875312456919135,1.07930887448764,0,1,-1.4959122896109769,-1.482298755364133,0,0,0,0,0,0,0,1,0,0,0,1,0,0,0,1,1,0,1,0,1,0,1,0,1,0,1,0,0,1,0,0,1,0,0.016162058514443457,Low
0,0,0,-0.5896262538947137,1,1,1.0326727859468712,-0.2451225067573417,-0.5896262538947137,0,0,1.032672785946871,1.05112872807356,1,0,0,0,1,1,3,0,1,1,1,0,0,0,1,0,0,1,0,0,0,0,0,0,0,1,0,1,0,0,0,1,0,1,0.7666376096309191,High
0,1,0,1.1200146093262338,1,1,-0.1187957458360332,0.6436437177190361,1.1200146093262338,0,1,-0.1187957458360333,-0.0717401412188732,1,1,0,1,0,0,3,1,0,0,0,1,0,0,0,0,0,1,0,1,0,0,0,1,0,0,0,0,0,1,0,0,1,0,0.029713551586609994,Low
0,0,0,-0.9966836022806536,1,0,-0.6795974226986006,-0.8468771353660333,-0.9966836022806536,0,0,-0.6795974226986006,-0.621253607006859,0,0,0,0,0,0,0,0,0,1,0,0,0,0,0,0,0,0,0,0,0,0,0,0,0,0,0,0,0,0,0,0,1,0,0.40819719119148123,Medium
0,0,0,-1.281623746150811,1,1,-1.4992306427285067,-1.0002556758576244,-1.2816237461508115,1,0,-1.499230642728507,-1.495197572993623,0,0,0,0,0,0,0,0,0,1,0,1,0,0,0,1,1,0,1,0,1,0,1,0,1,0,1,0,0,0,1,0,0,0,0.5106315402397037,Medium
1,1,0,-1.281623746150811,1,1,0.1831743878591953,-0.9780090959608324,-1.2816237461508115,1,0,0.1831743878591953,0.1823777824452385,0,0,0,0,0,0,0,1,1,1,0,0,0,0,1,0,0,0,0,0,0,0,0,0,0,0,0,0,0,0,0,0,1,1,0.8708629011964404,High
0,1,1,-0.1825689055087738,1,1,0.5946501744329131,0.0094187358093069,-0.1825689055087737,0,0,0.594650174432913,0.5938540706699579,1,0,0,0,0,1,2,1,1,0,0,0,0,0,1,0,0,1,0,0,0,0,0,0,0,0,0,1,1,0,0,0,0,0,0.3527533011908496,Medium
0,0,0,-0.5896262538947137,1,0,0.3059534532078048,-0.4003220197651397,-0.5896262538947137,0,0,0.3059534532078047,0.4009441968235868,0,0,0,0,0,0,0,0,1,1,0,1,0,1,1,0,0,0,0,0,0,0,0,0,0,0,0,0,0,0,0,0,1,0,0.6463075987393399,High
0,0,0,-0.3453918448631497,1,1,0.8435266582476619,-0.0266935625241445,-0.3453918448631498,0,0,0.8435266582476615,0.9374797073087036,0,0,0,0,1,1,2,0,1,1,1,1,0,0,1,0,0,0,0,0,0,0,0,0,0,1,0,1,0,0,0,1,0,1,0.8094860385149982,High
0,1,1,1.4456604880349857,0,0,-0.1536384535700982,0.794060435443303,1.445660488034986,0,1,-0.1536384535700985,-0.1492834782193187,0,1,1,1,1,1,5,1,0,0,0,0,1,0,0,0,0,0,0,1,0,1,0,1,0,1,0,1,0,1,1,0,0,0,0.05422917078167489,Low
0,1,1,1.5677776925507676,1,1,1.3180511540544502,2.1891447771368084,1.5677776925507678,0,1,1.3180511540544502,1.2479366266386944,1,1,1,0,1,1,5,1,1,0,0,1,0,0,1,0,0,1,0,1,0,1,0,0,0,1,0,1,1,0,0,0,0,0,0.21677110193578925,Low
0,1,1,1.2828375486806096,1,1,-1.5008898192872715,-0.4498831874050346,1.2828375486806096,0,1,-1.500889819287272,-1.4900016803894067,0,0,0,0,0,0,0,1,0,0,0,1,0,0,0,1,1,0,1,0,1,0,1,0,1,0,1,0,0,1,0,0,0,0,0.01977246206341411,Low
0,1,0,1.6084834273893616,1,1,1.520470694223779,2.3924355161147925,1.6084834273893618,0,1,1.520470694223779,1.413675078584659,1,1,1,0,1,1,5,1,1,0,1,0,0,1,1,0,0,1,0,1,0,1,0,0,0,1,0,1,0,1,0,1,0,0,0.2134725575418766,Low
1,0,0,1.4863662228735797,1,0,1.503878928636129,2.267753747324389,1.4863662228735797,0,1,1.503878928636129,1.4322992197008748,1,0,1,1,1,1,5,0,1,0,0,0,0,1,1,0,0,1,0,0,0,1,0,1,0,1,0,1,0,1,1,0,0,0,0.12395908521582309,Low
0,0,0,1.4049547531963915,0,1,-0.382604818679667,0.5615683179222914,1.4049547531963915,0,1,-0.3826048186796673,-0.3811105394234478,0,0,1,1,1,1,4,0,0,1,0,0,1,0,0,0,0,0,0,0,0,1,0,1,0,1,0,1,0,0,1,0,0,0,0.3615446811940872,Medium
1,0,0,-0.5082147842175256,1,0,0.5233055824060188,-0.3006292593597914,-0.5082147842175256,0,0,0.5233055824060188,0.5218634460902628,0,0,0,0,1,0,1,0,1,1,0,0,0,0,1,0,0,0,0,0,0,0,0,0,0,1,0,0,0,0,0,0,0,0,0.6479994982707116,High
0,1,1,-0.3046861100245557,1,1,-1.5340733504625714,-0.8405805195569807,-0.3046861100245557,0,0,-1.534073350462572,-1.640918319844762,0,0,0,0,0,0,0,1,0,0,0,0,0,0,0,1,1,0,1,0,1,0,1,0,1,0,1,0,0,1,0,0,1,0,0.042145000480810976,Low
0,0,0,0.7129572609402939,1,1,0.8219573629837174,0.8798435985561797,0.7129572609402941,0,1,0.8219573629837174,0.6998783457403824,0,0,1,1,0,1,3,0,1,0,0,0,0,0,1,0,0,0,0,0,0,1,0,1,0,0,0,1,0,1,0,0,0,0,0.17403315801655223,Low
0,1,1,-1.0780950719578417,1,1,-0.5302715324097512,-0.889022776373664,-1.0780950719578417,1,0,-0.5302715324097512,-0.6417959087787519,0,0,0,0,0,0,0,1,0,1,0,0,0,1,0,0,0,0,0,0,0,0,0,0,0,0,0,0,0,0,1,0,0,0,0.7031891444698255,High
0,0,1,-1.2409180113122174,1,1,-1.5042081724048018,-0.993191180071858,-1.2409180113122176,1,0,-1.5042081724048018,-1.55558366813516,0,0,0,0,0,0,0,1,0,1,1,0,0,0,0,1,1,0,1,0,1,0,1,0,1,0,1,0,0,0,0,1,0,1,0.5297663568044473,Medium
0,0,0,-0.5896262538947137,1,0,-1.4876164068171518,-0.8303128672969228,-0.5896262538947137,0,0,-1.4876164068171518,-1.400436440435138,0,0,0,0,0,0,0,0,0,0,0,0,0,0,0,1,1,0,1,0,1,0,1,0,1,0,1,0,1,0,0,0,1,0,0.09589406457117347,Low
1,0,0,-1.2409180113122174,1,1,-0.2780766954774726,-0.9570350028825944,-1.2409180113122176,1,0,-0.2780766954774729,-0.1923468901453947,0,1,0,0,0,0,1,0,0,1,0,0,0,1,0,0,0,0,0,1,0,0,0,0,0,0,0,0,0,0,1,0,0,0,0.7585136543536335,High
0,0,0,-1.2002122764736234,0,1,-0.82228660675239,-0.9515501459060678,-1.2002122764736236,1,0,-0.8222866067523902,-0.7065937734283462,0,0,1,0,1,0,2,0,0,1,0,1,1,0,0,0,0,0,0,0,0,1,0,0,0,1,0,0,0,0,0,0,1,1,0.830067110388274,High
0,0,1,-0.9559778674420596,1,1,0.1483316801251306,-0.7581760283416443,-0.9559778674420596,0,0,0.1483316801251304,-0.0477695268917606,0,0,0,1,1,1,3,1,0,1,0,0,0,0,0,0,0,0,0,0,0,0,0,1,0,1,0,1,0,0,1,0,0,0,0.5038693416632423,Medium
0,0,0,-1.281623746150811,1,1,0.1649234457127805,-0.9782504296677996,-1.2816237461508115,1,0,0.1649234457127804,0.1641792332245015,0,0,0,0,0,0,0,0,0,1,1,1,0,0,1,0,0,0,0,0,0,0,0,0,0,0,0,0,0,0,0,1,0,1,0.900783225913778,High
0,0,0,1.5270719577121736,1,1,1.6167029346321486,2.474730310190598,1.5270719577121736,0,1,1.6167029346321489,1.6041098972159449,1,1,1,1,1,1,6,0,1,0,0,0,0,1,1,0,0,1,0,1,0,1,0,1,0,1,0,1,0,1,0,0,0,0,0.1300436179858371,Low
0,0,0,0.5501343215859179,1,0,1.0326727859468712,0.9215285115777824,0.550134321585918,0,0,1.032672785946871,1.0159144953697532,0,0,0,0,1,1,2,0,1,1,0,0,0,1,1,0,0,0,0,0,0,0,0,0,0,1,0,1,0,0,0,0,0,1,0.5999038509441688,Medium
0,0,0,-0.7117434584104956,1,1,-0.5352490620860464,-0.6929501091767895,-0.7117434584104957,0,0,-0.5352490620860467,-0.5602333199985389,0,0,0,0,0,0,0,0,0,1,0,0,0,1,0,0,0,0,0,0,0,0,0,0,0,0,0,0,0,0,0,0,1,0,0.5249583898420901,Medium
0,0,0,0.8350744654560759,1,0,-1.4959122896109769,-0.548369279275547,0.835074465456076,0,1,-1.4959122896109769,-1.4934182980269302,0,0,0,0,0,0,0,0,0,0,0,0,0,0,0,1,1,0,1,0,1,0,1,0,1,0,1,0,0,1,1,0,0,0,0.021930034850795734,Low
0,0,0,-1.281623746150811,1,1,-0.3162377563290674,-0.9846128637605704,-1.2816237461508115,1,0,-0.3162377563290676,-0.315600700776751,0,0,0,0,0,1,1,0,0,1,1,0,0,0,0,0,0,0,0,0,0,0,0,0,0,0,0,1,0,0,0,1,0,1,0.8228453413838082,High
0,0,0,-0.1418631706701798,1,0,-1.5125040551986266,-0.7449465533142621,-0.1418631706701799,0,0,-1.5125040551986266,-1.4622804479141078,0,0,0,0,0,0,0,0,0,1,0,0,0,0,0,1,1,0,1,0,1,0,1,0,1,0,1,0,0,0,1,0,0,0,0.14082622557043142,Low
0,0,0,-1.281623746150811,1,1,0.4055040467337044,-0.975069212621414,-1.2816237461508115,1,0,0.4055040467337042,0.4040692002251276,0,0,0,0,0,0,0,0,1,1,1,0,0,1,1,0,0,0,0,0,0,0,0,0,0,0,0,0,0,0,0,1,0,1,0.9152203048671015,High
0,0,0,1.4863662228735797,0,1,-0.1619343363639231,0.8237664208281712,1.4863662228735797,0,1,-0.1619343363639235,-0.1457955287329295,1,1,0,1,1,1,5,0,0,0,0,1,1,0,0,0,0,1,0,1,0,0,0,1,0,1,0,1,0,1,0,0,0,0,0.06315446277106125,Low
1,1,0,1.2421318138420157,0,0,-0.9566799080123544,-0.0001907336135677,1.242131813842016,0,1,-0.9566799080123544,-0.9412841549373332,1,0,0,1,0,0,2,1,0,0,0,1,1,0,0,0,0,1,0,0,0,0,0,1,0,0,0,0,1,0,0,0,0,0,0.08627578447715878,Low
1,0,0,0.7536629957788878,1,0,-1.3250171040581826,-0.455741014655965,0.753662995778888,0,1,-1.3250171040581826,-1.330761840373451,0,0,0,0,0,0,0,0,0,0,0,1,0,1,0,1,1,0,1,0,1,0,1,0,1,0,1,0,1,0,0,0,0,0,0.08404108980242118,Low
0,1,0,1.2828375486806096,1,1,0.2860433345026247,1.081466941013299,1.2828375486806096,0,1,0.2860433345026243,0.3143172642955829,1,0,0,0,0,0,1,1,1,1,0,1,0,0,1,0,0,1,0,0,0,0,0,0,0,0,0,0,0,0,0,0,1,0,0.34431907200888434,Medium
0,1,1,0.7943687306174818,1,1,0.634470411843273,0.8896285834023033,0.7943687306174818,0,1,0.6344704118432727,0.6045077668171628,1,0,1,1,0,0,3,1,1,1,0,0,0,0,1,0,0,1,0,0,0,1,0,1,0,0,0,0,0,0,0,0,0,0,0.29656998351749486,Low
0,1,1,1.5270719577121736,0,0,-0.180185278510338,0.8097690658240754,1.5270719577121736,0,1,-0.1801852785103381,-0.189487118124993,1,0,1,1,1,1,5,1,0,0,0,1,1,0,0,0,0,1,0,0,0,1,0,1,0,1,0,1,0,1,0,0,0,0,0.04345634438791599,Low
0,1,1,-0.9559778674420596,1,0,-0.3361478750342473,-0.8102382907628353,-0.9559778674420596,0,0,-0.3361478750342476,-0.4839832370009453,0,1,0,1,0,0,2,1,0,1,0,1,0,0,0,0,0,0,0,1,0,0,0,1,0,0,0,0,0,0,0,0,1,0,0.2676031973736868,Low
0,0,0,-1.2002122764736234,1,0,0.6245153524906832,-0.9004312788848394,-1.2002122764736236,1,0,0.624515352490683,0.5783340957933986,0,1,0,0,1,0,2,0,1,1,1,0,0,0,1,0,0,0,0,1,0,0,0,0,0,1,0,0,0,0,0,1,0,1,0.8660407712863997,High
0,1,0,1.5270719577121736,1,1,0.3275227484717495,1.3235904673850916,1.5270719577121736,0,1,0.3275227484717491,0.3640323919395056,1,0,1,1,0,1,4,1,1,0,0,1,0,1,0,0,0,1,0,0,0,1,0,1,0,0,0,1,0,1,1,0,0,0,0.04778437271930117,Low
0,0,0,-0.4675090493789317,1,1,0.6361295884020379,-0.2465485695712386,-0.4675090493789317,0,0,0.6361295884020378,0.5888908299733935,0,0,0,0,0,1,1,0,1,1,1,1,0,1,1,0,0,0,0,0,0,0,0,0,0,0,0,1,0,0,0,1,0,0,0.8242821852170589,High
1,0,0,-1.1188008067964357,1,1,0.3524103968532244,-0.8554993305331331,-1.1188008067964357,1,0,0.352410396853224,0.165171881363814,0,0,1,0,0,0,1,0,1,1,0,0,0,0,1,0,0,0,0,0,0,1,0,0,0,0,0,0,0,0,1,0,0,1,0.8520511480165599,High
0,0,0,-0.5082147842175256,1,1,1.4358526897267645,-0.0419634043467948,-0.5082147842175256,0,0,1.4358526897267645,1.4971402429652216,1,1,1,1,1,1,6,0,1,1,0,1,0,0,1,0,0,1,0,1,0,1,0,1,0,1,0,1,0,0,0,0,0,0,0.6047045408536053,High
1,1,0,1.6084834273893616,1,1,1.4872871630484792,2.5344494329510203,1.6084834273893618,0,1,1.487287163048479,1.5624114537182854,1,0,1,1,1,1,5,1,1,0,0,0,0,1,1,0,0,1,0,0,0,1,0,1,0,1,0,1,0,1,0,0,1,0,0.1647701607169326,Low
0,1,1,1.6084834273893616,1,0,-1.480979700582092,-0.3941131616677115,1.6084834273893618,0,1,-1.480979700582092,-1.5047793848939353,0,0,0,0,0,0,0,1,0,0,0,1,0,0,0,1,1,0,1,0,1,0,1,0,1,0,1,0,0,1,0,0,0,0,0.01112098829171086,Low
1,0,0,-1.2409180113122174,1,1,0.1898110940942554,-0.9464601986318512,-1.2409180113122176,1,0,0.1898110940942552,0.206366779145301,0,0,0,0,0,0,0,0,1,1,1,0,0,0,1,0,0,0,0,0,0,0,0,0,0,0,0,0,0,0,0,1,0,1,0.9020681777043414,High
0,1,1,-0.3860975797017437,1,1,0.3441145140593994,-0.2617087142543582,-0.3860975797017437,0,0,0.3441145140593991,0.3011359040398512,0,0,1,0,0,0,1,1,1,1,0,0,0,0,1,0,0,0,0,0,0,1,0,0,0,0,0,0,0,0,1,0,0,0,0.5645730773852811,Medium
0,0,0,-1.1595065416350294,1,0,-1.459410405318147,-0.9714053281610944,-1.1595065416350294,1,0,-1.4594104053181471,-1.4414291321141723,0,0,0,0,0,0,0,0,0,1,0,0,0,0,0,1,1,0,1,0,1,0,1,0,1,0,1,0,0,0,0,0,0,1,0.3901450262053595,Medium
0,0,0,-0.0197459661543978,1,1,0.5116913464946635,0.1302391652882359,-0.0197459661543979,0,0,0.5116913464946634,0.5357501799558593,0,1,0,0,0,0,1,0,1,1,0,1,0,1,1,0,0,0,0,1,0,0,0,0,0,0,0,0,0,0,0,0,0,1,0.5996148752007029,Medium
0,0,0,0.143076973199978,1,1,0.8202981864249524,0.4601862215681728,0.1430769731999781,0,0,0.8202981864249527,0.9286102123602132,1,0,1,1,1,1,5,0,1,0,0,0,0,1,0,0,0,1,0,0,0,1,0,1,0,1,0,1,1,0,1,0,0,0,0.20621329645995604,Low
0,0,0,-0.3453918448631497,1,1,-0.5053838840282764,-0.4743675889482495,-0.3453918448631498,0,0,-0.5053838840282764,-0.4691164928774391,0,1,0,0,0,0,1,0,0,1,0,1,0,0,0,0,0,0,0,1,0,0,0,0,0,0,0,0,0,0,0,0,1,0,0.3597868109430582,Medium
0,0,0,-1.0780950719578417,1,1,-0.5120205902633365,-0.8717125677557459,-1.0780950719578417,1,0,-0.5120205902633366,-0.4242405249126666,0,0,0,1,0,0,1,0,0,1,0,1,0,0,0,0,0,0,0,0,0,0,0,1,0,0,0,0,0,0,1,0,0,0,0.6179858309274867,High
0,1,1,-0.3860975797017437,1,0,-0.1735485722752779,-0.3883869709842177,-0.3860975797017437,0,0,-0.1735485722752779,-0.114193831930648,0,1,0,1,0,0,2,1,0,0,0,1,0,1,0,0,0,0,0,1,0,0,0,1,0,0,0,0,0,1,0,0,1,0,0.06814830008202218,Low
0,1,1,0.631545791263106,1,0,-1.469365464670737,-0.5451222439454433,0.631545791263106,0,1,-1.4693654646707373,-1.420059623559519,0,0,0,0,0,0,0,1,0,0,0,0,0,0,0,1,1,0,1,0,1,0,1,0,1,0,1,0,0,1,0,0,0,0,0.020939389512353735,Low
0,0,0,-0.1825689055087738,1,1,-0.3328295219167173,-0.3484791516230098,-0.1825689055087737,0,0,-0.3328295219167175,-0.3700190898426565,0,0,0,1,0,0,1,0,0,1,0,0,0,1,0,0,0,0,0,0,0,0,0,1,0,0,0,0,0,0,1,0,0,0,0.3637702836831019,Medium
1,0,0,0.7943687306174818,0,1,-0.5236348261746914,0.1103839830332094,0.7943687306174818,0,1,-0.5236348261746917,-0.5255203297250443,0,1,0,0,1,1,3,0,0,1,1,1,1,0,0,0,0,0,0,1,0,0,0,0,0,1,0,1,0,0,0,1,0,1,0.628770577167595,High
0,0,0,-1.2002122764736234,1,1,0.3325002781480446,-0.9157230601353956,-1.2002122764736236,1,0,0.3325002781480446,0.1939586774038893,0,0,0,0,0,0,0,0,1,1,1,0,0,1,1,0,0,0,0,0,0,0,0,0,0,0,0,0,0,0,0,1,0,0,0.9124883945073383,High
0,0,0,-1.2409180113122174,1,0,0.5183280527297236,-0.9281407763302522,-1.2409180113122176,1,0,0.5183280527297233,0.8970844427505522,0,0,0,0,0,1,1,0,1,1,1,0,0,0,1,0,0,0,0,0,0,0,0,0,0,0,0,1,0,0,0,1,0,1,0.889461200343746,High
0,0,0,-1.1595065416350294,1,0,-1.4925939364934466,-0.9789963702166072,-1.1595065416350294,1,0,-1.492593936493447,-1.5845359055317874,0,0,0,0,0,0,0,0,0,0,0,1,0,0,0,1,1,0,1,0,1,0,1,0,1,0,1,0,1,0,0,0,1,0,0.242622805758233,Low
0,0,0,-1.1188008067964357,1,1,0.1582867394777205,-0.8698696558116329,-1.1188008067964357,1,0,0.1582867394777205,-0.0515562957195101,0,0,0,0,0,0,0,0,0,1,1,1,0,0,1,0,0,0,0,0,0,0,0,0,0,0,0,0,0,0,0,1,0,1,0.8883437458546888,High
1,0,0,-1.281623746150811,1,1,0.1549683863601902,-0.9783820662352362,-1.2816237461508115,1,0,0.15496838636019,0.1542527518313718,0,0,0,0,0,0,0,0,0,1,1,0,0,0,1,0,0,0,0,0,0,0,0,0,0,0,0,0,0,0,0,1,0,1,0.9116175928507824,High
0,1,1,1.3642490183577978,1,1,-1.4992306427285067,-0.4189705334853303,1.3642490183577978,0,1,-1.499230642728507,-1.4746427377856277,0,0,0,0,0,0,0,1,0,0,0,1,0,0,0,1,1,0,1,0,1,0,1,0,1,0,1,0,0,1,0,0,1,0,0.018784376024184042,Low
0,1,0,0.7943687306174818,1,1,1.253343268262615,1.245617740606789,0.7943687306174818,0,1,1.253343268262615,1.1207484305508713,0,1,0,1,1,1,4,1,1,1,0,0,0,1,1,0,0,0,0,1,0,0,0,1,0,1,0,1,0,0,1,0,0,0,0.6273543614725338,High
0,0,0,-1.281623746150811,0,0,-1.3382905165283026,-0.9981275513507322,-1.2816237461508115,1,0,-1.3382905165283026,-1.3347194571380316,0,0,0,0,0,0,0,0,0,1,1,0,1,0,0,0,0,0,0,0,0,0,0,0,0,0,0,0,0,0,0,1,0,1,0.7908240616016963,High
0,0,0,0.1023712383613841,1,1,0.8053655973960674,0.4177114891419506,0.102371238361384,0,0,0.8053655973960674,0.9250203975283592,1,0,0,1,0,1,3,0,1,0,1,1,0,0,1,0,0,1,0,0,0,0,0,1,0,0,0,1,1,0,0,1,0,0,0.3783822061838866,Medium
0,1,0,-1.2002122764736234,1,1,-0.3029643438589475,-0.941106978222761,-1.2002122764736236,1,0,-0.3029643438589478,-0.4440934876989252,0,0,1,1,0,0,2,1,0,1,0,1,0,0,0,0,0,0,0,0,0,1,0,1,0,0,0,0,0,0,0,0,1,0,0.6334922241327117,High
1,0,0,1.3642490183577978,1,1,1.25832079793891,2.052396322998046,1.3642490183577978,0,1,1.2583207979389095,1.3490150817321915,0,0,1,1,1,1,4,0,1,0,0,0,0,1,1,0,0,0,0,0,0,1,0,1,0,1,0,1,1,0,1,0,0,0,0.43367848151241817,Medium
0,0,0,1.0793088744876398,1,0,0.1251032083024206,0.7773645308067557,1.07930887448764,0,1,0.1251032083024206,0.1343717481372231,1,0,0,1,0,1,3,0,0,0,0,0,0,1,0,0,0,1,0,0,0,0,0,1,0,0,0,1,1,0,0,0,0,0,0.09949435606827797,Low
0,1,1,0.7943687306174818,1,0,-1.3001294556767078,-0.4183781689318655,0.7943687306174818,0,1,-1.3001294556767078,-1.2923092016987965,0,0,0,0,0,0,0,1,0,0,0,1,0,1,0,1,1,0,1,0,1,0,1,0,1,0,1,0,0,1,0,0,1,0,0.026463678150477864,Low
0,0,0,-0.9966836022806536,1,1,0.2843841579438598,-0.7315196234357249,-0.9966836022806536,0,0,0.2843841579438596,0.4661097089321862,0,0,0,0,0,0,0,0,1,1,1,0,0,1,1,0,0,0,0,0,0,0,0,0,0,0,0,0,0,0,0,1,0,0,0.8288008151021793,High
0,0,0,-1.1188008067964357,1,1,-0.3693314062095472,-0.8843277388017572,-1.1188008067964357,1,0,-0.3693314062095475,-0.2696080036552516,1,0,0,0,0,0,1,0,0,1,1,0,0,1,0,0,0,1,0,0,0,0,0,0,0,0,0,0,0,0,0,1,0,0,0.751639792259185,High
0,0,0,-1.1595065416350294,0,1,-0.6762790695810708,-0.9324409041998488,-1.1595065416350294,1,0,-0.6762790695810711,-0.7068695090225997,0,0,0,0,1,1,2,0,0,1,1,1,1,0,0,0,0,0,0,0,0,0,0,0,0,1,0,1,0,0,0,1,0,1,0.9034404847979418,High
0,1,1,0.7129572609402939,1,1,0.1848335644179602,0.5209803762959943,0.7129572609402941,0,1,0.1848335644179601,0.1586534919156594,1,0,0,1,1,0,3,1,1,0,0,1,0,1,0,0,0,1,0,0,0,0,0,1,0,1,0,0,0,1,1,0,0,0,0.06143010915013267,Low
0,1,1,1.2014260790034217,1,0,1.4341935131679997,1.986095371865792,1.201426079003422,0,1,1.4341935131679997,1.4940342149164036,1,1,1,1,1,1,6,1,1,0,0,1,0,0,1,0,0,1,0,1,0,1,0,1,0,1,0,1,0,1,0,0,1,0,0.07715561821319715,Low
0,0,0,1.1607203441648275,1,0,-1.5091857020810966,-0.4225466602340257,1.1607203441648275,0,1,-1.5091857020810968,-1.423813695871447,0,0,0,0,0,0,0,0,0,0,0,0,0,0,0,1,1,0,1,0,1,0,1,0,1,0,1,0,1,0,0,0,0,0,0.04072480183351299,Low
0,1,1,0.9164859351332638,1,0,0.6825865320474579,1.059264239972319,0.9164859351332636,0,1,0.6825865320474578,0.6869137594360222,0,0,0,0,0,1,1,1,1,1,0,1,0,1,1,0,0,0,0,0,0,0,0,0,0,0,0,1,0,0,0,0,0,0,0.5025970890042236,Medium
0,0,0,-1.1188008067964357,1,0,-1.4892755833759168,-0.9669955031519668,-1.1188008067964357,1,0,-1.4892755833759168,-1.516374066632299,0,0,0,0,0,0,0,0,0,1,0,1,0,0,0,1,1,0,1,0,1,0,1,0,1,0,1,0,0,0,1,0,0,0,0.3956279110820424,Medium
0,1,1,0.1023712383613841,1,1,-0.3311703453579522,-0.168202872518532,0.102371238361384,0,0,-0.3311703453579522,-0.3373444219236058,1,0,0,1,0,0,2,1,0,0,0,0,0,0,0,0,0,1,0,0,0,0,0,1,0,0,0,0,1,0,0,0,0,0,0.08831595112962026,Low
0,0,1,-0.4268033145403377,1,1,0.8020472442785371,-0.1535473346772528,-0.4268033145403377,0,0,0.8020472442785367,0.7832307091960231,0,1,0,0,1,0,2,1,1,1,0,1,0,1,1,0,0,0,0,1,0,0,0,0,0,1,0,0,0,0,1,0,0,0,0.6821484814941036,High
0,0,0,0.9978974048104516,0,0,-0.3842639952384319,0.3469568341447568,0.997897404810452,0,1,-0.3842639952384321,-0.3549293039571319,0,0,1,1,1,1,4,0,0,0,0,1,1,0,0,0,0,0,0,0,0,1,0,1,0,1,0,1,0,1,1,0,0,0,0.10150827123288261,Low
1,1,0,0.9978974048104516,1,1,1.006125961006631,1.3724056944761789,0.997897404810452,0,1,1.006125961006631,1.0016898197705473,0,1,1,0,0,1,3,1,1,1,0,1,0,1,1,0,0,0,0,1,0,1,0,0,0,0,0,1,0,0,0,0,0,1,0.6340788395900593,High
0,1,0,1.2828375486806096,1,0,-1.5091857020810966,-0.4711205536181457,1.2828375486806096,0,1,-1.5091857020810968,-1.5150246855679204,0,0,0,0,0,0,0,1,0,0,0,0,0,0,0,1,1,0,1,0,1,0,1,0,1,0,1,0,0,1,1,0,0,0,0.016872037085272833,Low
0,0,0,-0.2639803751859618,1,1,1.026036079711811,0.0772335074670823,-0.2639803751859618,0,0,1.0260360797118109,1.001503391251355,1,0,1,1,0,1,4,0,1,0,0,0,0,0,1,0,0,1,0,0,0,1,0,1,0,0,0,1,1,0,0,0,0,0,0.32927057386687913,Medium
1,1,0,0.26519417771576,1,0,1.1338825560315355,0.6926783390891843,0.2651941777157601,0,0,1.133882556031535,1.1414286001198903,1,1,0,0,1,1,4,1,1,0,0,0,0,0,1,0,0,1,0,1,0,0,0,0,0,1,0,1,1,0,0,0,1,0,0.32581981384871833,Medium
0,1,0,-0.5489205190561197,1,1,-0.1702302191577481,-0.5127177089281238,-0.5489205190561197,0,0,-0.1702302191577484,-0.1793292676166858,0,1,0,0,0,1,2,1,0,1,0,0,0,0,0,0,0,0,0,1,0,0,0,0,0,0,0,1,0,0,0,0,1,0,0.46854607125460024,Medium
0,1,0,-0.0604517009929918,1,0,0.9580098408024466,0.3160003013692403,-0.0604517009929917,0,0,0.9580098408024462,1.0742134306204252,0,1,1,0,1,0,3,1,1,1,1,1,0,1,1,0,0,0,0,1,0,1,0,0,0,1,0,0,0,0,0,1,0,1,0.7001092012222514,High
0,1,1,-1.0780950719578417,1,0,-1.4959122896109769,-0.956574274896566,-1.0780950719578417,1,0,-1.4959122896109769,-1.4907858034855654,0,0,0,0,0,0,0,1,0,1,0,0,0,0,0,1,1,0,1,0,1,0,1,0,1,0,1,0,0,0,0,0,1,0,0.3409149426716032,Medium
0,0,0,0.7943687306174818,1,1,0.8136614801898924,0.9997425720630522,0.7943687306174818,0,1,0.8136614801898924,0.7641904915354837,0,0,1,0,0,1,2,0,1,0,0,1,0,1,1,0,0,0,0,0,0,1,0,0,0,0,0,1,0,1,1,0,0,0,0.28040002073507503,Low
0,1,1,0.8350744654560759,1,0,0.689223238282518,1.0165701132670362,0.835074465456076,0,1,0.689223238282518,0.7331726383627467,1,0,1,1,1,1,5,1,1,1,1,1,0,1,0,0,0,1,0,0,0,1,0,1,0,1,0,1,0,0,0,1,0,0,0.2989718938034295,Low
1,0,0,0.9571916699718578,1,1,1.560290931634139,1.807618125849615,0.957191669971858,0,1,1.560290931634139,1.643993081384768,0,1,1,1,1,1,5,0,1,0,1,0,0,1,1,0,0,0,0,1,0,1,0,1,0,1,0,1,1,0,0,1,0,1,0.5403190877430571,Medium
0,1,1,0.9571916699718578,1,1,0.3623654562058142,0.8608440539894914,0.957191669971858,0,1,0.3623654562058141,0.3690901705541002,1,1,0,1,0,1,4,1,1,0,0,1,0,1,0,0,0,1,0,1,0,0,0,1,0,0,0,1,0,1,1,0,0,0,0.04741763902756012,Low
0,1,1,0.6722515261016999,1,1,1.1571110278542456,1.1290535601416445,0.6722515261016998,0,1,1.1571110278542454,1.1415324879419009,0,0,1,0,1,1,3,1,1,1,1,1,0,1,1,0,0,0,0,0,0,1,0,0,0,1,0,1,0,0,0,1,0,1,0.7713867253095521,High
0,0,1,0.26519417771576,1,0,-1.3250171040581826,-0.5682244615305735,0.2651941777157601,0,0,-1.3250171040581826,-1.2965831034097268,0,0,0,0,0,0,0,1,0,0,0,1,0,1,0,1,1,0,1,0,1,0,1,0,1,0,1,0,0,1,0,0,1,0,0.027791631825967923,Low
0,1,1,1.1607203441648275,1,1,1.135541732590301,1.6282194238613816,1.1607203441648275,0,1,1.1355417325903012,1.111344560252525,0,1,0,0,1,1,3,1,1,1,1,0,0,1,1,0,0,0,0,1,0,0,0,0,0,1,0,1,0,0,0,1,0,1,0.6742263269484392,High
0,1,0,0.428017117070136,0,0,-1.026365323480484,-0.3483913939113855,0.428017117070136,0,0,-1.026365323480484,-0.9903321123709742,1,0,0,1,0,0,2,1,0,1,0,0,1,0,0,0,0,1,0,0,0,0,0,1,0,0,0,0,0,0,0,0,0,0,0.18093301570828293,Low
0,0,0,-1.1188008067964357,1,0,-1.5058673489635668,-0.9652184094915722,-1.1188008067964357,1,0,-1.5058673489635668,-1.4895725668708495,0,0,0,0,0,0,0,0,0,0,1,0,0,0,0,1,1,0,1,0,1,0,1,0,1,0,1,0,1,0,0,1,0,0,0.308971515775549,Medium
0,0,0,-0.8745663977648716,1,0,-1.480979700582092,-0.9008481280150554,-0.8745663977648717,0,0,-1.480979700582092,-1.4078144564874389,0,0,0,0,0,0,0,0,0,1,0,0,0,0,0,1,1,0,1,0,1,0,1,0,1,0,1,0,0,0,0,0,0,0,0.20997207552372918,Low
0,0,0,-1.2409180113122174,1,0,-1.3299946337344777,-0.9817168592769644,-1.2409180113122176,1,0,-1.3299946337344777,-1.122954520751272,0,0,0,0,0,0,0,0,0,1,0,1,0,1,0,1,1,0,1,0,1,0,1,0,1,0,1,0,0,0,0,0,1,0,0.5016984050004499,Medium
0,0,0,-0.7931549280876836,1,1,1.0525829046520514,-0.4628493892975435,-0.7931549280876837,0,0,1.0525829046520516,1.0188747336893316,1,1,0,0,1,0,3,0,1,1,1,0,0,1,1,0,0,1,0,1,0,0,0,0,0,1,0,0,0,0,0,1,0,1,0.7612528124924673,High
0,1,1,1.6084834273893616,1,0,0.5332606417586087,1.5141124593217212,1.6084834273893618,0,1,0.5332606417586084,0.4937751802222966,1,1,1,1,0,1,5,1,1,0,0,1,0,1,0,0,0,1,0,1,0,1,0,1,0,0,0,1,0,1,1,0,0,0,0.022577463687228603,Low
1,0,0,0.5501343215859179,1,1,0.1383766207725403,0.4194885828023451,0.550134321585918,0,0,0.1383766207725401,0.1929156775473647,0,0,1,1,0,1,3,0,0,0,0,0,0,1,0,0,0,0,0,0,0,1,0,1,0,0,0,1,1,0,1,0,0,0,0.2220139439384246,Low
0,1,0,1.5677776925507676,1,1,1.4474669256381192,2.332891908777619,1.5677776925507678,0,1,1.447466925638119,1.400608706656966,1,0,1,1,1,1,5,1,1,0,0,1,0,1,1,0,0,1,0,0,0,1,0,1,0,1,0,1,0,1,1,0,0,0,0.15202169781906033,Low
0,0,0,0.143076973199978,1,1,0.7506127709568226,0.3417133108751972,0.1430769731999781,0,0,0.7506127709568222,0.6804481775319792,0,0,1,1,0,1,3,0,1,1,1,0,0,0,1,0,0,0,0,0,0,1,0,1,0,0,0,1,0,0,0,1,0,1,0.630663218559416,High
0,1,0,1.2828375486806096,1,1,1.4458077490793544,2.0103165002741337,1.2828375486806096,0,1,1.4458077490793542,1.408737688100056,1,0,1,1,1,1,5,1,1,0,0,1,0,1,1,0,0,1,0,0,0,1,0,1,0,1,0,1,1,0,0,0,1,0,0.33370452140574663,Medium
0,0,0,-1.281623746150811,1,0,0.3441145140593994,-0.97588097145394,-1.2816237461508115,1,0,0.3441145140593991,0.3428558983008297,1,0,0,0,0,0,1,0,1,1,0,0,0,0,1,0,0,1,0,0,0,0,0,0,0,0,0,0,0,0,0,0,1,1,0.7336885503553604,High
0,1,0,-0.7117434584104956,1,1,0.642766294637098,-0.4348108004335392,-0.7117434584104957,0,0,0.6427662946370977,0.7374886807965727,0,0,1,0,1,0,2,1,1,1,1,0,0,0,1,0,0,0,0,0,0,1,0,0,0,1,0,0,0,0,0,1,0,1,0.8002338540567249,High
0,1,0,0.143076973199978,1,0,-1.4909347599346818,-0.7163594787526052,0.1430769731999781,0,0,-1.490934759934682,-1.5358685731460282,0,0,0,0,0,0,0,1,0,0,0,1,0,0,0,1,1,0,1,0,1,0,1,0,1,0,1,0,1,0,0,0,1,0,0.06330725460918554,Low
0,1,1,-1.0780950719578417,0,0,-0.8090131942822701,-0.9134852384889728,-1.0780950719578417,1,0,-0.8090131942822703,-0.9492410963715084,0,1,1,1,0,0,3,1,0,0,0,0,1,0,0,0,0,0,0,1,0,1,0,1,0,0,0,0,0,1,0,0,1,0,0.19755597610095982,Low
0,1,0,-0.1011574358315858,1,1,-0.4954288246756865,-0.3617525055062043,-0.1011574358315858,0,0,-0.4954288246756866,-0.5219612195161402,0,0,1,0,0,0,1,1,0,1,0,1,0,0,0,0,0,0,0,0,0,1,0,0,0,0,0,0,0,0,0,0,1,0,0.3613451990916211,Medium
0,0,0,-1.281623746150811,1,1,-0.168571042598983,-0.982660254676927,-1.2816237461508115,1,0,-0.1685710425989831,-0.1683578934453321,0,0,0,0,1,0,1,0,0,1,1,1,0,1,0,0,0,0,0,0,0,0,0,0,0,1,0,0,0,0,0,1,0,1,0.8668761899725144,High
0,0,0,-0.7931549280876836,1,1,0.5282831120823135,-0.5663157313027422,-0.7931549280876837,0,0,0.5282831120823133,0.4187043971508953,0,0,0,0,0,1,1,0,1,1,1,1,0,0,1,0,0,0,0,0,0,0,0,0,0,0,0,1,0,0,0,1,0,1,0.802419352216334,High
0,1,1,1.1607203441648275,1,0,-1.477661347464562,-0.470769522771648,1.1607203441648275,0,1,-1.477661347464562,-1.483426827297945,0,0,0,0,0,0,0,1,0,0,0,1,0,0,0,1,1,0,1,0,1,0,1,0,1,0,1,0,1,0,0,0,1,0,0.034618959626011185,Low
0,1,1,1.6084834273893616,1,1,1.4192609241391143,2.466195872735123,1.6084834273893618,0,1,1.4192609241391143,1.4909270009080409,1,1,0,1,1,1,5,1,1,0,0,1,0,1,1,0,0,1,0,1,0,0,0,1,0,1,0,1,0,1,1,0,0,0,0.11203260537402115,Low
0,1,1,1.4049547531963915,1,0,0.3009759235315097,1.1272764664812496,1.4049547531963915,0,1,0.3009759235315096,0.2555917559045133,1,1,0,1,1,0,4,1,1,0,0,0,0,1,0,0,0,1,0,1,0,0,0,1,0,1,0,0,0,1,1,0,0,0,0.024652295157440163,Low
0,0,0,0.0616655035227901,1,1,0.4984179340245439,0.1877862846859535,0.0616655035227902,0,0,0.4984179340245439,0.5054750199470962,1,0,1,1,1,1,5,0,1,0,0,0,0,0,0,0,0,1,0,0,0,1,0,1,0,1,0,1,1,0,0,0,0,0,0.17311886313679256,Low
0,1,0,1.6084834273893616,1,0,-1.474342994347032,-0.3497516384415641,1.6084834273893618,0,1,-1.474342994347032,-1.458317937262205,0,0,0,0,0,0,0,1,0,0,0,0,0,0,0,1,1,0,1,0,1,0,1,0,1,0,1,0,0,1,1,0,0,0,0.013376643182632717,Low
0,1,0,0.5501343215859179,1,0,0.0238934382177562,0.3281328050013173,0.550134321585918,0,0,0.023893438217756,0.0431552843553701,1,1,1,1,0,0,4,1,0,0,0,1,0,0,0,0,0,1,0,1,0,1,0,1,0,0,0,0,0,1,0,0,1,0,0.023847458917909337,Low
0,0,0,-1.0373893371192475,1,1,0.3374778078243394,-0.7662936166669038,-1.0373893371192475,0,0,0.3374778078243392,0.4650461573543508,0,0,0,0,0,0,0,0,1,1,0,0,0,1,1,0,0,0,0,0,0,0,0,0,0,0,0,0,0,0,0,0,0,1,0.7672021583882255,High
1,0,0,-1.0373893371192475,1,0,0.3822755749109944,-0.787947832010231,-1.0373893371192475,0,0,0.3822755749109944,0.231773844615811,1,0,0,0,0,0,1,0,1,1,0,0,0,0,1,0,0,1,0,0,0,0,0,0,0,0,0,0,0,0,0,0,0,1,0.5666365473399714,Medium
0,1,0,1.6084834273893616,1,1,0.0952380302446506,1.0993036959009637,1.6084834273893618,0,1,0.0952380302446503,0.0593307735095721,1,1,1,1,0,0,4,1,0,0,0,1,0,1,0,0,0,1,0,1,0,1,0,1,0,0,0,0,0,1,0,0,0,0,0.03127843066713449,Low
0,1,1,-0.0197459661543978,1,1,0.7024966507526377,0.1862285853046199,-0.0197459661543979,0,0,0.7024966507526371,0.6676896618062035,0,1,0,0,1,0,2,1,1,1,1,0,0,0,1,0,0,0,0,1,0,0,0,0,0,1,0,0,0,0,0,1,0,0,0.6295971082429199,High
0,0,0,0.26519417771576,1,1,-0.367672229650782,-0.0432797700211612,0.2651941777157601,0,0,-0.3676722296507821,-0.2815791705319232,0,0,0,1,0,0,1,0,0,0,0,1,0,1,0,0,0,0,0,0,0,0,0,1,0,0,0,0,0,1,1,0,0,0,0.08583289834437678,Low
0,1,1,0.590840056424512,1,1,1.034331962505636,0.917996263684899,0.5908400564245119,0,0,1.0343319625056355,0.942915218544362,1,1,1,0,0,1,4,1,1,0,1,1,0,0,1,0,0,1,0,1,0,1,0,0,0,0,0,1,1,0,0,1,0,0,0.29108941293226426,Low
1,1,0,0.7129572609402939,1,1,0.9994892547715714,1.136183874211129,0.7129572609402941,0,1,0.999489254771571,1.0864817077314604,0,1,1,0,1,0,3,1,1,1,1,0,0,1,1,0,0,0,0,1,0,1,0,0,0,1,0,0,0,0,0,1,0,1,0.7446581534999056,High
0,1,1,1.0386031396490458,1,1,-1.5058673489635668,-0.5223929966347168,1.0386031396490456,0,1,-1.5058673489635668,-1.516134461909017,0,0,0,0,0,0,0,1,0,0,1,1,0,0,0,1,1,0,1,0,1,0,1,0,1,0,1,0,1,0,0,1,0,0,0.07505337259944082,Low
0,0,0,0.346605647392948,1,1,0.5432157011111984,0.3910989630918433,0.3466056473929479,0,0,0.5432157011111982,0.4262625529333437,1,0,0,0,0,0,1,0,1,1,0,0,0,1,1,0,0,1,0,0,0,0,0,0,0,0,0,0,0,0,1,0,0,0,0.47076890329150295,Medium
1,1,0,-1.1595065416350294,1,1,0.6079235869030333,-0.8737529345510139,-1.1595065416350294,1,0,0.6079235869030332,0.3995195629199433,0,0,0,0,1,0,1,1,1,1,1,0,0,1,1,0,0,0,0,0,0,0,0,0,0,1,0,0,0,0,0,1,0,0,0.9439965059425567,High
0,1,1,-0.0197459661543978,1,0,-0.1171365692772683,-0.1907346649781034,-0.0197459661543979,0,0,-0.1171365692772685,-0.2206270220310288,1,1,0,1,0,0,3,1,0,1,0,0,0,0,0,0,0,1,0,1,0,0,0,1,0,0,0,0,0,0,0,0,0,0,0.11454726219232912,Low
0,0,0,-1.281623746150811,1,0,-1.466047111553207,-0.9998168872995024,-1.2816237461508115,1,0,-1.466047111553207,-1.462109301683192,0,0,0,0,0,0,0,0,0,1,0,1,0,0,0,1,1,0,1,0,1,0,1,0,1,0,1,0,0,0,1,0,0,0,0.42080408604654196,Medium
0,0,0,-0.5489205190561197,1,0,-1.5025489958460367,-0.851769627789095,-0.5489205190561197,0,0,-1.502548995846037,-1.5249770171730113,0,0,0,0,0,0,0,0,0,0,0,1,0,0,0,1,1,0,1,0,1,0,1,0,1,0,1,0,0,1,0,0,1,0,0.043375693272199325,Low
1,1,0,1.2014260790034217,1,1,1.3246878602895098,1.761106538688669,1.201426079003422,0,1,1.3246878602895091,1.2203888743611846,1,0,1,0,1,1,4,1,1,0,1,0,0,1,1,0,0,1,0,0,0,1,0,0,0,1,0,1,1,0,0,1,0,0,0.5277220102308852,Medium
0,0,0,-1.281623746150811,1,0,0.3042942766490395,-0.9764075177236866,-1.2816237461508115,1,0,0.3042942766490393,0.3031499727283122,0,0,1,1,1,1,4,0,1,0,0,0,0,0,0,0,0,0,0,0,0,1,0,1,0,1,0,1,1,0,1,0,0,0,0.5120483788607664,Medium
0,0,0,-0.8338606629262776,1,1,-0.1088406864834433,-0.6957364165208649,-0.8338606629262776,0,0,-0.1088406864834436,-0.1806281273896171,1,0,1,1,0,0,3,0,0,1,0,0,0,1,0,0,0,1,0,0,0,1,0,1,0,0,0,0,0,0,0,0,1,1,0.393861302473956,Medium
0,1,0,0.631545791263106,0,1,-0.6513914211995958,-0.0677202927085638,0.631545791263106,0,1,-0.6513914211995961,-0.6700588071897451,1,0,1,0,0,1,3,1,0,1,0,0,1,0,0,0,0,1,0,0,0,1,0,0,0,0,0,1,0,0,0,0,0,1,0.39437443118668336,Medium
0,0,1,-1.2002122764736234,1,1,-0.0142676226338387,-0.9310806596696704,-1.2002122764736236,1,0,-0.0142676226338389,-0.1920711545511411,1,0,0,1,0,1,3,1,0,1,0,0,0,0,0,0,0,1,0,0,0,0,0,1,0,0,0,1,0,0,0,0,0,0,0.5543931249706112,Medium
0,1,0,0.305899912554354,1,1,0.4619160497317138,0.3631042530836512,0.3058999125543541,0,0,0.4619160497317136,0.4378605973009054,0,0,0,1,0,0,1,1,1,1,0,0,0,1,1,0,0,0,0,0,0,0,0,1,0,0,0,0,0,0,1,0,0,0,0.5163948347549563,Medium
0,0,0,-0.5489205190561197,0,1,-1.3200395743818876,-0.8034151286840362,-0.5489205190561197,0,0,-1.3200395743818878,-1.33306504357251,0,0,0,0,0,0,0,0,0,1,0,1,1,0,0,0,0,0,0,0,0,0,0,0,0,0,0,0,0,0,0,0,0,0,0.5297017297010427,Medium
0,0,0,-1.281623746150811,1,1,0.1765376816241353,-0.9780968536724568,-1.2816237461508115,1,0,0.1765376816241351,0.1757601281831522,0,0,0,0,0,0,0,0,0,1,1,0,0,0,1,0,0,0,0,0,0,0,0,0,0,0,0,0,0,0,0,1,0,1,0.897069729997625,High
0,1,1,1.4049547531963915,1,1,-1.3283354571757129,-0.2716472750958246,1.4049547531963915,0,1,-1.3283354571757129,-1.3188914109365493,0,0,0,0,0,0,0,1,0,0,0,0,0,1,0,1,1,0,1,0,1,0,1,0,1,0,1,0,0,1,0,0,1,0,0.024151680074390783,Low
0,1,1,-0.6710377235719016,1,0,1.1869762059120157,-0.3407784124279664,-0.6710377235719017,0,0,1.1869762059120157,1.0002784888999596,1,0,1,0,1,1,4,1,1,1,0,0,0,0,1,0,0,1,0,0,0,1,0,0,0,1,0,1,0,0,0,0,0,0,0.581416332753376,Medium
0,0,0,-1.281623746150811,1,1,-1.5058673489635668,-1.0003434335692487,-1.2816237461508115,1,0,-1.5058673489635668,-1.5018152272557093,0,0,0,0,0,0,0,0,0,1,0,0,0,0,0,1,1,0,1,0,1,0,1,0,1,0,1,0,0,0,0,0,1,0,0.5014750410553463,Medium
0,0,1,-0.4675090493789317,0,0,-0.390900701473492,-0.4897471279104302,-0.4675090493789317,0,0,-0.3909007014734922,-0.2844031878269158,1,1,1,1,1,0,5,1,0,0,0,0,1,0,0,0,0,1,0,1,0,1,0,1,0,1,0,0,0,1,0,0,1,0,0.07242718239931478,Low
1,1,1,-0.1418631706701798,0,1,-0.9716124970412392,-0.5590976595216332,-0.1418631706701799,0,0,-0.9716124970412396,-0.9790205405508964,0,1,1,0,0,0,2,1,0,1,0,0,1,0,0,0,0,0,0,1,0,1,0,0,0,0,0,0,0,0,0,0,1,0,0.413951348596273,Medium
1,1,1,-0.5082147842175256,1,0,0.9746016063900964,-0.2110725146470643,-0.5082147842175256,0,0,0.974601606390096,0.8595292548132126,1,0,1,1,0,1,4,1,1,0,0,1,0,0,1,0,0,1,0,0,0,1,0,1,0,0,0,1,1,0,1,0,0,0,0.2967040299810003,Low
0,1,0,-0.7931549280876836,1,0,0.9679649001550364,-0.4755303786272732,-0.7931549280876837,0,0,0.967964900155036,0.9453169613146036,0,1,1,0,1,0,3,1,1,1,1,0,0,1,1,0,0,0,0,1,0,1,0,0,0,1,0,0,0,0,0,1,0,1,0.7788663054186348,High
0,1,1,-0.9559778674420596,0,1,-1.1607586247404482,-0.8996853383360319,-0.9559778674420596,0,0,-1.1607586247404489,-1.233432582182212,0,1,0,0,0,0,1,1,0,1,1,1,1,0,0,0,0,0,0,1,0,0,0,0,0,0,0,0,0,0,0,1,0,1,0.611216414953897,High
0,1,0,0.7536629957788878,1,1,0.6079235869030333,0.7854821191320152,0.753662995778888,0,1,0.6079235869030332,0.5045018354967893,1,1,1,1,1,1,6,1,1,0,0,1,0,0,0,0,0,1,0,1,0,1,0,1,0,1,0,1,0,1,1,0,0,0,0.06667464989684195,Low
0,1,1,1.1200146093262338,1,1,0.4685527559667738,1.0373248120662126,1.1200146093262338,0,1,0.4685527559667735,0.4230398091097745,1,1,0,1,1,1,5,1,1,1,0,1,0,0,0,0,0,1,0,1,0,0,0,1,0,1,0,1,0,0,1,0,0,0,0.1787288181844936,Low
1,0,0,-0.5082147842175256,1,1,0.4718711090843041,-0.3415682318325863,-0.5082147842175256,0,0,0.4718711090843039,0.367506660427101,1,0,0,0,0,0,1,0,1,1,1,0,0,1,1,0,0,1,0,0,0,0,0,0,0,0,0,0,0,0,0,1,0,1,0.7323086326428717,High
0,0,0,-0.9559778674420596,0,1,-1.003136851657774,-0.8789964578205733,-0.9559778674420596,0,0,-1.003136851657774,-1.0600868052614527,0,0,0,0,1,0,1,0,0,1,0,1,1,0,0,0,0,0,0,0,0,0,0,0,0,1,0,0,0,0,1,0,0,1,0.6686114226651564,High
1,1,0,-0.9966836022806536,1,1,0.5216464058472539,-0.7310369560217905,-0.9966836022806536,0,0,0.5216464058472537,0.4706593462373701,0,1,0,0,0,0,1,1,1,1,0,0,0,1,1,0,0,0,0,1,0,0,0,0,0,0,0,0,0,0,1,0,0,1,0.7668028202251187,High
0,1,0,1.2421318138420157,1,0,0.4934404043482487,1.199961791134181,1.242131813842016,0,1,0.4934404043482484,0.4952457700583155,0,0,1,1,1,1,4,1,1,0,0,1,0,1,0,0,0,0,0,0,0,1,0,1,0,1,0,1,0,1,1,0,0,0,0.07614126385443341,Low
0,1,1,-0.9152721326034656,1,1,0.0321893210115811,-0.7192993620920235,-0.9152721326034656,0,0,0.032189321011581,0.0353004164703716,0,1,1,0,0,1,3,1,0,0,0,0,0,0,0,0,0,0,0,1,0,1,0,0,0,0,0,1,1,0,0,0,1,0,0.30293143603386363,Medium
0,0,0,-1.2002122764736234,1,1,0.1665826222715454,-0.9121908122425126,-1.2002122764736236,1,0,0.1665826222715454,0.2827455387535464,0,0,1,0,1,1,3,0,0,0,1,0,0,0,0,0,0,0,0,0,0,1,0,0,0,1,0,1,1,0,0,1,0,0,0.7455391435563007,High
0,1,1,0.46872285190873,1,0,-1.4710246412295018,-0.6026035450594425,0.4687228519087299,0,0,-1.4710246412295018,-1.4523332215232916,0,0,0,0,0,0,0,1,0,0,0,1,0,0,0,1,1,0,1,0,1,0,1,0,1,0,1,0,1,0,0,0,0,0,0.04188106908922222,Low
0,1,1,-0.9966836022806536,1,1,-0.4522902341477968,-0.8283163793574672,-0.9966836022806536,0,0,-0.4522902341477971,-0.4462993724529541,1,0,0,0,0,0,1,1,0,1,0,1,0,0,0,0,0,1,0,0,0,0,0,0,0,0,0,0,0,0,1,0,0,0,0.3640204711785141,Medium
0,1,1,1.1607203441648275,1,1,1.3628489211411048,1.8641340921357457,1.1607203441648275,0,1,1.3628489211411046,1.4029824138599565,1,1,0,0,1,1,4,1,1,0,1,1,0,1,1,0,0,1,0,1,0,0,0,0,0,1,0,1,1,0,0,1,0,1,0.4163308709484604,Medium
0,1,1,0.428017117070136,1,1,1.1405192622665956,0.838356140385732,0.428017117070136,0,0,1.1405192622665954,1.090843203586984,0,0,1,0,1,1,3,1,1,1,0,0,0,1,1,0,0,0,0,0,0,1,0,0,0,1,0,1,0,0,0,0,0,0,0.665301920503713,High
0,1,0,0.428017117070136,1,1,-0.2847134017125324,0.0402875108731989,0.428017117070136,0,0,-0.2847134017125325,-0.3087137233760912,0,0,0,0,1,0,1,1,0,0,0,1,0,0,0,0,0,0,0,0,0,0,0,0,0,1,0,0,1,0,0,0,1,0,0.20058922541479798,Low
0,0,0,-1.1188008067964357,1,1,-0.4755187059705065,-0.8992465497779097,-1.1188008067964357,1,0,-0.4755187059705066,-0.4946082485661839,0,0,0,0,0,0,0,0,0,1,0,0,0,1,0,0,0,0,0,0,0,0,0,0,0,0,0,0,0,0,0,0,1,1,0.7398223888949026,High
0,1,1,-0.1418631706701798,1,0,0.1367174442137754,-0.1495762982262475,-0.1418631706701799,0,0,0.1367174442137751,0.0858513082086015,1,0,0,1,1,0,3,1,0,0,0,1,0,1,0,0,0,1,0,0,0,0,0,1,0,1,0,0,1,0,0,0,0,0,0.1355355007560795,Low
1,1,0,0.8757802002946699,1,1,1.1322233794727707,1.3147708173668369,0.8757802002946699,0,1,1.1322233794727703,1.0962268163781472,0,0,1,0,1,1,3,1,1,1,0,1,0,1,1,0,0,0,0,0,0,1,0,0,0,1,0,1,0,0,1,0,0,0,0.7487569039145451,High
0,1,0,0.7129572609402939,1,1,1.1056765545325309,1.123020217467465,0.7129572609402941,0,1,1.1056765545325309,1.0666287449452014,0,1,0,0,1,1,3,1,1,0,1,1,0,1,1,0,0,0,0,1,0,0,0,0,0,1,0,1,1,0,0,1,0,0,0.6321641234661596,High
0,0,0,1.4456604880349857,1,1,0.7705228896620027,1.6889477603054843,1.445660488034986,0,1,0.7705228896620029,0.8430970353697826,1,1,1,1,1,1,6,0,1,0,1,0,0,1,0,0,0,1,0,1,0,1,0,1,0,1,0,1,0,1,0,1,0,0,0.0807100568518215,Low
1,1,1,-1.281623746150811,1,1,0.1433541504488354,-0.9785356422305788,-1.2816237461508115,1,0,0.1433541504488353,0.142671856872721,0,0,0,0,0,0,0,1,0,1,1,0,0,0,1,0,0,0,0,0,0,0,0,0,0,0,0,0,0,0,0,1,0,1,0.8969872970103826,High
0,1,1,1.6084834273893616,1,1,1.4391710428442943,2.3608208005020925,1.6084834273893618,0,1,1.439171042844294,1.38056382930804,1,1,1,1,1,1,6,1,1,0,0,0,0,0,1,0,0,1,0,1,0,1,0,1,0,1,0,1,0,1,0,0,0,0,0.07901725109064944,Low
0,0,0,0.9164859351332638,1,1,0.2711107454737397,0.8098129446798873,0.9164859351332636,0,1,0.2711107454737395,0.3449013550727473,0,0,0,0,0,0,0,0,1,1,1,0,0,1,1,0,0,0,0,0,0,0,0,0,0,0,0,0,0,0,0,1,0,0,0.6437884940709824,High
0,0,0,-1.2002122764736234,1,1,0.1781968581829002,-0.9122127516704188,-1.2002122764736236,1,0,0.1781968581828999,0.2821940675650393,0,0,0,0,0,0,0,0,0,1,0,1,0,0,1,0,0,0,0,0,0,0,0,0,0,0,0,0,0,0,0,0,1,0,0.8562506319136208,High
0,0,0,-1.281623746150811,1,0,-1.5224591145512167,-1.00056282784831,-1.2816237461508115,1,0,-1.5224591145512167,-1.5183593629109249,0,0,0,0,0,0,0,0,0,1,0,1,0,0,0,1,1,0,1,0,1,0,1,0,1,0,1,0,0,0,0,0,1,0,0.4265584903045908,Medium
0,1,1,-1.0373893371192475,1,0,-1.4959122896109769,-0.9456703792272312,-1.0373893371192475,0,0,-1.4959122896109769,-1.467308887174831,0,0,0,0,0,0,0,1,0,0,0,0,0,0,0,1,1,0,1,0,1,0,1,0,1,0,1,0,0,1,0,0,1,0,0.04906239784810661,Low
1,0,0,-0.9559778674420596,1,1,0.6460846477546283,-0.687509131056075,-0.9559778674420596,0,0,0.6460846477546281,0.5443267058354552,0,0,0,0,0,1,1,0,1,1,0,1,0,1,1,0,0,0,0,0,0,0,0,0,0,0,0,1,0,0,1,0,0,1,0.8373214538790187,High
0,0,0,0.183782708038572,0,0,-0.9666349673649444,-0.4310810976895011,0.1837827080385721,0,0,-0.9666349673649444,-0.9710167560041838,0,0,0,0,1,0,1,0,0,0,0,1,1,0,0,0,0,0,0,0,0,0,0,0,0,1,0,0,0,1,1,0,0,0,0.11858962315870748,Low
0,1,1,1.2014260790034217,1,0,0.7024966507526377,1.2794702778659113,1.201426079003422,0,1,0.7024966507526371,0.6345930517177201,1,1,1,1,1,1,6,1,1,0,1,1,0,0,0,0,0,1,0,1,0,1,0,1,0,1,0,1,0,1,0,1,0,0,0.040919181364510254,Low
0,1,1,0.9571916699718578,1,1,-0.1204549223947983,0.4596157964426142,0.957191669971858,0,1,-0.1204549223947986,-0.171194030986226,1,1,1,0,0,0,3,1,0,0,0,0,0,0,0,0,0,1,0,1,0,1,0,0,0,0,0,0,0,1,1,0,0,0,0.03435270134557686,Low
0,1,1,-0.2232746403473677,1,0,-1.3416088696458326,-0.6745868080193782,-0.2232746403473678,0,0,-1.3416088696458326,-1.2149276600789705,0,0,0,0,0,0,0,1,0,0,1,0,0,1,0,1,1,0,1,0,1,0,1,0,1,0,1,0,0,1,0,1,0,0,0.05691970152284572,Low
0,1,1,0.6722515261016999,1,1,0.7389985350454678,0.897614535160126,0.6722515261016998,0,1,0.7389985350454678,0.7853608817646168,1,1,1,1,1,1,6,1,1,0,0,0,0,0,0,0,0,1,0,1,0,1,0,1,0,1,0,1,1,0,0,0,1,0,0.11658007341817685,Low
0,1,1,-0.1825689055087738,1,1,-1.480979700582092,-0.7948148729448423,-0.1825689055087737,0,0,-1.480979700582092,-1.5720687175916068,0,0,0,0,0,0,0,1,0,0,0,1,0,0,0,1,1,0,1,0,1,0,1,0,1,0,1,0,0,1,1,0,0,0,0.03949635163918657,Low
0,0,0,-1.1188008067964357,1,0,-1.469365464670737,-0.9678730802682112,-1.1188008067964357,1,0,-1.4693654646707373,-1.5296093751564714,0,0,0,0,0,0,0,0,0,1,0,1,0,0,0,1,1,0,1,0,1,0,1,0,1,0,1,0,0,0,0,0,0,0,0.39050981046117755,Medium
0,0,0,0.9571916699718578,1,0,-1.5008898192872715,-0.5473600655918661,0.957191669971858,0,1,-1.500889819287272,-1.52716320652745,0,0,0,0,0,0,0,0,0,0,0,0,0,0,0,1,1,0,1,0,1,0,1,0,1,0,1,0,0,1,0,0,0,0,0.02001311692413285,Low
0,1,1,1.6084834273893616,1,1,0.1831743878591953,1.2577283048109595,1.6084834273893618,0,1,0.1831743878591953,0.2252546673516723,1,1,1,1,0,0,4,1,1,0,0,0,0,1,0,0,0,1,0,1,0,1,0,1,0,0,0,0,0,1,0,0,0,0,0.022406786638950158,Low
